[
{
    "model": "admin.logentry",
    "pk": 1,
    "fields": {
        "action_time": "2026-06-10T04:42:35.672Z",
        "user": 1,
        "content_type": 14,
        "object_id": "2",
        "object_repr": "innocent philbert <innocent@rsl.ac.tz>",
        "action_flag": 1,
        "change_message": "[{\"added\": {}}]"
    }
},
{
    "model": "admin.logentry",
    "pk": 2,
    "fields": {
        "action_time": "2026-06-10T05:27:44.669Z",
        "user": 1,
        "content_type": 16,
        "object_id": "1",
        "object_repr": "Wire",
        "action_flag": 1,
        "change_message": "[{\"added\": {}}]"
    }
},
{
    "model": "admin.logentry",
    "pk": 3,
    "fields": {
        "action_time": "2026-06-11T14:50:03.555Z",
        "user": 1,
        "content_type": 13,
        "object_id": "16",
        "object_repr": "innocent philbert (Procurement)",
        "action_flag": 1,
        "change_message": "[{\"added\": {}}]"
    }
},
{
    "model": "admin.logentry",
    "pk": 4,
    "fields": {
        "action_time": "2026-06-11T14:50:39.900Z",
        "user": 1,
        "content_type": 13,
        "object_id": "17",
        "object_repr": "Assistance (Procurement)",
        "action_flag": 1,
        "change_message": "[{\"added\": {}}]"
    }
},
{
    "model": "admin.logentry",
    "pk": 5,
    "fields": {
        "action_time": "2026-06-11T14:50:54.166Z",
        "user": 1,
        "content_type": 14,
        "object_id": "2",
        "object_repr": "innocent philbert <innocent@rsl.ac.tz>",
        "action_flag": 2,
        "change_message": "[{\"changed\": {\"fields\": [\"Role\"]}}]"
    }
},
{
    "model": "admin.logentry",
    "pk": 6,
    "fields": {
        "action_time": "2026-06-11T14:53:03.404Z",
        "user": 1,
        "content_type": 14,
        "object_id": "2",
        "object_repr": "innocent philbert <innocent@rsl.ac.tz>",
        "action_flag": 2,
        "change_message": "[{\"changed\": {\"fields\": [\"Role\"]}}]"
    }
},
{
    "model": "admin.logentry",
    "pk": 7,
    "fields": {
        "action_time": "2026-06-11T14:56:01.357Z",
        "user": 1,
        "content_type": 14,
        "object_id": "3",
        "object_repr": "James Mollel <driver@rocksolutions.co.tz>",
        "action_flag": 2,
        "change_message": "[{\"changed\": {\"fields\": [\"password\"]}}]"
    }
},
{
    "model": "admin.logentry",
    "pk": 8,
    "fields": {
        "action_time": "2026-06-12T13:51:30.998Z",
        "user": 1,
        "content_type": 14,
        "object_id": "2",
        "object_repr": "innocent philbert <innocent@rsl.ac.tz>",
        "action_flag": 2,
        "change_message": "[{\"changed\": {\"fields\": [\"User permissions\"]}}]"
    }
},
{
    "model": "admin.logentry",
    "pk": 9,
    "fields": {
        "action_time": "2026-06-12T14:03:11.591Z",
        "user": 1,
        "content_type": 14,
        "object_id": "5",
        "object_repr": "naomi naomi <naomi@rsl.co.tz>",
        "action_flag": 1,
        "change_message": "[{\"added\": {}}]"
    }
},
{
    "model": "admin.logentry",
    "pk": 10,
    "fields": {
        "action_time": "2026-06-12T15:02:35.510Z",
        "user": 1,
        "content_type": 14,
        "object_id": "5",
        "object_repr": "naomi naomi <naomi@rsl.co.tz>",
        "action_flag": 2,
        "change_message": "[]"
    }
},
{
    "model": "admin.logentry",
    "pk": 11,
    "fields": {
        "action_time": "2026-06-12T15:05:02.410Z",
        "user": 1,
        "content_type": 14,
        "object_id": "6",
        "object_repr": "naomi logistic <naomilogistic@rsl.co.tz>",
        "action_flag": 1,
        "change_message": "[{\"added\": {}}]"
    }
},
{
    "model": "admin.logentry",
    "pk": 12,
    "fields": {
        "action_time": "2026-06-13T08:37:58.197Z",
        "user": 1,
        "content_type": 14,
        "object_id": "7",
        "object_repr": "innocent philbert <hr@rocksolutions.co.tz>",
        "action_flag": 1,
        "change_message": "[{\"added\": {}}]"
    }
},
{
    "model": "admin.logentry",
    "pk": 13,
    "fields": {
        "action_time": "2026-06-13T08:39:21.604Z",
        "user": 1,
        "content_type": 14,
        "object_id": "7",
        "object_repr": "innocent philbert <hr@rocksolutions.co.tz>",
        "action_flag": 2,
        "change_message": "[]"
    }
},
{
    "model": "admin.logentry",
    "pk": 14,
    "fields": {
        "action_time": "2026-06-13T12:27:26.447Z",
        "user": 1,
        "content_type": 14,
        "object_id": "10",
        "object_repr": "Joseph Joseph <finance@rsl.co.tz>",
        "action_flag": 1,
        "change_message": "[{\"added\": {}}]"
    }
},
{
    "model": "admin.logentry",
    "pk": 15,
    "fields": {
        "action_time": "2026-06-13T13:46:04.760Z",
        "user": 1,
        "content_type": 134,
        "object_id": "2",
        "object_repr": "Naomi Mollel — HOD Logistics @ Logistics",
        "action_flag": 2,
        "change_message": "[{\"changed\": {\"fields\": [\"Is primary\"]}}]"
    }
},
{
    "model": "admin.logentry",
    "pk": 16,
    "fields": {
        "action_time": "2026-06-13T13:46:15.361Z",
        "user": 1,
        "content_type": 134,
        "object_id": "11",
        "object_repr": "Naomi Mollel — HOD Sales @ Sales",
        "action_flag": 2,
        "change_message": "[{\"changed\": {\"fields\": [\"Is primary\"]}}]"
    }
},
{
    "model": "admin.logentry",
    "pk": 17,
    "fields": {
        "action_time": "2026-06-13T15:44:23.584Z",
        "user": 1,
        "content_type": 14,
        "object_id": "12",
        "object_repr": "innocent Paschalio <safety@rsl.co.tz>",
        "action_flag": 1,
        "change_message": "[{\"added\": {}}]"
    }
},
{
    "model": "admin.logentry",
    "pk": 18,
    "fields": {
        "action_time": "2026-06-13T15:44:26.701Z",
        "user": 1,
        "content_type": 14,
        "object_id": "12",
        "object_repr": "innocent Paschalio <safety@rsl.co.tz>",
        "action_flag": 2,
        "change_message": "[]"
    }
},
{
    "model": "admin.logentry",
    "pk": 19,
    "fields": {
        "action_time": "2026-06-14T08:24:14.339Z",
        "user": 1,
        "content_type": 14,
        "object_id": "4",
        "object_repr": "Joseph Macha <operator@rocksolutions.co.tz>",
        "action_flag": 2,
        "change_message": "[{\"changed\": {\"fields\": [\"password\"]}}]"
    }
},
{
    "model": "admin.logentry",
    "pk": 20,
    "fields": {
        "action_time": "2026-06-14T08:34:43.810Z",
        "user": 1,
        "content_type": 14,
        "object_id": "13",
        "object_repr": "Production Manager <production@rsl.co.tz>",
        "action_flag": 1,
        "change_message": "[{\"added\": {}}]"
    }
},
{
    "model": "auth.permission",
    "pk": 1,
    "fields": {
        "name": "Can add log entry",
        "content_type": 1,
        "codename": "add_logentry"
    }
},
{
    "model": "auth.permission",
    "pk": 2,
    "fields": {
        "name": "Can change log entry",
        "content_type": 1,
        "codename": "change_logentry"
    }
},
{
    "model": "auth.permission",
    "pk": 3,
    "fields": {
        "name": "Can delete log entry",
        "content_type": 1,
        "codename": "delete_logentry"
    }
},
{
    "model": "auth.permission",
    "pk": 4,
    "fields": {
        "name": "Can view log entry",
        "content_type": 1,
        "codename": "view_logentry"
    }
},
{
    "model": "auth.permission",
    "pk": 5,
    "fields": {
        "name": "Can add permission",
        "content_type": 3,
        "codename": "add_permission"
    }
},
{
    "model": "auth.permission",
    "pk": 6,
    "fields": {
        "name": "Can change permission",
        "content_type": 3,
        "codename": "change_permission"
    }
},
{
    "model": "auth.permission",
    "pk": 7,
    "fields": {
        "name": "Can delete permission",
        "content_type": 3,
        "codename": "delete_permission"
    }
},
{
    "model": "auth.permission",
    "pk": 8,
    "fields": {
        "name": "Can view permission",
        "content_type": 3,
        "codename": "view_permission"
    }
},
{
    "model": "auth.permission",
    "pk": 9,
    "fields": {
        "name": "Can add group",
        "content_type": 2,
        "codename": "add_group"
    }
},
{
    "model": "auth.permission",
    "pk": 10,
    "fields": {
        "name": "Can change group",
        "content_type": 2,
        "codename": "change_group"
    }
},
{
    "model": "auth.permission",
    "pk": 11,
    "fields": {
        "name": "Can delete group",
        "content_type": 2,
        "codename": "delete_group"
    }
},
{
    "model": "auth.permission",
    "pk": 12,
    "fields": {
        "name": "Can view group",
        "content_type": 2,
        "codename": "view_group"
    }
},
{
    "model": "auth.permission",
    "pk": 13,
    "fields": {
        "name": "Can add content type",
        "content_type": 4,
        "codename": "add_contenttype"
    }
},
{
    "model": "auth.permission",
    "pk": 14,
    "fields": {
        "name": "Can change content type",
        "content_type": 4,
        "codename": "change_contenttype"
    }
},
{
    "model": "auth.permission",
    "pk": 15,
    "fields": {
        "name": "Can delete content type",
        "content_type": 4,
        "codename": "delete_contenttype"
    }
},
{
    "model": "auth.permission",
    "pk": 16,
    "fields": {
        "name": "Can view content type",
        "content_type": 4,
        "codename": "view_contenttype"
    }
},
{
    "model": "auth.permission",
    "pk": 17,
    "fields": {
        "name": "Can add session",
        "content_type": 5,
        "codename": "add_session"
    }
},
{
    "model": "auth.permission",
    "pk": 18,
    "fields": {
        "name": "Can change session",
        "content_type": 5,
        "codename": "change_session"
    }
},
{
    "model": "auth.permission",
    "pk": 19,
    "fields": {
        "name": "Can delete session",
        "content_type": 5,
        "codename": "delete_session"
    }
},
{
    "model": "auth.permission",
    "pk": 20,
    "fields": {
        "name": "Can view session",
        "content_type": 5,
        "codename": "view_session"
    }
},
{
    "model": "auth.permission",
    "pk": 21,
    "fields": {
        "name": "Can add Blacklisted Token",
        "content_type": 6,
        "codename": "add_blacklistedtoken"
    }
},
{
    "model": "auth.permission",
    "pk": 22,
    "fields": {
        "name": "Can change Blacklisted Token",
        "content_type": 6,
        "codename": "change_blacklistedtoken"
    }
},
{
    "model": "auth.permission",
    "pk": 23,
    "fields": {
        "name": "Can delete Blacklisted Token",
        "content_type": 6,
        "codename": "delete_blacklistedtoken"
    }
},
{
    "model": "auth.permission",
    "pk": 24,
    "fields": {
        "name": "Can view Blacklisted Token",
        "content_type": 6,
        "codename": "view_blacklistedtoken"
    }
},
{
    "model": "auth.permission",
    "pk": 25,
    "fields": {
        "name": "Can add Outstanding Token",
        "content_type": 7,
        "codename": "add_outstandingtoken"
    }
},
{
    "model": "auth.permission",
    "pk": 26,
    "fields": {
        "name": "Can change Outstanding Token",
        "content_type": 7,
        "codename": "change_outstandingtoken"
    }
},
{
    "model": "auth.permission",
    "pk": 27,
    "fields": {
        "name": "Can delete Outstanding Token",
        "content_type": 7,
        "codename": "delete_outstandingtoken"
    }
},
{
    "model": "auth.permission",
    "pk": 28,
    "fields": {
        "name": "Can view Outstanding Token",
        "content_type": 7,
        "codename": "view_outstandingtoken"
    }
},
{
    "model": "auth.permission",
    "pk": 29,
    "fields": {
        "name": "Can add audit log",
        "content_type": 8,
        "codename": "add_auditlog"
    }
},
{
    "model": "auth.permission",
    "pk": 30,
    "fields": {
        "name": "Can change audit log",
        "content_type": 8,
        "codename": "change_auditlog"
    }
},
{
    "model": "auth.permission",
    "pk": 31,
    "fields": {
        "name": "Can delete audit log",
        "content_type": 8,
        "codename": "delete_auditlog"
    }
},
{
    "model": "auth.permission",
    "pk": 32,
    "fields": {
        "name": "Can view audit log",
        "content_type": 8,
        "codename": "view_auditlog"
    }
},
{
    "model": "auth.permission",
    "pk": 33,
    "fields": {
        "name": "Can add currency",
        "content_type": 9,
        "codename": "add_currency"
    }
},
{
    "model": "auth.permission",
    "pk": 34,
    "fields": {
        "name": "Can change currency",
        "content_type": 9,
        "codename": "change_currency"
    }
},
{
    "model": "auth.permission",
    "pk": 35,
    "fields": {
        "name": "Can delete currency",
        "content_type": 9,
        "codename": "delete_currency"
    }
},
{
    "model": "auth.permission",
    "pk": 36,
    "fields": {
        "name": "Can view currency",
        "content_type": 9,
        "codename": "view_currency"
    }
},
{
    "model": "auth.permission",
    "pk": 37,
    "fields": {
        "name": "Can add user",
        "content_type": 14,
        "codename": "add_user"
    }
},
{
    "model": "auth.permission",
    "pk": 38,
    "fields": {
        "name": "Can change user",
        "content_type": 14,
        "codename": "change_user"
    }
},
{
    "model": "auth.permission",
    "pk": 39,
    "fields": {
        "name": "Can delete user",
        "content_type": 14,
        "codename": "delete_user"
    }
},
{
    "model": "auth.permission",
    "pk": 40,
    "fields": {
        "name": "Can view user",
        "content_type": 14,
        "codename": "view_user"
    }
},
{
    "model": "auth.permission",
    "pk": 41,
    "fields": {
        "name": "Can add department",
        "content_type": 11,
        "codename": "add_department"
    }
},
{
    "model": "auth.permission",
    "pk": 42,
    "fields": {
        "name": "Can change department",
        "content_type": 11,
        "codename": "change_department"
    }
},
{
    "model": "auth.permission",
    "pk": 43,
    "fields": {
        "name": "Can delete department",
        "content_type": 11,
        "codename": "delete_department"
    }
},
{
    "model": "auth.permission",
    "pk": 44,
    "fields": {
        "name": "Can view department",
        "content_type": 11,
        "codename": "view_department"
    }
},
{
    "model": "auth.permission",
    "pk": 45,
    "fields": {
        "name": "Can add role",
        "content_type": 13,
        "codename": "add_role"
    }
},
{
    "model": "auth.permission",
    "pk": 46,
    "fields": {
        "name": "Can change role",
        "content_type": 13,
        "codename": "change_role"
    }
},
{
    "model": "auth.permission",
    "pk": 47,
    "fields": {
        "name": "Can delete role",
        "content_type": 13,
        "codename": "delete_role"
    }
},
{
    "model": "auth.permission",
    "pk": 48,
    "fields": {
        "name": "Can view role",
        "content_type": 13,
        "codename": "view_role"
    }
},
{
    "model": "auth.permission",
    "pk": 49,
    "fields": {
        "name": "Can add approval threshold",
        "content_type": 10,
        "codename": "add_approvalthreshold"
    }
},
{
    "model": "auth.permission",
    "pk": 50,
    "fields": {
        "name": "Can change approval threshold",
        "content_type": 10,
        "codename": "change_approvalthreshold"
    }
},
{
    "model": "auth.permission",
    "pk": 51,
    "fields": {
        "name": "Can delete approval threshold",
        "content_type": 10,
        "codename": "delete_approvalthreshold"
    }
},
{
    "model": "auth.permission",
    "pk": 52,
    "fields": {
        "name": "Can view approval threshold",
        "content_type": 10,
        "codename": "view_approvalthreshold"
    }
},
{
    "model": "auth.permission",
    "pk": 53,
    "fields": {
        "name": "Can add permission",
        "content_type": 12,
        "codename": "add_permission"
    }
},
{
    "model": "auth.permission",
    "pk": 54,
    "fields": {
        "name": "Can change permission",
        "content_type": 12,
        "codename": "change_permission"
    }
},
{
    "model": "auth.permission",
    "pk": 55,
    "fields": {
        "name": "Can delete permission",
        "content_type": 12,
        "codename": "delete_permission"
    }
},
{
    "model": "auth.permission",
    "pk": 56,
    "fields": {
        "name": "Can view permission",
        "content_type": 12,
        "codename": "view_permission"
    }
},
{
    "model": "auth.permission",
    "pk": 57,
    "fields": {
        "name": "Can add stock alert",
        "content_type": 20,
        "codename": "add_stockalert"
    }
},
{
    "model": "auth.permission",
    "pk": 58,
    "fields": {
        "name": "Can change stock alert",
        "content_type": 20,
        "codename": "change_stockalert"
    }
},
{
    "model": "auth.permission",
    "pk": 59,
    "fields": {
        "name": "Can delete stock alert",
        "content_type": 20,
        "codename": "delete_stockalert"
    }
},
{
    "model": "auth.permission",
    "pk": 60,
    "fields": {
        "name": "Can view stock alert",
        "content_type": 20,
        "codename": "view_stockalert"
    }
},
{
    "model": "auth.permission",
    "pk": 61,
    "fields": {
        "name": "Can add item serial number",
        "content_type": 17,
        "codename": "add_itemserialnumber"
    }
},
{
    "model": "auth.permission",
    "pk": 62,
    "fields": {
        "name": "Can change item serial number",
        "content_type": 17,
        "codename": "change_itemserialnumber"
    }
},
{
    "model": "auth.permission",
    "pk": 63,
    "fields": {
        "name": "Can delete item serial number",
        "content_type": 17,
        "codename": "delete_itemserialnumber"
    }
},
{
    "model": "auth.permission",
    "pk": 64,
    "fields": {
        "name": "Can view item serial number",
        "content_type": 17,
        "codename": "view_itemserialnumber"
    }
},
{
    "model": "auth.permission",
    "pk": 65,
    "fields": {
        "name": "Can add stock",
        "content_type": 18,
        "codename": "add_stock"
    }
},
{
    "model": "auth.permission",
    "pk": 66,
    "fields": {
        "name": "Can change stock",
        "content_type": 18,
        "codename": "change_stock"
    }
},
{
    "model": "auth.permission",
    "pk": 67,
    "fields": {
        "name": "Can delete stock",
        "content_type": 18,
        "codename": "delete_stock"
    }
},
{
    "model": "auth.permission",
    "pk": 68,
    "fields": {
        "name": "Can view stock",
        "content_type": 18,
        "codename": "view_stock"
    }
},
{
    "model": "auth.permission",
    "pk": 69,
    "fields": {
        "name": "Can add item category",
        "content_type": 16,
        "codename": "add_itemcategory"
    }
},
{
    "model": "auth.permission",
    "pk": 70,
    "fields": {
        "name": "Can change item category",
        "content_type": 16,
        "codename": "change_itemcategory"
    }
},
{
    "model": "auth.permission",
    "pk": 71,
    "fields": {
        "name": "Can delete item category",
        "content_type": 16,
        "codename": "delete_itemcategory"
    }
},
{
    "model": "auth.permission",
    "pk": 72,
    "fields": {
        "name": "Can view item category",
        "content_type": 16,
        "codename": "view_itemcategory"
    }
},
{
    "model": "auth.permission",
    "pk": 73,
    "fields": {
        "name": "Can add item",
        "content_type": 15,
        "codename": "add_item"
    }
},
{
    "model": "auth.permission",
    "pk": 74,
    "fields": {
        "name": "Can change item",
        "content_type": 15,
        "codename": "change_item"
    }
},
{
    "model": "auth.permission",
    "pk": 75,
    "fields": {
        "name": "Can delete item",
        "content_type": 15,
        "codename": "delete_item"
    }
},
{
    "model": "auth.permission",
    "pk": 76,
    "fields": {
        "name": "Can view item",
        "content_type": 15,
        "codename": "view_item"
    }
},
{
    "model": "auth.permission",
    "pk": 77,
    "fields": {
        "name": "Can add stock adjustment",
        "content_type": 19,
        "codename": "add_stockadjustment"
    }
},
{
    "model": "auth.permission",
    "pk": 78,
    "fields": {
        "name": "Can change stock adjustment",
        "content_type": 19,
        "codename": "change_stockadjustment"
    }
},
{
    "model": "auth.permission",
    "pk": 79,
    "fields": {
        "name": "Can delete stock adjustment",
        "content_type": 19,
        "codename": "delete_stockadjustment"
    }
},
{
    "model": "auth.permission",
    "pk": 80,
    "fields": {
        "name": "Can view stock adjustment",
        "content_type": 19,
        "codename": "view_stockadjustment"
    }
},
{
    "model": "auth.permission",
    "pk": 81,
    "fields": {
        "name": "Can add stock movement",
        "content_type": 21,
        "codename": "add_stockmovement"
    }
},
{
    "model": "auth.permission",
    "pk": 82,
    "fields": {
        "name": "Can change stock movement",
        "content_type": 21,
        "codename": "change_stockmovement"
    }
},
{
    "model": "auth.permission",
    "pk": 83,
    "fields": {
        "name": "Can delete stock movement",
        "content_type": 21,
        "codename": "delete_stockmovement"
    }
},
{
    "model": "auth.permission",
    "pk": 84,
    "fields": {
        "name": "Can view stock movement",
        "content_type": 21,
        "codename": "view_stockmovement"
    }
},
{
    "model": "auth.permission",
    "pk": 85,
    "fields": {
        "name": "Can add warehouse",
        "content_type": 22,
        "codename": "add_warehouse"
    }
},
{
    "model": "auth.permission",
    "pk": 86,
    "fields": {
        "name": "Can change warehouse",
        "content_type": 22,
        "codename": "change_warehouse"
    }
},
{
    "model": "auth.permission",
    "pk": 87,
    "fields": {
        "name": "Can delete warehouse",
        "content_type": 22,
        "codename": "delete_warehouse"
    }
},
{
    "model": "auth.permission",
    "pk": 88,
    "fields": {
        "name": "Can view warehouse",
        "content_type": 22,
        "codename": "view_warehouse"
    }
},
{
    "model": "auth.permission",
    "pk": 89,
    "fields": {
        "name": "Can add customer",
        "content_type": 23,
        "codename": "add_customer"
    }
},
{
    "model": "auth.permission",
    "pk": 90,
    "fields": {
        "name": "Can change customer",
        "content_type": 23,
        "codename": "change_customer"
    }
},
{
    "model": "auth.permission",
    "pk": 91,
    "fields": {
        "name": "Can delete customer",
        "content_type": 23,
        "codename": "delete_customer"
    }
},
{
    "model": "auth.permission",
    "pk": 92,
    "fields": {
        "name": "Can view customer",
        "content_type": 23,
        "codename": "view_customer"
    }
},
{
    "model": "auth.permission",
    "pk": 93,
    "fields": {
        "name": "Can add purchase order",
        "content_type": 27,
        "codename": "add_purchaseorder"
    }
},
{
    "model": "auth.permission",
    "pk": 94,
    "fields": {
        "name": "Can change purchase order",
        "content_type": 27,
        "codename": "change_purchaseorder"
    }
},
{
    "model": "auth.permission",
    "pk": 95,
    "fields": {
        "name": "Can delete purchase order",
        "content_type": 27,
        "codename": "delete_purchaseorder"
    }
},
{
    "model": "auth.permission",
    "pk": 96,
    "fields": {
        "name": "Can view purchase order",
        "content_type": 27,
        "codename": "view_purchaseorder"
    }
},
{
    "model": "auth.permission",
    "pk": 97,
    "fields": {
        "name": "Can add supplier",
        "content_type": 33,
        "codename": "add_supplier"
    }
},
{
    "model": "auth.permission",
    "pk": 98,
    "fields": {
        "name": "Can change supplier",
        "content_type": 33,
        "codename": "change_supplier"
    }
},
{
    "model": "auth.permission",
    "pk": 99,
    "fields": {
        "name": "Can delete supplier",
        "content_type": 33,
        "codename": "delete_supplier"
    }
},
{
    "model": "auth.permission",
    "pk": 100,
    "fields": {
        "name": "Can view supplier",
        "content_type": 33,
        "codename": "view_supplier"
    }
},
{
    "model": "auth.permission",
    "pk": 101,
    "fields": {
        "name": "Can add supplier quotation item",
        "content_type": 36,
        "codename": "add_supplierquotationitem"
    }
},
{
    "model": "auth.permission",
    "pk": 102,
    "fields": {
        "name": "Can change supplier quotation item",
        "content_type": 36,
        "codename": "change_supplierquotationitem"
    }
},
{
    "model": "auth.permission",
    "pk": 103,
    "fields": {
        "name": "Can delete supplier quotation item",
        "content_type": 36,
        "codename": "delete_supplierquotationitem"
    }
},
{
    "model": "auth.permission",
    "pk": 104,
    "fields": {
        "name": "Can view supplier quotation item",
        "content_type": 36,
        "codename": "view_supplierquotationitem"
    }
},
{
    "model": "auth.permission",
    "pk": 105,
    "fields": {
        "name": "Can add grn item",
        "content_type": 25,
        "codename": "add_grnitem"
    }
},
{
    "model": "auth.permission",
    "pk": 106,
    "fields": {
        "name": "Can change grn item",
        "content_type": 25,
        "codename": "change_grnitem"
    }
},
{
    "model": "auth.permission",
    "pk": 107,
    "fields": {
        "name": "Can delete grn item",
        "content_type": 25,
        "codename": "delete_grnitem"
    }
},
{
    "model": "auth.permission",
    "pk": 108,
    "fields": {
        "name": "Can view grn item",
        "content_type": 25,
        "codename": "view_grnitem"
    }
},
{
    "model": "auth.permission",
    "pk": 109,
    "fields": {
        "name": "Can add supplier invoice",
        "content_type": 34,
        "codename": "add_supplierinvoice"
    }
},
{
    "model": "auth.permission",
    "pk": 110,
    "fields": {
        "name": "Can change supplier invoice",
        "content_type": 34,
        "codename": "change_supplierinvoice"
    }
},
{
    "model": "auth.permission",
    "pk": 111,
    "fields": {
        "name": "Can delete supplier invoice",
        "content_type": 34,
        "codename": "delete_supplierinvoice"
    }
},
{
    "model": "auth.permission",
    "pk": 112,
    "fields": {
        "name": "Can view supplier invoice",
        "content_type": 34,
        "codename": "view_supplierinvoice"
    }
},
{
    "model": "auth.permission",
    "pk": 113,
    "fields": {
        "name": "Can add invoice payment",
        "content_type": 26,
        "codename": "add_invoicepayment"
    }
},
{
    "model": "auth.permission",
    "pk": 114,
    "fields": {
        "name": "Can change invoice payment",
        "content_type": 26,
        "codename": "change_invoicepayment"
    }
},
{
    "model": "auth.permission",
    "pk": 115,
    "fields": {
        "name": "Can delete invoice payment",
        "content_type": 26,
        "codename": "delete_invoicepayment"
    }
},
{
    "model": "auth.permission",
    "pk": 116,
    "fields": {
        "name": "Can view invoice payment",
        "content_type": 26,
        "codename": "view_invoicepayment"
    }
},
{
    "model": "auth.permission",
    "pk": 117,
    "fields": {
        "name": "Can add request for quotation",
        "content_type": 31,
        "codename": "add_requestforquotation"
    }
},
{
    "model": "auth.permission",
    "pk": 118,
    "fields": {
        "name": "Can change request for quotation",
        "content_type": 31,
        "codename": "change_requestforquotation"
    }
},
{
    "model": "auth.permission",
    "pk": 119,
    "fields": {
        "name": "Can delete request for quotation",
        "content_type": 31,
        "codename": "delete_requestforquotation"
    }
},
{
    "model": "auth.permission",
    "pk": 120,
    "fields": {
        "name": "Can view request for quotation",
        "content_type": 31,
        "codename": "view_requestforquotation"
    }
},
{
    "model": "auth.permission",
    "pk": 121,
    "fields": {
        "name": "Can add purchase requisition item",
        "content_type": 30,
        "codename": "add_purchaserequisitionitem"
    }
},
{
    "model": "auth.permission",
    "pk": 122,
    "fields": {
        "name": "Can change purchase requisition item",
        "content_type": 30,
        "codename": "change_purchaserequisitionitem"
    }
},
{
    "model": "auth.permission",
    "pk": 123,
    "fields": {
        "name": "Can delete purchase requisition item",
        "content_type": 30,
        "codename": "delete_purchaserequisitionitem"
    }
},
{
    "model": "auth.permission",
    "pk": 124,
    "fields": {
        "name": "Can view purchase requisition item",
        "content_type": 30,
        "codename": "view_purchaserequisitionitem"
    }
},
{
    "model": "auth.permission",
    "pk": 125,
    "fields": {
        "name": "Can add supplier quotation",
        "content_type": 35,
        "codename": "add_supplierquotation"
    }
},
{
    "model": "auth.permission",
    "pk": 126,
    "fields": {
        "name": "Can change supplier quotation",
        "content_type": 35,
        "codename": "change_supplierquotation"
    }
},
{
    "model": "auth.permission",
    "pk": 127,
    "fields": {
        "name": "Can delete supplier quotation",
        "content_type": 35,
        "codename": "delete_supplierquotation"
    }
},
{
    "model": "auth.permission",
    "pk": 128,
    "fields": {
        "name": "Can view supplier quotation",
        "content_type": 35,
        "codename": "view_supplierquotation"
    }
},
{
    "model": "auth.permission",
    "pk": 129,
    "fields": {
        "name": "Can add rfq supplier",
        "content_type": 32,
        "codename": "add_rfqsupplier"
    }
},
{
    "model": "auth.permission",
    "pk": 130,
    "fields": {
        "name": "Can change rfq supplier",
        "content_type": 32,
        "codename": "change_rfqsupplier"
    }
},
{
    "model": "auth.permission",
    "pk": 131,
    "fields": {
        "name": "Can delete rfq supplier",
        "content_type": 32,
        "codename": "delete_rfqsupplier"
    }
},
{
    "model": "auth.permission",
    "pk": 132,
    "fields": {
        "name": "Can view rfq supplier",
        "content_type": 32,
        "codename": "view_rfqsupplier"
    }
},
{
    "model": "auth.permission",
    "pk": 133,
    "fields": {
        "name": "Can add purchase requisition",
        "content_type": 29,
        "codename": "add_purchaserequisition"
    }
},
{
    "model": "auth.permission",
    "pk": 134,
    "fields": {
        "name": "Can change purchase requisition",
        "content_type": 29,
        "codename": "change_purchaserequisition"
    }
},
{
    "model": "auth.permission",
    "pk": 135,
    "fields": {
        "name": "Can delete purchase requisition",
        "content_type": 29,
        "codename": "delete_purchaserequisition"
    }
},
{
    "model": "auth.permission",
    "pk": 136,
    "fields": {
        "name": "Can view purchase requisition",
        "content_type": 29,
        "codename": "view_purchaserequisition"
    }
},
{
    "model": "auth.permission",
    "pk": 137,
    "fields": {
        "name": "Can add goods received note",
        "content_type": 24,
        "codename": "add_goodsreceivednote"
    }
},
{
    "model": "auth.permission",
    "pk": 138,
    "fields": {
        "name": "Can change goods received note",
        "content_type": 24,
        "codename": "change_goodsreceivednote"
    }
},
{
    "model": "auth.permission",
    "pk": 139,
    "fields": {
        "name": "Can delete goods received note",
        "content_type": 24,
        "codename": "delete_goodsreceivednote"
    }
},
{
    "model": "auth.permission",
    "pk": 140,
    "fields": {
        "name": "Can view goods received note",
        "content_type": 24,
        "codename": "view_goodsreceivednote"
    }
},
{
    "model": "auth.permission",
    "pk": 141,
    "fields": {
        "name": "Can add purchase order item",
        "content_type": 28,
        "codename": "add_purchaseorderitem"
    }
},
{
    "model": "auth.permission",
    "pk": 142,
    "fields": {
        "name": "Can change purchase order item",
        "content_type": 28,
        "codename": "change_purchaseorderitem"
    }
},
{
    "model": "auth.permission",
    "pk": 143,
    "fields": {
        "name": "Can delete purchase order item",
        "content_type": 28,
        "codename": "delete_purchaseorderitem"
    }
},
{
    "model": "auth.permission",
    "pk": 144,
    "fields": {
        "name": "Can view purchase order item",
        "content_type": 28,
        "codename": "view_purchaseorderitem"
    }
},
{
    "model": "auth.permission",
    "pk": 145,
    "fields": {
        "name": "Can add sales quotation",
        "content_type": 44,
        "codename": "add_salesquotation"
    }
},
{
    "model": "auth.permission",
    "pk": 146,
    "fields": {
        "name": "Can change sales quotation",
        "content_type": 44,
        "codename": "change_salesquotation"
    }
},
{
    "model": "auth.permission",
    "pk": 147,
    "fields": {
        "name": "Can delete sales quotation",
        "content_type": 44,
        "codename": "delete_salesquotation"
    }
},
{
    "model": "auth.permission",
    "pk": 148,
    "fields": {
        "name": "Can view sales quotation",
        "content_type": 44,
        "codename": "view_salesquotation"
    }
},
{
    "model": "auth.permission",
    "pk": 149,
    "fields": {
        "name": "Can add sales order",
        "content_type": 41,
        "codename": "add_salesorder"
    }
},
{
    "model": "auth.permission",
    "pk": 150,
    "fields": {
        "name": "Can change sales order",
        "content_type": 41,
        "codename": "change_salesorder"
    }
},
{
    "model": "auth.permission",
    "pk": 151,
    "fields": {
        "name": "Can delete sales order",
        "content_type": 41,
        "codename": "delete_salesorder"
    }
},
{
    "model": "auth.permission",
    "pk": 152,
    "fields": {
        "name": "Can view sales order",
        "content_type": 41,
        "codename": "view_salesorder"
    }
},
{
    "model": "auth.permission",
    "pk": 153,
    "fields": {
        "name": "Can add sales invoice",
        "content_type": 39,
        "codename": "add_salesinvoice"
    }
},
{
    "model": "auth.permission",
    "pk": 154,
    "fields": {
        "name": "Can change sales invoice",
        "content_type": 39,
        "codename": "change_salesinvoice"
    }
},
{
    "model": "auth.permission",
    "pk": 155,
    "fields": {
        "name": "Can delete sales invoice",
        "content_type": 39,
        "codename": "delete_salesinvoice"
    }
},
{
    "model": "auth.permission",
    "pk": 156,
    "fields": {
        "name": "Can view sales invoice",
        "content_type": 39,
        "codename": "view_salesinvoice"
    }
},
{
    "model": "auth.permission",
    "pk": 157,
    "fields": {
        "name": "Can add sales quotation item",
        "content_type": 45,
        "codename": "add_salesquotationitem"
    }
},
{
    "model": "auth.permission",
    "pk": 158,
    "fields": {
        "name": "Can change sales quotation item",
        "content_type": 45,
        "codename": "change_salesquotationitem"
    }
},
{
    "model": "auth.permission",
    "pk": 159,
    "fields": {
        "name": "Can delete sales quotation item",
        "content_type": 45,
        "codename": "delete_salesquotationitem"
    }
},
{
    "model": "auth.permission",
    "pk": 160,
    "fields": {
        "name": "Can view sales quotation item",
        "content_type": 45,
        "codename": "view_salesquotationitem"
    }
},
{
    "model": "auth.permission",
    "pk": 161,
    "fields": {
        "name": "Can add sales order item",
        "content_type": 43,
        "codename": "add_salesorderitem"
    }
},
{
    "model": "auth.permission",
    "pk": 162,
    "fields": {
        "name": "Can change sales order item",
        "content_type": 43,
        "codename": "change_salesorderitem"
    }
},
{
    "model": "auth.permission",
    "pk": 163,
    "fields": {
        "name": "Can delete sales order item",
        "content_type": 43,
        "codename": "delete_salesorderitem"
    }
},
{
    "model": "auth.permission",
    "pk": 164,
    "fields": {
        "name": "Can view sales order item",
        "content_type": 43,
        "codename": "view_salesorderitem"
    }
},
{
    "model": "auth.permission",
    "pk": 165,
    "fields": {
        "name": "Can add sales order activity",
        "content_type": 42,
        "codename": "add_salesorderactivity"
    }
},
{
    "model": "auth.permission",
    "pk": 166,
    "fields": {
        "name": "Can change sales order activity",
        "content_type": 42,
        "codename": "change_salesorderactivity"
    }
},
{
    "model": "auth.permission",
    "pk": 167,
    "fields": {
        "name": "Can delete sales order activity",
        "content_type": 42,
        "codename": "delete_salesorderactivity"
    }
},
{
    "model": "auth.permission",
    "pk": 168,
    "fields": {
        "name": "Can view sales order activity",
        "content_type": 42,
        "codename": "view_salesorderactivity"
    }
},
{
    "model": "auth.permission",
    "pk": 169,
    "fields": {
        "name": "Can add sales invoice item",
        "content_type": 40,
        "codename": "add_salesinvoiceitem"
    }
},
{
    "model": "auth.permission",
    "pk": 170,
    "fields": {
        "name": "Can change sales invoice item",
        "content_type": 40,
        "codename": "change_salesinvoiceitem"
    }
},
{
    "model": "auth.permission",
    "pk": 171,
    "fields": {
        "name": "Can delete sales invoice item",
        "content_type": 40,
        "codename": "delete_salesinvoiceitem"
    }
},
{
    "model": "auth.permission",
    "pk": 172,
    "fields": {
        "name": "Can view sales invoice item",
        "content_type": 40,
        "codename": "view_salesinvoiceitem"
    }
},
{
    "model": "auth.permission",
    "pk": 173,
    "fields": {
        "name": "Can add customer payment",
        "content_type": 38,
        "codename": "add_customerpayment"
    }
},
{
    "model": "auth.permission",
    "pk": 174,
    "fields": {
        "name": "Can change customer payment",
        "content_type": 38,
        "codename": "change_customerpayment"
    }
},
{
    "model": "auth.permission",
    "pk": 175,
    "fields": {
        "name": "Can delete customer payment",
        "content_type": 38,
        "codename": "delete_customerpayment"
    }
},
{
    "model": "auth.permission",
    "pk": 176,
    "fields": {
        "name": "Can view customer payment",
        "content_type": 38,
        "codename": "view_customerpayment"
    }
},
{
    "model": "auth.permission",
    "pk": 177,
    "fields": {
        "name": "Can add credit note",
        "content_type": 37,
        "codename": "add_creditnote"
    }
},
{
    "model": "auth.permission",
    "pk": 178,
    "fields": {
        "name": "Can change credit note",
        "content_type": 37,
        "codename": "change_creditnote"
    }
},
{
    "model": "auth.permission",
    "pk": 179,
    "fields": {
        "name": "Can delete credit note",
        "content_type": 37,
        "codename": "delete_creditnote"
    }
},
{
    "model": "auth.permission",
    "pk": 180,
    "fields": {
        "name": "Can view credit note",
        "content_type": 37,
        "codename": "view_creditnote"
    }
},
{
    "model": "auth.permission",
    "pk": 181,
    "fields": {
        "name": "Can add driver",
        "content_type": 49,
        "codename": "add_driver"
    }
},
{
    "model": "auth.permission",
    "pk": 182,
    "fields": {
        "name": "Can change driver",
        "content_type": 49,
        "codename": "change_driver"
    }
},
{
    "model": "auth.permission",
    "pk": 183,
    "fields": {
        "name": "Can delete driver",
        "content_type": 49,
        "codename": "delete_driver"
    }
},
{
    "model": "auth.permission",
    "pk": 184,
    "fields": {
        "name": "Can view driver",
        "content_type": 49,
        "codename": "view_driver"
    }
},
{
    "model": "auth.permission",
    "pk": 185,
    "fields": {
        "name": "Can add delivery order item",
        "content_type": 48,
        "codename": "add_deliveryorderitem"
    }
},
{
    "model": "auth.permission",
    "pk": 186,
    "fields": {
        "name": "Can change delivery order item",
        "content_type": 48,
        "codename": "change_deliveryorderitem"
    }
},
{
    "model": "auth.permission",
    "pk": 187,
    "fields": {
        "name": "Can delete delivery order item",
        "content_type": 48,
        "codename": "delete_deliveryorderitem"
    }
},
{
    "model": "auth.permission",
    "pk": 188,
    "fields": {
        "name": "Can view delivery order item",
        "content_type": 48,
        "codename": "view_deliveryorderitem"
    }
},
{
    "model": "auth.permission",
    "pk": 189,
    "fields": {
        "name": "Can add delivery order",
        "content_type": 47,
        "codename": "add_deliveryorder"
    }
},
{
    "model": "auth.permission",
    "pk": 190,
    "fields": {
        "name": "Can change delivery order",
        "content_type": 47,
        "codename": "change_deliveryorder"
    }
},
{
    "model": "auth.permission",
    "pk": 191,
    "fields": {
        "name": "Can delete delivery order",
        "content_type": 47,
        "codename": "delete_deliveryorder"
    }
},
{
    "model": "auth.permission",
    "pk": 192,
    "fields": {
        "name": "Can view delivery order",
        "content_type": 47,
        "codename": "view_deliveryorder"
    }
},
{
    "model": "auth.permission",
    "pk": 193,
    "fields": {
        "name": "Can add vehicle maintenance",
        "content_type": 52,
        "codename": "add_vehiclemaintenance"
    }
},
{
    "model": "auth.permission",
    "pk": 194,
    "fields": {
        "name": "Can change vehicle maintenance",
        "content_type": 52,
        "codename": "change_vehiclemaintenance"
    }
},
{
    "model": "auth.permission",
    "pk": 195,
    "fields": {
        "name": "Can delete vehicle maintenance",
        "content_type": 52,
        "codename": "delete_vehiclemaintenance"
    }
},
{
    "model": "auth.permission",
    "pk": 196,
    "fields": {
        "name": "Can view vehicle maintenance",
        "content_type": 52,
        "codename": "view_vehiclemaintenance"
    }
},
{
    "model": "auth.permission",
    "pk": 197,
    "fields": {
        "name": "Can add fuel record",
        "content_type": 50,
        "codename": "add_fuelrecord"
    }
},
{
    "model": "auth.permission",
    "pk": 198,
    "fields": {
        "name": "Can change fuel record",
        "content_type": 50,
        "codename": "change_fuelrecord"
    }
},
{
    "model": "auth.permission",
    "pk": 199,
    "fields": {
        "name": "Can delete fuel record",
        "content_type": 50,
        "codename": "delete_fuelrecord"
    }
},
{
    "model": "auth.permission",
    "pk": 200,
    "fields": {
        "name": "Can view fuel record",
        "content_type": 50,
        "codename": "view_fuelrecord"
    }
},
{
    "model": "auth.permission",
    "pk": 201,
    "fields": {
        "name": "Can add vehicle",
        "content_type": 51,
        "codename": "add_vehicle"
    }
},
{
    "model": "auth.permission",
    "pk": 202,
    "fields": {
        "name": "Can change vehicle",
        "content_type": 51,
        "codename": "change_vehicle"
    }
},
{
    "model": "auth.permission",
    "pk": 203,
    "fields": {
        "name": "Can delete vehicle",
        "content_type": 51,
        "codename": "delete_vehicle"
    }
},
{
    "model": "auth.permission",
    "pk": 204,
    "fields": {
        "name": "Can view vehicle",
        "content_type": 51,
        "codename": "view_vehicle"
    }
},
{
    "model": "auth.permission",
    "pk": 205,
    "fields": {
        "name": "Can add delivery note",
        "content_type": 46,
        "codename": "add_deliverynote"
    }
},
{
    "model": "auth.permission",
    "pk": 206,
    "fields": {
        "name": "Can change delivery note",
        "content_type": 46,
        "codename": "change_deliverynote"
    }
},
{
    "model": "auth.permission",
    "pk": 207,
    "fields": {
        "name": "Can delete delivery note",
        "content_type": 46,
        "codename": "delete_deliverynote"
    }
},
{
    "model": "auth.permission",
    "pk": 208,
    "fields": {
        "name": "Can view delivery note",
        "content_type": 46,
        "codename": "view_deliverynote"
    }
},
{
    "model": "auth.permission",
    "pk": 209,
    "fields": {
        "name": "Can add bill of materials",
        "content_type": 53,
        "codename": "add_billofmaterials"
    }
},
{
    "model": "auth.permission",
    "pk": 210,
    "fields": {
        "name": "Can change bill of materials",
        "content_type": 53,
        "codename": "change_billofmaterials"
    }
},
{
    "model": "auth.permission",
    "pk": 211,
    "fields": {
        "name": "Can delete bill of materials",
        "content_type": 53,
        "codename": "delete_billofmaterials"
    }
},
{
    "model": "auth.permission",
    "pk": 212,
    "fields": {
        "name": "Can view bill of materials",
        "content_type": 53,
        "codename": "view_billofmaterials"
    }
},
{
    "model": "auth.permission",
    "pk": 213,
    "fields": {
        "name": "Can add work order material issue",
        "content_type": 61,
        "codename": "add_workordermaterialissue"
    }
},
{
    "model": "auth.permission",
    "pk": 214,
    "fields": {
        "name": "Can change work order material issue",
        "content_type": 61,
        "codename": "change_workordermaterialissue"
    }
},
{
    "model": "auth.permission",
    "pk": 215,
    "fields": {
        "name": "Can delete work order material issue",
        "content_type": 61,
        "codename": "delete_workordermaterialissue"
    }
},
{
    "model": "auth.permission",
    "pk": 216,
    "fields": {
        "name": "Can view work order material issue",
        "content_type": 61,
        "codename": "view_workordermaterialissue"
    }
},
{
    "model": "auth.permission",
    "pk": 217,
    "fields": {
        "name": "Can add machine usage",
        "content_type": 57,
        "codename": "add_machineusage"
    }
},
{
    "model": "auth.permission",
    "pk": 218,
    "fields": {
        "name": "Can change machine usage",
        "content_type": 57,
        "codename": "change_machineusage"
    }
},
{
    "model": "auth.permission",
    "pk": 219,
    "fields": {
        "name": "Can delete machine usage",
        "content_type": 57,
        "codename": "delete_machineusage"
    }
},
{
    "model": "auth.permission",
    "pk": 220,
    "fields": {
        "name": "Can view machine usage",
        "content_type": 57,
        "codename": "view_machineusage"
    }
},
{
    "model": "auth.permission",
    "pk": 221,
    "fields": {
        "name": "Can add work order",
        "content_type": 60,
        "codename": "add_workorder"
    }
},
{
    "model": "auth.permission",
    "pk": 222,
    "fields": {
        "name": "Can change work order",
        "content_type": 60,
        "codename": "change_workorder"
    }
},
{
    "model": "auth.permission",
    "pk": 223,
    "fields": {
        "name": "Can delete work order",
        "content_type": 60,
        "codename": "delete_workorder"
    }
},
{
    "model": "auth.permission",
    "pk": 224,
    "fields": {
        "name": "Can view work order",
        "content_type": 60,
        "codename": "view_workorder"
    }
},
{
    "model": "auth.permission",
    "pk": 225,
    "fields": {
        "name": "Can add machine",
        "content_type": 55,
        "codename": "add_machine"
    }
},
{
    "model": "auth.permission",
    "pk": 226,
    "fields": {
        "name": "Can change machine",
        "content_type": 55,
        "codename": "change_machine"
    }
},
{
    "model": "auth.permission",
    "pk": 227,
    "fields": {
        "name": "Can delete machine",
        "content_type": 55,
        "codename": "delete_machine"
    }
},
{
    "model": "auth.permission",
    "pk": 228,
    "fields": {
        "name": "Can view machine",
        "content_type": 55,
        "codename": "view_machine"
    }
},
{
    "model": "auth.permission",
    "pk": 229,
    "fields": {
        "name": "Can add bom item",
        "content_type": 54,
        "codename": "add_bomitem"
    }
},
{
    "model": "auth.permission",
    "pk": 230,
    "fields": {
        "name": "Can change bom item",
        "content_type": 54,
        "codename": "change_bomitem"
    }
},
{
    "model": "auth.permission",
    "pk": 231,
    "fields": {
        "name": "Can delete bom item",
        "content_type": 54,
        "codename": "delete_bomitem"
    }
},
{
    "model": "auth.permission",
    "pk": 232,
    "fields": {
        "name": "Can view bom item",
        "content_type": 54,
        "codename": "view_bomitem"
    }
},
{
    "model": "auth.permission",
    "pk": 233,
    "fields": {
        "name": "Can add output record",
        "content_type": 58,
        "codename": "add_outputrecord"
    }
},
{
    "model": "auth.permission",
    "pk": 234,
    "fields": {
        "name": "Can change output record",
        "content_type": 58,
        "codename": "change_outputrecord"
    }
},
{
    "model": "auth.permission",
    "pk": 235,
    "fields": {
        "name": "Can delete output record",
        "content_type": 58,
        "codename": "delete_outputrecord"
    }
},
{
    "model": "auth.permission",
    "pk": 236,
    "fields": {
        "name": "Can view output record",
        "content_type": 58,
        "codename": "view_outputrecord"
    }
},
{
    "model": "auth.permission",
    "pk": 237,
    "fields": {
        "name": "Can add machine service record",
        "content_type": 56,
        "codename": "add_machineservicerecord"
    }
},
{
    "model": "auth.permission",
    "pk": 238,
    "fields": {
        "name": "Can change machine service record",
        "content_type": 56,
        "codename": "change_machineservicerecord"
    }
},
{
    "model": "auth.permission",
    "pk": 239,
    "fields": {
        "name": "Can delete machine service record",
        "content_type": 56,
        "codename": "delete_machineservicerecord"
    }
},
{
    "model": "auth.permission",
    "pk": 240,
    "fields": {
        "name": "Can view machine service record",
        "content_type": 56,
        "codename": "view_machineservicerecord"
    }
},
{
    "model": "auth.permission",
    "pk": 241,
    "fields": {
        "name": "Can add product",
        "content_type": 59,
        "codename": "add_product"
    }
},
{
    "model": "auth.permission",
    "pk": 242,
    "fields": {
        "name": "Can change product",
        "content_type": 59,
        "codename": "change_product"
    }
},
{
    "model": "auth.permission",
    "pk": 243,
    "fields": {
        "name": "Can delete product",
        "content_type": 59,
        "codename": "delete_product"
    }
},
{
    "model": "auth.permission",
    "pk": 244,
    "fields": {
        "name": "Can view product",
        "content_type": 59,
        "codename": "view_product"
    }
},
{
    "model": "auth.permission",
    "pk": 245,
    "fields": {
        "name": "Can add tax setting",
        "content_type": 70,
        "codename": "add_taxsetting"
    }
},
{
    "model": "auth.permission",
    "pk": 246,
    "fields": {
        "name": "Can change tax setting",
        "content_type": 70,
        "codename": "change_taxsetting"
    }
},
{
    "model": "auth.permission",
    "pk": 247,
    "fields": {
        "name": "Can delete tax setting",
        "content_type": 70,
        "codename": "delete_taxsetting"
    }
},
{
    "model": "auth.permission",
    "pk": 248,
    "fields": {
        "name": "Can view tax setting",
        "content_type": 70,
        "codename": "view_taxsetting"
    }
},
{
    "model": "auth.permission",
    "pk": 249,
    "fields": {
        "name": "Can add bank reconciliation",
        "content_type": 64,
        "codename": "add_bankreconciliation"
    }
},
{
    "model": "auth.permission",
    "pk": 250,
    "fields": {
        "name": "Can change bank reconciliation",
        "content_type": 64,
        "codename": "change_bankreconciliation"
    }
},
{
    "model": "auth.permission",
    "pk": 251,
    "fields": {
        "name": "Can delete bank reconciliation",
        "content_type": 64,
        "codename": "delete_bankreconciliation"
    }
},
{
    "model": "auth.permission",
    "pk": 252,
    "fields": {
        "name": "Can view bank reconciliation",
        "content_type": 64,
        "codename": "view_bankreconciliation"
    }
},
{
    "model": "auth.permission",
    "pk": 253,
    "fields": {
        "name": "Can add bank account",
        "content_type": 63,
        "codename": "add_bankaccount"
    }
},
{
    "model": "auth.permission",
    "pk": 254,
    "fields": {
        "name": "Can change bank account",
        "content_type": 63,
        "codename": "change_bankaccount"
    }
},
{
    "model": "auth.permission",
    "pk": 255,
    "fields": {
        "name": "Can delete bank account",
        "content_type": 63,
        "codename": "delete_bankaccount"
    }
},
{
    "model": "auth.permission",
    "pk": 256,
    "fields": {
        "name": "Can view bank account",
        "content_type": 63,
        "codename": "view_bankaccount"
    }
},
{
    "model": "auth.permission",
    "pk": 257,
    "fields": {
        "name": "Can add journal entry",
        "content_type": 67,
        "codename": "add_journalentry"
    }
},
{
    "model": "auth.permission",
    "pk": 258,
    "fields": {
        "name": "Can change journal entry",
        "content_type": 67,
        "codename": "change_journalentry"
    }
},
{
    "model": "auth.permission",
    "pk": 259,
    "fields": {
        "name": "Can delete journal entry",
        "content_type": 67,
        "codename": "delete_journalentry"
    }
},
{
    "model": "auth.permission",
    "pk": 260,
    "fields": {
        "name": "Can view journal entry",
        "content_type": 67,
        "codename": "view_journalentry"
    }
},
{
    "model": "auth.permission",
    "pk": 261,
    "fields": {
        "name": "Can add journal line",
        "content_type": 68,
        "codename": "add_journalline"
    }
},
{
    "model": "auth.permission",
    "pk": 262,
    "fields": {
        "name": "Can change journal line",
        "content_type": 68,
        "codename": "change_journalline"
    }
},
{
    "model": "auth.permission",
    "pk": 263,
    "fields": {
        "name": "Can delete journal line",
        "content_type": 68,
        "codename": "delete_journalline"
    }
},
{
    "model": "auth.permission",
    "pk": 264,
    "fields": {
        "name": "Can view journal line",
        "content_type": 68,
        "codename": "view_journalline"
    }
},
{
    "model": "auth.permission",
    "pk": 265,
    "fields": {
        "name": "Can add reconciliation match",
        "content_type": 69,
        "codename": "add_reconciliationmatch"
    }
},
{
    "model": "auth.permission",
    "pk": 266,
    "fields": {
        "name": "Can change reconciliation match",
        "content_type": 69,
        "codename": "change_reconciliationmatch"
    }
},
{
    "model": "auth.permission",
    "pk": 267,
    "fields": {
        "name": "Can delete reconciliation match",
        "content_type": 69,
        "codename": "delete_reconciliationmatch"
    }
},
{
    "model": "auth.permission",
    "pk": 268,
    "fields": {
        "name": "Can view reconciliation match",
        "content_type": 69,
        "codename": "view_reconciliationmatch"
    }
},
{
    "model": "auth.permission",
    "pk": 269,
    "fields": {
        "name": "Can add vat period",
        "content_type": 71,
        "codename": "add_vatperiod"
    }
},
{
    "model": "auth.permission",
    "pk": 270,
    "fields": {
        "name": "Can change vat period",
        "content_type": 71,
        "codename": "change_vatperiod"
    }
},
{
    "model": "auth.permission",
    "pk": 271,
    "fields": {
        "name": "Can delete vat period",
        "content_type": 71,
        "codename": "delete_vatperiod"
    }
},
{
    "model": "auth.permission",
    "pk": 272,
    "fields": {
        "name": "Can view vat period",
        "content_type": 71,
        "codename": "view_vatperiod"
    }
},
{
    "model": "auth.permission",
    "pk": 273,
    "fields": {
        "name": "Can add budget",
        "content_type": 66,
        "codename": "add_budget"
    }
},
{
    "model": "auth.permission",
    "pk": 274,
    "fields": {
        "name": "Can change budget",
        "content_type": 66,
        "codename": "change_budget"
    }
},
{
    "model": "auth.permission",
    "pk": 275,
    "fields": {
        "name": "Can delete budget",
        "content_type": 66,
        "codename": "delete_budget"
    }
},
{
    "model": "auth.permission",
    "pk": 276,
    "fields": {
        "name": "Can view budget",
        "content_type": 66,
        "codename": "view_budget"
    }
},
{
    "model": "auth.permission",
    "pk": 277,
    "fields": {
        "name": "Can add bank statement line",
        "content_type": 65,
        "codename": "add_bankstatementline"
    }
},
{
    "model": "auth.permission",
    "pk": 278,
    "fields": {
        "name": "Can change bank statement line",
        "content_type": 65,
        "codename": "change_bankstatementline"
    }
},
{
    "model": "auth.permission",
    "pk": 279,
    "fields": {
        "name": "Can delete bank statement line",
        "content_type": 65,
        "codename": "delete_bankstatementline"
    }
},
{
    "model": "auth.permission",
    "pk": 280,
    "fields": {
        "name": "Can view bank statement line",
        "content_type": 65,
        "codename": "view_bankstatementline"
    }
},
{
    "model": "auth.permission",
    "pk": 281,
    "fields": {
        "name": "Can add account",
        "content_type": 62,
        "codename": "add_account"
    }
},
{
    "model": "auth.permission",
    "pk": 282,
    "fields": {
        "name": "Can change account",
        "content_type": 62,
        "codename": "change_account"
    }
},
{
    "model": "auth.permission",
    "pk": 283,
    "fields": {
        "name": "Can delete account",
        "content_type": 62,
        "codename": "delete_account"
    }
},
{
    "model": "auth.permission",
    "pk": 284,
    "fields": {
        "name": "Can view account",
        "content_type": 62,
        "codename": "view_account"
    }
},
{
    "model": "auth.permission",
    "pk": 285,
    "fields": {
        "name": "Can add Company Profile",
        "content_type": 75,
        "codename": "add_companyprofile"
    }
},
{
    "model": "auth.permission",
    "pk": 286,
    "fields": {
        "name": "Can change Company Profile",
        "content_type": 75,
        "codename": "change_companyprofile"
    }
},
{
    "model": "auth.permission",
    "pk": 287,
    "fields": {
        "name": "Can delete Company Profile",
        "content_type": 75,
        "codename": "delete_companyprofile"
    }
},
{
    "model": "auth.permission",
    "pk": 288,
    "fields": {
        "name": "Can view Company Profile",
        "content_type": 75,
        "codename": "view_companyprofile"
    }
},
{
    "model": "auth.permission",
    "pk": 289,
    "fields": {
        "name": "Can add Working Hours Configuration",
        "content_type": 85,
        "codename": "add_workinghoursconfig"
    }
},
{
    "model": "auth.permission",
    "pk": 290,
    "fields": {
        "name": "Can change Working Hours Configuration",
        "content_type": 85,
        "codename": "change_workinghoursconfig"
    }
},
{
    "model": "auth.permission",
    "pk": 291,
    "fields": {
        "name": "Can delete Working Hours Configuration",
        "content_type": 85,
        "codename": "delete_workinghoursconfig"
    }
},
{
    "model": "auth.permission",
    "pk": 292,
    "fields": {
        "name": "Can view Working Hours Configuration",
        "content_type": 85,
        "codename": "view_workinghoursconfig"
    }
},
{
    "model": "auth.permission",
    "pk": 293,
    "fields": {
        "name": "Can add public holiday",
        "content_type": 84,
        "codename": "add_publicholiday"
    }
},
{
    "model": "auth.permission",
    "pk": 294,
    "fields": {
        "name": "Can change public holiday",
        "content_type": 84,
        "codename": "change_publicholiday"
    }
},
{
    "model": "auth.permission",
    "pk": 295,
    "fields": {
        "name": "Can delete public holiday",
        "content_type": 84,
        "codename": "delete_publicholiday"
    }
},
{
    "model": "auth.permission",
    "pk": 296,
    "fields": {
        "name": "Can view public holiday",
        "content_type": 84,
        "codename": "view_publicholiday"
    }
},
{
    "model": "auth.permission",
    "pk": 297,
    "fields": {
        "name": "Can add attendance",
        "content_type": 74,
        "codename": "add_attendance"
    }
},
{
    "model": "auth.permission",
    "pk": 298,
    "fields": {
        "name": "Can change attendance",
        "content_type": 74,
        "codename": "change_attendance"
    }
},
{
    "model": "auth.permission",
    "pk": 299,
    "fields": {
        "name": "Can delete attendance",
        "content_type": 74,
        "codename": "delete_attendance"
    }
},
{
    "model": "auth.permission",
    "pk": 300,
    "fields": {
        "name": "Can view attendance",
        "content_type": 74,
        "codename": "view_attendance"
    }
},
{
    "model": "auth.permission",
    "pk": 301,
    "fields": {
        "name": "Can add employee document",
        "content_type": 79,
        "codename": "add_employeedocument"
    }
},
{
    "model": "auth.permission",
    "pk": 302,
    "fields": {
        "name": "Can change employee document",
        "content_type": 79,
        "codename": "change_employeedocument"
    }
},
{
    "model": "auth.permission",
    "pk": 303,
    "fields": {
        "name": "Can delete employee document",
        "content_type": 79,
        "codename": "delete_employeedocument"
    }
},
{
    "model": "auth.permission",
    "pk": 304,
    "fields": {
        "name": "Can view employee document",
        "content_type": 79,
        "codename": "view_employeedocument"
    }
},
{
    "model": "auth.permission",
    "pk": 305,
    "fields": {
        "name": "Can add leave request",
        "content_type": 80,
        "codename": "add_leaverequest"
    }
},
{
    "model": "auth.permission",
    "pk": 306,
    "fields": {
        "name": "Can change leave request",
        "content_type": 80,
        "codename": "change_leaverequest"
    }
},
{
    "model": "auth.permission",
    "pk": 307,
    "fields": {
        "name": "Can delete leave request",
        "content_type": 80,
        "codename": "delete_leaverequest"
    }
},
{
    "model": "auth.permission",
    "pk": 308,
    "fields": {
        "name": "Can view leave request",
        "content_type": 80,
        "codename": "view_leaverequest"
    }
},
{
    "model": "auth.permission",
    "pk": 309,
    "fields": {
        "name": "Can add payroll item",
        "content_type": 83,
        "codename": "add_payrollitem"
    }
},
{
    "model": "auth.permission",
    "pk": 310,
    "fields": {
        "name": "Can change payroll item",
        "content_type": 83,
        "codename": "change_payrollitem"
    }
},
{
    "model": "auth.permission",
    "pk": 311,
    "fields": {
        "name": "Can delete payroll item",
        "content_type": 83,
        "codename": "delete_payrollitem"
    }
},
{
    "model": "auth.permission",
    "pk": 312,
    "fields": {
        "name": "Can view payroll item",
        "content_type": 83,
        "codename": "view_payrollitem"
    }
},
{
    "model": "auth.permission",
    "pk": 313,
    "fields": {
        "name": "Can add employee allowance",
        "content_type": 78,
        "codename": "add_employeeallowance"
    }
},
{
    "model": "auth.permission",
    "pk": 314,
    "fields": {
        "name": "Can change employee allowance",
        "content_type": 78,
        "codename": "change_employeeallowance"
    }
},
{
    "model": "auth.permission",
    "pk": 315,
    "fields": {
        "name": "Can delete employee allowance",
        "content_type": 78,
        "codename": "delete_employeeallowance"
    }
},
{
    "model": "auth.permission",
    "pk": 316,
    "fields": {
        "name": "Can view employee allowance",
        "content_type": 78,
        "codename": "view_employeeallowance"
    }
},
{
    "model": "auth.permission",
    "pk": 317,
    "fields": {
        "name": "Can add appraisal",
        "content_type": 73,
        "codename": "add_appraisal"
    }
},
{
    "model": "auth.permission",
    "pk": 318,
    "fields": {
        "name": "Can change appraisal",
        "content_type": 73,
        "codename": "change_appraisal"
    }
},
{
    "model": "auth.permission",
    "pk": 319,
    "fields": {
        "name": "Can delete appraisal",
        "content_type": 73,
        "codename": "delete_appraisal"
    }
},
{
    "model": "auth.permission",
    "pk": 320,
    "fields": {
        "name": "Can view appraisal",
        "content_type": 73,
        "codename": "view_appraisal"
    }
},
{
    "model": "auth.permission",
    "pk": 321,
    "fields": {
        "name": "Can add leave type",
        "content_type": 81,
        "codename": "add_leavetype"
    }
},
{
    "model": "auth.permission",
    "pk": 322,
    "fields": {
        "name": "Can change leave type",
        "content_type": 81,
        "codename": "change_leavetype"
    }
},
{
    "model": "auth.permission",
    "pk": 323,
    "fields": {
        "name": "Can delete leave type",
        "content_type": 81,
        "codename": "delete_leavetype"
    }
},
{
    "model": "auth.permission",
    "pk": 324,
    "fields": {
        "name": "Can view leave type",
        "content_type": 81,
        "codename": "view_leavetype"
    }
},
{
    "model": "auth.permission",
    "pk": 325,
    "fields": {
        "name": "Can add disciplinary record",
        "content_type": 76,
        "codename": "add_disciplinaryrecord"
    }
},
{
    "model": "auth.permission",
    "pk": 326,
    "fields": {
        "name": "Can change disciplinary record",
        "content_type": 76,
        "codename": "change_disciplinaryrecord"
    }
},
{
    "model": "auth.permission",
    "pk": 327,
    "fields": {
        "name": "Can delete disciplinary record",
        "content_type": 76,
        "codename": "delete_disciplinaryrecord"
    }
},
{
    "model": "auth.permission",
    "pk": 328,
    "fields": {
        "name": "Can view disciplinary record",
        "content_type": 76,
        "codename": "view_disciplinaryrecord"
    }
},
{
    "model": "auth.permission",
    "pk": 329,
    "fields": {
        "name": "Can add employee",
        "content_type": 77,
        "codename": "add_employee"
    }
},
{
    "model": "auth.permission",
    "pk": 330,
    "fields": {
        "name": "Can change employee",
        "content_type": 77,
        "codename": "change_employee"
    }
},
{
    "model": "auth.permission",
    "pk": 331,
    "fields": {
        "name": "Can delete employee",
        "content_type": 77,
        "codename": "delete_employee"
    }
},
{
    "model": "auth.permission",
    "pk": 332,
    "fields": {
        "name": "Can view employee",
        "content_type": 77,
        "codename": "view_employee"
    }
},
{
    "model": "auth.permission",
    "pk": 333,
    "fields": {
        "name": "Can add payroll",
        "content_type": 82,
        "codename": "add_payroll"
    }
},
{
    "model": "auth.permission",
    "pk": 334,
    "fields": {
        "name": "Can change payroll",
        "content_type": 82,
        "codename": "change_payroll"
    }
},
{
    "model": "auth.permission",
    "pk": 335,
    "fields": {
        "name": "Can delete payroll",
        "content_type": 82,
        "codename": "delete_payroll"
    }
},
{
    "model": "auth.permission",
    "pk": 336,
    "fields": {
        "name": "Can view payroll",
        "content_type": 82,
        "codename": "view_payroll"
    }
},
{
    "model": "auth.permission",
    "pk": 337,
    "fields": {
        "name": "Can add allowance config",
        "content_type": 72,
        "codename": "add_allowanceconfig"
    }
},
{
    "model": "auth.permission",
    "pk": 338,
    "fields": {
        "name": "Can change allowance config",
        "content_type": 72,
        "codename": "change_allowanceconfig"
    }
},
{
    "model": "auth.permission",
    "pk": 339,
    "fields": {
        "name": "Can delete allowance config",
        "content_type": 72,
        "codename": "delete_allowanceconfig"
    }
},
{
    "model": "auth.permission",
    "pk": 340,
    "fields": {
        "name": "Can view allowance config",
        "content_type": 72,
        "codename": "view_allowanceconfig"
    }
},
{
    "model": "auth.permission",
    "pk": 341,
    "fields": {
        "name": "Can add ppe role requirement",
        "content_type": 91,
        "codename": "add_pperolerequirement"
    }
},
{
    "model": "auth.permission",
    "pk": 342,
    "fields": {
        "name": "Can change ppe role requirement",
        "content_type": 91,
        "codename": "change_pperolerequirement"
    }
},
{
    "model": "auth.permission",
    "pk": 343,
    "fields": {
        "name": "Can delete ppe role requirement",
        "content_type": 91,
        "codename": "delete_pperolerequirement"
    }
},
{
    "model": "auth.permission",
    "pk": 344,
    "fields": {
        "name": "Can view ppe role requirement",
        "content_type": 91,
        "codename": "view_pperolerequirement"
    }
},
{
    "model": "auth.permission",
    "pk": 345,
    "fields": {
        "name": "Can add ppe item",
        "content_type": 90,
        "codename": "add_ppeitem"
    }
},
{
    "model": "auth.permission",
    "pk": 346,
    "fields": {
        "name": "Can change ppe item",
        "content_type": 90,
        "codename": "change_ppeitem"
    }
},
{
    "model": "auth.permission",
    "pk": 347,
    "fields": {
        "name": "Can delete ppe item",
        "content_type": 90,
        "codename": "delete_ppeitem"
    }
},
{
    "model": "auth.permission",
    "pk": 348,
    "fields": {
        "name": "Can view ppe item",
        "content_type": 90,
        "codename": "view_ppeitem"
    }
},
{
    "model": "auth.permission",
    "pk": 349,
    "fields": {
        "name": "Can add ppe issuance",
        "content_type": 89,
        "codename": "add_ppeissuance"
    }
},
{
    "model": "auth.permission",
    "pk": 350,
    "fields": {
        "name": "Can change ppe issuance",
        "content_type": 89,
        "codename": "change_ppeissuance"
    }
},
{
    "model": "auth.permission",
    "pk": 351,
    "fields": {
        "name": "Can delete ppe issuance",
        "content_type": 89,
        "codename": "delete_ppeissuance"
    }
},
{
    "model": "auth.permission",
    "pk": 352,
    "fields": {
        "name": "Can view ppe issuance",
        "content_type": 89,
        "codename": "view_ppeissuance"
    }
},
{
    "model": "auth.permission",
    "pk": 353,
    "fields": {
        "name": "Can add safety incident",
        "content_type": 92,
        "codename": "add_safetyincident"
    }
},
{
    "model": "auth.permission",
    "pk": 354,
    "fields": {
        "name": "Can change safety incident",
        "content_type": 92,
        "codename": "change_safetyincident"
    }
},
{
    "model": "auth.permission",
    "pk": 355,
    "fields": {
        "name": "Can delete safety incident",
        "content_type": 92,
        "codename": "delete_safetyincident"
    }
},
{
    "model": "auth.permission",
    "pk": 356,
    "fields": {
        "name": "Can view safety incident",
        "content_type": 92,
        "codename": "view_safetyincident"
    }
},
{
    "model": "auth.permission",
    "pk": 357,
    "fields": {
        "name": "Can add incident witness",
        "content_type": 87,
        "codename": "add_incidentwitness"
    }
},
{
    "model": "auth.permission",
    "pk": 358,
    "fields": {
        "name": "Can change incident witness",
        "content_type": 87,
        "codename": "change_incidentwitness"
    }
},
{
    "model": "auth.permission",
    "pk": 359,
    "fields": {
        "name": "Can delete incident witness",
        "content_type": 87,
        "codename": "delete_incidentwitness"
    }
},
{
    "model": "auth.permission",
    "pk": 360,
    "fields": {
        "name": "Can view incident witness",
        "content_type": 87,
        "codename": "view_incidentwitness"
    }
},
{
    "model": "auth.permission",
    "pk": 361,
    "fields": {
        "name": "Can add safety inspection",
        "content_type": 93,
        "codename": "add_safetyinspection"
    }
},
{
    "model": "auth.permission",
    "pk": 362,
    "fields": {
        "name": "Can change safety inspection",
        "content_type": 93,
        "codename": "change_safetyinspection"
    }
},
{
    "model": "auth.permission",
    "pk": 363,
    "fields": {
        "name": "Can delete safety inspection",
        "content_type": 93,
        "codename": "delete_safetyinspection"
    }
},
{
    "model": "auth.permission",
    "pk": 364,
    "fields": {
        "name": "Can view safety inspection",
        "content_type": 93,
        "codename": "view_safetyinspection"
    }
},
{
    "model": "auth.permission",
    "pk": 365,
    "fields": {
        "name": "Can add inspection checklist item",
        "content_type": 88,
        "codename": "add_inspectionchecklistitem"
    }
},
{
    "model": "auth.permission",
    "pk": 366,
    "fields": {
        "name": "Can change inspection checklist item",
        "content_type": 88,
        "codename": "change_inspectionchecklistitem"
    }
},
{
    "model": "auth.permission",
    "pk": 367,
    "fields": {
        "name": "Can delete inspection checklist item",
        "content_type": 88,
        "codename": "delete_inspectionchecklistitem"
    }
},
{
    "model": "auth.permission",
    "pk": 368,
    "fields": {
        "name": "Can view inspection checklist item",
        "content_type": 88,
        "codename": "view_inspectionchecklistitem"
    }
},
{
    "model": "auth.permission",
    "pk": 369,
    "fields": {
        "name": "Can add corrective action",
        "content_type": 86,
        "codename": "add_correctiveaction"
    }
},
{
    "model": "auth.permission",
    "pk": 370,
    "fields": {
        "name": "Can change corrective action",
        "content_type": 86,
        "codename": "change_correctiveaction"
    }
},
{
    "model": "auth.permission",
    "pk": 371,
    "fields": {
        "name": "Can delete corrective action",
        "content_type": 86,
        "codename": "delete_correctiveaction"
    }
},
{
    "model": "auth.permission",
    "pk": 372,
    "fields": {
        "name": "Can view corrective action",
        "content_type": 86,
        "codename": "view_correctiveaction"
    }
},
{
    "model": "auth.permission",
    "pk": 373,
    "fields": {
        "name": "Can add safety training",
        "content_type": 94,
        "codename": "add_safetytraining"
    }
},
{
    "model": "auth.permission",
    "pk": 374,
    "fields": {
        "name": "Can change safety training",
        "content_type": 94,
        "codename": "change_safetytraining"
    }
},
{
    "model": "auth.permission",
    "pk": 375,
    "fields": {
        "name": "Can delete safety training",
        "content_type": 94,
        "codename": "delete_safetytraining"
    }
},
{
    "model": "auth.permission",
    "pk": 376,
    "fields": {
        "name": "Can view safety training",
        "content_type": 94,
        "codename": "view_safetytraining"
    }
},
{
    "model": "auth.permission",
    "pk": 377,
    "fields": {
        "name": "Can add work permit",
        "content_type": 96,
        "codename": "add_workpermit"
    }
},
{
    "model": "auth.permission",
    "pk": 378,
    "fields": {
        "name": "Can change work permit",
        "content_type": 96,
        "codename": "change_workpermit"
    }
},
{
    "model": "auth.permission",
    "pk": 379,
    "fields": {
        "name": "Can delete work permit",
        "content_type": 96,
        "codename": "delete_workpermit"
    }
},
{
    "model": "auth.permission",
    "pk": 380,
    "fields": {
        "name": "Can view work permit",
        "content_type": 96,
        "codename": "view_workpermit"
    }
},
{
    "model": "auth.permission",
    "pk": 381,
    "fields": {
        "name": "Can add training attendee",
        "content_type": 95,
        "codename": "add_trainingattendee"
    }
},
{
    "model": "auth.permission",
    "pk": 382,
    "fields": {
        "name": "Can change training attendee",
        "content_type": 95,
        "codename": "change_trainingattendee"
    }
},
{
    "model": "auth.permission",
    "pk": 383,
    "fields": {
        "name": "Can delete training attendee",
        "content_type": 95,
        "codename": "delete_trainingattendee"
    }
},
{
    "model": "auth.permission",
    "pk": 384,
    "fields": {
        "name": "Can view training attendee",
        "content_type": 95,
        "codename": "view_trainingattendee"
    }
},
{
    "model": "auth.permission",
    "pk": 385,
    "fields": {
        "name": "Can add ppe request",
        "content_type": 97,
        "codename": "add_pperequest"
    }
},
{
    "model": "auth.permission",
    "pk": 386,
    "fields": {
        "name": "Can change ppe request",
        "content_type": 97,
        "codename": "change_pperequest"
    }
},
{
    "model": "auth.permission",
    "pk": 387,
    "fields": {
        "name": "Can delete ppe request",
        "content_type": 97,
        "codename": "delete_pperequest"
    }
},
{
    "model": "auth.permission",
    "pk": 388,
    "fields": {
        "name": "Can view ppe request",
        "content_type": 97,
        "codename": "view_pperequest"
    }
},
{
    "model": "auth.permission",
    "pk": 389,
    "fields": {
        "name": "Can add app notification",
        "content_type": 98,
        "codename": "add_appnotification"
    }
},
{
    "model": "auth.permission",
    "pk": 390,
    "fields": {
        "name": "Can change app notification",
        "content_type": 98,
        "codename": "change_appnotification"
    }
},
{
    "model": "auth.permission",
    "pk": 391,
    "fields": {
        "name": "Can delete app notification",
        "content_type": 98,
        "codename": "delete_appnotification"
    }
},
{
    "model": "auth.permission",
    "pk": 392,
    "fields": {
        "name": "Can view app notification",
        "content_type": 98,
        "codename": "view_appnotification"
    }
},
{
    "model": "auth.permission",
    "pk": 393,
    "fields": {
        "name": "Can add conversation participant",
        "content_type": 100,
        "codename": "add_conversationparticipant"
    }
},
{
    "model": "auth.permission",
    "pk": 394,
    "fields": {
        "name": "Can change conversation participant",
        "content_type": 100,
        "codename": "change_conversationparticipant"
    }
},
{
    "model": "auth.permission",
    "pk": 395,
    "fields": {
        "name": "Can delete conversation participant",
        "content_type": 100,
        "codename": "delete_conversationparticipant"
    }
},
{
    "model": "auth.permission",
    "pk": 396,
    "fields": {
        "name": "Can view conversation participant",
        "content_type": 100,
        "codename": "view_conversationparticipant"
    }
},
{
    "model": "auth.permission",
    "pk": 397,
    "fields": {
        "name": "Can add message attachment",
        "content_type": 102,
        "codename": "add_messageattachment"
    }
},
{
    "model": "auth.permission",
    "pk": 398,
    "fields": {
        "name": "Can change message attachment",
        "content_type": 102,
        "codename": "change_messageattachment"
    }
},
{
    "model": "auth.permission",
    "pk": 399,
    "fields": {
        "name": "Can delete message attachment",
        "content_type": 102,
        "codename": "delete_messageattachment"
    }
},
{
    "model": "auth.permission",
    "pk": 400,
    "fields": {
        "name": "Can view message attachment",
        "content_type": 102,
        "codename": "view_messageattachment"
    }
},
{
    "model": "auth.permission",
    "pk": 401,
    "fields": {
        "name": "Can add message",
        "content_type": 101,
        "codename": "add_message"
    }
},
{
    "model": "auth.permission",
    "pk": 402,
    "fields": {
        "name": "Can change message",
        "content_type": 101,
        "codename": "change_message"
    }
},
{
    "model": "auth.permission",
    "pk": 403,
    "fields": {
        "name": "Can delete message",
        "content_type": 101,
        "codename": "delete_message"
    }
},
{
    "model": "auth.permission",
    "pk": 404,
    "fields": {
        "name": "Can view message",
        "content_type": 101,
        "codename": "view_message"
    }
},
{
    "model": "auth.permission",
    "pk": 405,
    "fields": {
        "name": "Can add user presence",
        "content_type": 103,
        "codename": "add_userpresence"
    }
},
{
    "model": "auth.permission",
    "pk": 406,
    "fields": {
        "name": "Can change user presence",
        "content_type": 103,
        "codename": "change_userpresence"
    }
},
{
    "model": "auth.permission",
    "pk": 407,
    "fields": {
        "name": "Can delete user presence",
        "content_type": 103,
        "codename": "delete_userpresence"
    }
},
{
    "model": "auth.permission",
    "pk": 408,
    "fields": {
        "name": "Can view user presence",
        "content_type": 103,
        "codename": "view_userpresence"
    }
},
{
    "model": "auth.permission",
    "pk": 409,
    "fields": {
        "name": "Can add conversation",
        "content_type": 99,
        "codename": "add_conversation"
    }
},
{
    "model": "auth.permission",
    "pk": 410,
    "fields": {
        "name": "Can change conversation",
        "content_type": 99,
        "codename": "change_conversation"
    }
},
{
    "model": "auth.permission",
    "pk": 411,
    "fields": {
        "name": "Can delete conversation",
        "content_type": 99,
        "codename": "delete_conversation"
    }
},
{
    "model": "auth.permission",
    "pk": 412,
    "fields": {
        "name": "Can view conversation",
        "content_type": 99,
        "codename": "view_conversation"
    }
},
{
    "model": "auth.permission",
    "pk": 413,
    "fields": {
        "name": "Can add email account",
        "content_type": 104,
        "codename": "add_emailaccount"
    }
},
{
    "model": "auth.permission",
    "pk": 414,
    "fields": {
        "name": "Can change email account",
        "content_type": 104,
        "codename": "change_emailaccount"
    }
},
{
    "model": "auth.permission",
    "pk": 415,
    "fields": {
        "name": "Can delete email account",
        "content_type": 104,
        "codename": "delete_emailaccount"
    }
},
{
    "model": "auth.permission",
    "pk": 416,
    "fields": {
        "name": "Can view email account",
        "content_type": 104,
        "codename": "view_emailaccount"
    }
},
{
    "model": "auth.permission",
    "pk": 417,
    "fields": {
        "name": "Can add email attachment",
        "content_type": 105,
        "codename": "add_emailattachment"
    }
},
{
    "model": "auth.permission",
    "pk": 418,
    "fields": {
        "name": "Can change email attachment",
        "content_type": 105,
        "codename": "change_emailattachment"
    }
},
{
    "model": "auth.permission",
    "pk": 419,
    "fields": {
        "name": "Can delete email attachment",
        "content_type": 105,
        "codename": "delete_emailattachment"
    }
},
{
    "model": "auth.permission",
    "pk": 420,
    "fields": {
        "name": "Can view email attachment",
        "content_type": 105,
        "codename": "view_emailattachment"
    }
},
{
    "model": "auth.permission",
    "pk": 421,
    "fields": {
        "name": "Can add email label",
        "content_type": 106,
        "codename": "add_emaillabel"
    }
},
{
    "model": "auth.permission",
    "pk": 422,
    "fields": {
        "name": "Can change email label",
        "content_type": 106,
        "codename": "change_emaillabel"
    }
},
{
    "model": "auth.permission",
    "pk": 423,
    "fields": {
        "name": "Can delete email label",
        "content_type": 106,
        "codename": "delete_emaillabel"
    }
},
{
    "model": "auth.permission",
    "pk": 424,
    "fields": {
        "name": "Can view email label",
        "content_type": 106,
        "codename": "view_emaillabel"
    }
},
{
    "model": "auth.permission",
    "pk": 425,
    "fields": {
        "name": "Can add email message",
        "content_type": 107,
        "codename": "add_emailmessage"
    }
},
{
    "model": "auth.permission",
    "pk": 426,
    "fields": {
        "name": "Can change email message",
        "content_type": 107,
        "codename": "change_emailmessage"
    }
},
{
    "model": "auth.permission",
    "pk": 427,
    "fields": {
        "name": "Can delete email message",
        "content_type": 107,
        "codename": "delete_emailmessage"
    }
},
{
    "model": "auth.permission",
    "pk": 428,
    "fields": {
        "name": "Can view email message",
        "content_type": 107,
        "codename": "view_emailmessage"
    }
},
{
    "model": "auth.permission",
    "pk": 429,
    "fields": {
        "name": "Can add stock batch",
        "content_type": 112,
        "codename": "add_stockbatch"
    }
},
{
    "model": "auth.permission",
    "pk": 430,
    "fields": {
        "name": "Can change stock batch",
        "content_type": 112,
        "codename": "change_stockbatch"
    }
},
{
    "model": "auth.permission",
    "pk": 431,
    "fields": {
        "name": "Can delete stock batch",
        "content_type": 112,
        "codename": "delete_stockbatch"
    }
},
{
    "model": "auth.permission",
    "pk": 432,
    "fields": {
        "name": "Can view stock batch",
        "content_type": 112,
        "codename": "view_stockbatch"
    }
},
{
    "model": "auth.permission",
    "pk": 433,
    "fields": {
        "name": "Can add stock transfer",
        "content_type": 115,
        "codename": "add_stocktransfer"
    }
},
{
    "model": "auth.permission",
    "pk": 434,
    "fields": {
        "name": "Can change stock transfer",
        "content_type": 115,
        "codename": "change_stocktransfer"
    }
},
{
    "model": "auth.permission",
    "pk": 435,
    "fields": {
        "name": "Can delete stock transfer",
        "content_type": 115,
        "codename": "delete_stocktransfer"
    }
},
{
    "model": "auth.permission",
    "pk": 436,
    "fields": {
        "name": "Can view stock transfer",
        "content_type": 115,
        "codename": "view_stocktransfer"
    }
},
{
    "model": "auth.permission",
    "pk": 437,
    "fields": {
        "name": "Can add stock transfer line",
        "content_type": 116,
        "codename": "add_stocktransferline"
    }
},
{
    "model": "auth.permission",
    "pk": 438,
    "fields": {
        "name": "Can change stock transfer line",
        "content_type": 116,
        "codename": "change_stocktransferline"
    }
},
{
    "model": "auth.permission",
    "pk": 439,
    "fields": {
        "name": "Can delete stock transfer line",
        "content_type": 116,
        "codename": "delete_stocktransferline"
    }
},
{
    "model": "auth.permission",
    "pk": 440,
    "fields": {
        "name": "Can view stock transfer line",
        "content_type": 116,
        "codename": "view_stocktransferline"
    }
},
{
    "model": "auth.permission",
    "pk": 441,
    "fields": {
        "name": "Can add department request",
        "content_type": 108,
        "codename": "add_departmentrequest"
    }
},
{
    "model": "auth.permission",
    "pk": 442,
    "fields": {
        "name": "Can change department request",
        "content_type": 108,
        "codename": "change_departmentrequest"
    }
},
{
    "model": "auth.permission",
    "pk": 443,
    "fields": {
        "name": "Can delete department request",
        "content_type": 108,
        "codename": "delete_departmentrequest"
    }
},
{
    "model": "auth.permission",
    "pk": 444,
    "fields": {
        "name": "Can view department request",
        "content_type": 108,
        "codename": "view_departmentrequest"
    }
},
{
    "model": "auth.permission",
    "pk": 445,
    "fields": {
        "name": "Can add department request line",
        "content_type": 109,
        "codename": "add_departmentrequestline"
    }
},
{
    "model": "auth.permission",
    "pk": 446,
    "fields": {
        "name": "Can change department request line",
        "content_type": 109,
        "codename": "change_departmentrequestline"
    }
},
{
    "model": "auth.permission",
    "pk": 447,
    "fields": {
        "name": "Can delete department request line",
        "content_type": 109,
        "codename": "delete_departmentrequestline"
    }
},
{
    "model": "auth.permission",
    "pk": 448,
    "fields": {
        "name": "Can view department request line",
        "content_type": 109,
        "codename": "view_departmentrequestline"
    }
},
{
    "model": "auth.permission",
    "pk": 449,
    "fields": {
        "name": "Can add goods issue note",
        "content_type": 111,
        "codename": "add_goodsissuenote"
    }
},
{
    "model": "auth.permission",
    "pk": 450,
    "fields": {
        "name": "Can change goods issue note",
        "content_type": 111,
        "codename": "change_goodsissuenote"
    }
},
{
    "model": "auth.permission",
    "pk": 451,
    "fields": {
        "name": "Can delete goods issue note",
        "content_type": 111,
        "codename": "delete_goodsissuenote"
    }
},
{
    "model": "auth.permission",
    "pk": 452,
    "fields": {
        "name": "Can view goods issue note",
        "content_type": 111,
        "codename": "view_goodsissuenote"
    }
},
{
    "model": "auth.permission",
    "pk": 453,
    "fields": {
        "name": "Can add goods issue line",
        "content_type": 110,
        "codename": "add_goodsissueline"
    }
},
{
    "model": "auth.permission",
    "pk": 454,
    "fields": {
        "name": "Can change goods issue line",
        "content_type": 110,
        "codename": "change_goodsissueline"
    }
},
{
    "model": "auth.permission",
    "pk": 455,
    "fields": {
        "name": "Can delete goods issue line",
        "content_type": 110,
        "codename": "delete_goodsissueline"
    }
},
{
    "model": "auth.permission",
    "pk": 456,
    "fields": {
        "name": "Can view goods issue line",
        "content_type": 110,
        "codename": "view_goodsissueline"
    }
},
{
    "model": "auth.permission",
    "pk": 457,
    "fields": {
        "name": "Can add stock take",
        "content_type": 113,
        "codename": "add_stocktake"
    }
},
{
    "model": "auth.permission",
    "pk": 458,
    "fields": {
        "name": "Can change stock take",
        "content_type": 113,
        "codename": "change_stocktake"
    }
},
{
    "model": "auth.permission",
    "pk": 459,
    "fields": {
        "name": "Can delete stock take",
        "content_type": 113,
        "codename": "delete_stocktake"
    }
},
{
    "model": "auth.permission",
    "pk": 460,
    "fields": {
        "name": "Can view stock take",
        "content_type": 113,
        "codename": "view_stocktake"
    }
},
{
    "model": "auth.permission",
    "pk": 461,
    "fields": {
        "name": "Can add stock take line",
        "content_type": 114,
        "codename": "add_stocktakeline"
    }
},
{
    "model": "auth.permission",
    "pk": 462,
    "fields": {
        "name": "Can change stock take line",
        "content_type": 114,
        "codename": "change_stocktakeline"
    }
},
{
    "model": "auth.permission",
    "pk": 463,
    "fields": {
        "name": "Can delete stock take line",
        "content_type": 114,
        "codename": "delete_stocktakeline"
    }
},
{
    "model": "auth.permission",
    "pk": 464,
    "fields": {
        "name": "Can view stock take line",
        "content_type": 114,
        "codename": "view_stocktakeline"
    }
},
{
    "model": "auth.permission",
    "pk": 465,
    "fields": {
        "name": "Can add sales order delivery cost",
        "content_type": 117,
        "codename": "add_salesorderdeliverycost"
    }
},
{
    "model": "auth.permission",
    "pk": 466,
    "fields": {
        "name": "Can change sales order delivery cost",
        "content_type": 117,
        "codename": "change_salesorderdeliverycost"
    }
},
{
    "model": "auth.permission",
    "pk": 467,
    "fields": {
        "name": "Can delete sales order delivery cost",
        "content_type": 117,
        "codename": "delete_salesorderdeliverycost"
    }
},
{
    "model": "auth.permission",
    "pk": 468,
    "fields": {
        "name": "Can view sales order delivery cost",
        "content_type": 117,
        "codename": "view_salesorderdeliverycost"
    }
},
{
    "model": "auth.permission",
    "pk": 469,
    "fields": {
        "name": "Can add sales order payment proof",
        "content_type": 119,
        "codename": "add_salesorderpaymentproof"
    }
},
{
    "model": "auth.permission",
    "pk": 470,
    "fields": {
        "name": "Can change sales order payment proof",
        "content_type": 119,
        "codename": "change_salesorderpaymentproof"
    }
},
{
    "model": "auth.permission",
    "pk": 471,
    "fields": {
        "name": "Can delete sales order payment proof",
        "content_type": 119,
        "codename": "delete_salesorderpaymentproof"
    }
},
{
    "model": "auth.permission",
    "pk": 472,
    "fields": {
        "name": "Can view sales order payment proof",
        "content_type": 119,
        "codename": "view_salesorderpaymentproof"
    }
},
{
    "model": "auth.permission",
    "pk": 473,
    "fields": {
        "name": "Can add sales order pickup detail",
        "content_type": 120,
        "codename": "add_salesorderpickupdetail"
    }
},
{
    "model": "auth.permission",
    "pk": 474,
    "fields": {
        "name": "Can change sales order pickup detail",
        "content_type": 120,
        "codename": "change_salesorderpickupdetail"
    }
},
{
    "model": "auth.permission",
    "pk": 475,
    "fields": {
        "name": "Can delete sales order pickup detail",
        "content_type": 120,
        "codename": "delete_salesorderpickupdetail"
    }
},
{
    "model": "auth.permission",
    "pk": 476,
    "fields": {
        "name": "Can view sales order pickup detail",
        "content_type": 120,
        "codename": "view_salesorderpickupdetail"
    }
},
{
    "model": "auth.permission",
    "pk": 477,
    "fields": {
        "name": "Can add sales order dispatch assignment",
        "content_type": 118,
        "codename": "add_salesorderdispatchassignment"
    }
},
{
    "model": "auth.permission",
    "pk": 478,
    "fields": {
        "name": "Can change sales order dispatch assignment",
        "content_type": 118,
        "codename": "change_salesorderdispatchassignment"
    }
},
{
    "model": "auth.permission",
    "pk": 479,
    "fields": {
        "name": "Can delete sales order dispatch assignment",
        "content_type": 118,
        "codename": "delete_salesorderdispatchassignment"
    }
},
{
    "model": "auth.permission",
    "pk": 480,
    "fields": {
        "name": "Can view sales order dispatch assignment",
        "content_type": 118,
        "codename": "view_salesorderdispatchassignment"
    }
},
{
    "model": "auth.permission",
    "pk": 481,
    "fields": {
        "name": "Can add delivery confirmation",
        "content_type": 121,
        "codename": "add_deliveryconfirmation"
    }
},
{
    "model": "auth.permission",
    "pk": 482,
    "fields": {
        "name": "Can change delivery confirmation",
        "content_type": 121,
        "codename": "change_deliveryconfirmation"
    }
},
{
    "model": "auth.permission",
    "pk": 483,
    "fields": {
        "name": "Can delete delivery confirmation",
        "content_type": 121,
        "codename": "delete_deliveryconfirmation"
    }
},
{
    "model": "auth.permission",
    "pk": 484,
    "fields": {
        "name": "Can view delivery confirmation",
        "content_type": 121,
        "codename": "view_deliveryconfirmation"
    }
},
{
    "model": "auth.permission",
    "pk": 485,
    "fields": {
        "name": "Can add delivery trip event",
        "content_type": 122,
        "codename": "add_deliverytripevent"
    }
},
{
    "model": "auth.permission",
    "pk": 486,
    "fields": {
        "name": "Can change delivery trip event",
        "content_type": 122,
        "codename": "change_deliverytripevent"
    }
},
{
    "model": "auth.permission",
    "pk": 487,
    "fields": {
        "name": "Can delete delivery trip event",
        "content_type": 122,
        "codename": "delete_deliverytripevent"
    }
},
{
    "model": "auth.permission",
    "pk": 488,
    "fields": {
        "name": "Can view delivery trip event",
        "content_type": 122,
        "codename": "view_deliverytripevent"
    }
},
{
    "model": "auth.permission",
    "pk": 489,
    "fields": {
        "name": "Can add vehicle condition report",
        "content_type": 123,
        "codename": "add_vehicleconditionreport"
    }
},
{
    "model": "auth.permission",
    "pk": 490,
    "fields": {
        "name": "Can change vehicle condition report",
        "content_type": 123,
        "codename": "change_vehicleconditionreport"
    }
},
{
    "model": "auth.permission",
    "pk": 491,
    "fields": {
        "name": "Can delete vehicle condition report",
        "content_type": 123,
        "codename": "delete_vehicleconditionreport"
    }
},
{
    "model": "auth.permission",
    "pk": 492,
    "fields": {
        "name": "Can view vehicle condition report",
        "content_type": 123,
        "codename": "view_vehicleconditionreport"
    }
},
{
    "model": "auth.permission",
    "pk": 493,
    "fields": {
        "name": "Can add vehicle log",
        "content_type": 132,
        "codename": "add_vehiclelog"
    }
},
{
    "model": "auth.permission",
    "pk": 494,
    "fields": {
        "name": "Can change vehicle log",
        "content_type": 132,
        "codename": "change_vehiclelog"
    }
},
{
    "model": "auth.permission",
    "pk": 495,
    "fields": {
        "name": "Can delete vehicle log",
        "content_type": 132,
        "codename": "delete_vehiclelog"
    }
},
{
    "model": "auth.permission",
    "pk": 496,
    "fields": {
        "name": "Can view vehicle log",
        "content_type": 132,
        "codename": "view_vehiclelog"
    }
},
{
    "model": "auth.permission",
    "pk": 497,
    "fields": {
        "name": "Can add access log",
        "content_type": 124,
        "codename": "add_accesslog"
    }
},
{
    "model": "auth.permission",
    "pk": 498,
    "fields": {
        "name": "Can change access log",
        "content_type": 124,
        "codename": "change_accesslog"
    }
},
{
    "model": "auth.permission",
    "pk": 499,
    "fields": {
        "name": "Can delete access log",
        "content_type": 124,
        "codename": "delete_accesslog"
    }
},
{
    "model": "auth.permission",
    "pk": 500,
    "fields": {
        "name": "Can view access log",
        "content_type": 124,
        "codename": "view_accesslog"
    }
},
{
    "model": "auth.permission",
    "pk": 501,
    "fields": {
        "name": "Can add security incident record",
        "content_type": 127,
        "codename": "add_securityincidentrecord"
    }
},
{
    "model": "auth.permission",
    "pk": 502,
    "fields": {
        "name": "Can change security incident record",
        "content_type": 127,
        "codename": "change_securityincidentrecord"
    }
},
{
    "model": "auth.permission",
    "pk": 503,
    "fields": {
        "name": "Can delete security incident record",
        "content_type": 127,
        "codename": "delete_securityincidentrecord"
    }
},
{
    "model": "auth.permission",
    "pk": 504,
    "fields": {
        "name": "Can view security incident record",
        "content_type": 127,
        "codename": "view_securityincidentrecord"
    }
},
{
    "model": "auth.permission",
    "pk": 505,
    "fields": {
        "name": "Can add security shift officer",
        "content_type": 131,
        "codename": "add_securityshiftofficer"
    }
},
{
    "model": "auth.permission",
    "pk": 506,
    "fields": {
        "name": "Can change security shift officer",
        "content_type": 131,
        "codename": "change_securityshiftofficer"
    }
},
{
    "model": "auth.permission",
    "pk": 507,
    "fields": {
        "name": "Can delete security shift officer",
        "content_type": 131,
        "codename": "delete_securityshiftofficer"
    }
},
{
    "model": "auth.permission",
    "pk": 508,
    "fields": {
        "name": "Can view security shift officer",
        "content_type": 131,
        "codename": "view_securityshiftofficer"
    }
},
{
    "model": "auth.permission",
    "pk": 509,
    "fields": {
        "name": "Can add visitor",
        "content_type": 133,
        "codename": "add_visitor"
    }
},
{
    "model": "auth.permission",
    "pk": 510,
    "fields": {
        "name": "Can change visitor",
        "content_type": 133,
        "codename": "change_visitor"
    }
},
{
    "model": "auth.permission",
    "pk": 511,
    "fields": {
        "name": "Can delete visitor",
        "content_type": 133,
        "codename": "delete_visitor"
    }
},
{
    "model": "auth.permission",
    "pk": 512,
    "fields": {
        "name": "Can view visitor",
        "content_type": 133,
        "codename": "view_visitor"
    }
},
{
    "model": "auth.permission",
    "pk": 513,
    "fields": {
        "name": "Can add security location",
        "content_type": 128,
        "codename": "add_securitylocation"
    }
},
{
    "model": "auth.permission",
    "pk": 514,
    "fields": {
        "name": "Can change security location",
        "content_type": 128,
        "codename": "change_securitylocation"
    }
},
{
    "model": "auth.permission",
    "pk": 515,
    "fields": {
        "name": "Can delete security location",
        "content_type": 128,
        "codename": "delete_securitylocation"
    }
},
{
    "model": "auth.permission",
    "pk": 516,
    "fields": {
        "name": "Can view security location",
        "content_type": 128,
        "codename": "view_securitylocation"
    }
},
{
    "model": "auth.permission",
    "pk": 517,
    "fields": {
        "name": "Can add security shift",
        "content_type": 130,
        "codename": "add_securityshift"
    }
},
{
    "model": "auth.permission",
    "pk": 518,
    "fields": {
        "name": "Can change security shift",
        "content_type": 130,
        "codename": "change_securityshift"
    }
},
{
    "model": "auth.permission",
    "pk": 519,
    "fields": {
        "name": "Can delete security shift",
        "content_type": 130,
        "codename": "delete_securityshift"
    }
},
{
    "model": "auth.permission",
    "pk": 520,
    "fields": {
        "name": "Can view security shift",
        "content_type": 130,
        "codename": "view_securityshift"
    }
},
{
    "model": "auth.permission",
    "pk": 521,
    "fields": {
        "name": "Can add security personnel",
        "content_type": 129,
        "codename": "add_securitypersonnel"
    }
},
{
    "model": "auth.permission",
    "pk": 522,
    "fields": {
        "name": "Can change security personnel",
        "content_type": 129,
        "codename": "change_securitypersonnel"
    }
},
{
    "model": "auth.permission",
    "pk": 523,
    "fields": {
        "name": "Can delete security personnel",
        "content_type": 129,
        "codename": "delete_securitypersonnel"
    }
},
{
    "model": "auth.permission",
    "pk": 524,
    "fields": {
        "name": "Can view security personnel",
        "content_type": 129,
        "codename": "view_securitypersonnel"
    }
},
{
    "model": "auth.permission",
    "pk": 525,
    "fields": {
        "name": "Can add access zone",
        "content_type": 125,
        "codename": "add_accesszone"
    }
},
{
    "model": "auth.permission",
    "pk": 526,
    "fields": {
        "name": "Can change access zone",
        "content_type": 125,
        "codename": "change_accesszone"
    }
},
{
    "model": "auth.permission",
    "pk": 527,
    "fields": {
        "name": "Can delete access zone",
        "content_type": 125,
        "codename": "delete_accesszone"
    }
},
{
    "model": "auth.permission",
    "pk": 528,
    "fields": {
        "name": "Can view access zone",
        "content_type": 125,
        "codename": "view_accesszone"
    }
},
{
    "model": "auth.permission",
    "pk": 529,
    "fields": {
        "name": "Can add inter location movement",
        "content_type": 126,
        "codename": "add_interlocationmovement"
    }
},
{
    "model": "auth.permission",
    "pk": 530,
    "fields": {
        "name": "Can change inter location movement",
        "content_type": 126,
        "codename": "change_interlocationmovement"
    }
},
{
    "model": "auth.permission",
    "pk": 531,
    "fields": {
        "name": "Can delete inter location movement",
        "content_type": 126,
        "codename": "delete_interlocationmovement"
    }
},
{
    "model": "auth.permission",
    "pk": 532,
    "fields": {
        "name": "Can view inter location movement",
        "content_type": 126,
        "codename": "view_interlocationmovement"
    }
},
{
    "model": "auth.permission",
    "pk": 533,
    "fields": {
        "name": "Can add user department",
        "content_type": 134,
        "codename": "add_userdepartment"
    }
},
{
    "model": "auth.permission",
    "pk": 534,
    "fields": {
        "name": "Can change user department",
        "content_type": 134,
        "codename": "change_userdepartment"
    }
},
{
    "model": "auth.permission",
    "pk": 535,
    "fields": {
        "name": "Can delete user department",
        "content_type": 134,
        "codename": "delete_userdepartment"
    }
},
{
    "model": "auth.permission",
    "pk": 536,
    "fields": {
        "name": "Can view user department",
        "content_type": 134,
        "codename": "view_userdepartment"
    }
},
{
    "model": "auth.permission",
    "pk": 537,
    "fields": {
        "name": "Can add work order pending material",
        "content_type": 138,
        "codename": "add_workorderpendingmaterial"
    }
},
{
    "model": "auth.permission",
    "pk": 538,
    "fields": {
        "name": "Can change work order pending material",
        "content_type": 138,
        "codename": "change_workorderpendingmaterial"
    }
},
{
    "model": "auth.permission",
    "pk": 539,
    "fields": {
        "name": "Can delete work order pending material",
        "content_type": 138,
        "codename": "delete_workorderpendingmaterial"
    }
},
{
    "model": "auth.permission",
    "pk": 540,
    "fields": {
        "name": "Can view work order pending material",
        "content_type": 138,
        "codename": "view_workorderpendingmaterial"
    }
},
{
    "model": "auth.permission",
    "pk": 541,
    "fields": {
        "name": "Can add work order progress entry",
        "content_type": 139,
        "codename": "add_workorderprogressentry"
    }
},
{
    "model": "auth.permission",
    "pk": 542,
    "fields": {
        "name": "Can change work order progress entry",
        "content_type": 139,
        "codename": "change_workorderprogressentry"
    }
},
{
    "model": "auth.permission",
    "pk": 543,
    "fields": {
        "name": "Can delete work order progress entry",
        "content_type": 139,
        "codename": "delete_workorderprogressentry"
    }
},
{
    "model": "auth.permission",
    "pk": 544,
    "fields": {
        "name": "Can view work order progress entry",
        "content_type": 139,
        "codename": "view_workorderprogressentry"
    }
},
{
    "model": "auth.permission",
    "pk": 545,
    "fields": {
        "name": "Can add work order pause record",
        "content_type": 137,
        "codename": "add_workorderpauserecord"
    }
},
{
    "model": "auth.permission",
    "pk": 546,
    "fields": {
        "name": "Can change work order pause record",
        "content_type": 137,
        "codename": "change_workorderpauserecord"
    }
},
{
    "model": "auth.permission",
    "pk": 547,
    "fields": {
        "name": "Can delete work order pause record",
        "content_type": 137,
        "codename": "delete_workorderpauserecord"
    }
},
{
    "model": "auth.permission",
    "pk": 548,
    "fields": {
        "name": "Can view work order pause record",
        "content_type": 137,
        "codename": "view_workorderpauserecord"
    }
},
{
    "model": "auth.permission",
    "pk": 549,
    "fields": {
        "name": "Can add work order execution event",
        "content_type": 136,
        "codename": "add_workorderexecutionevent"
    }
},
{
    "model": "auth.permission",
    "pk": 550,
    "fields": {
        "name": "Can change work order execution event",
        "content_type": 136,
        "codename": "change_workorderexecutionevent"
    }
},
{
    "model": "auth.permission",
    "pk": 551,
    "fields": {
        "name": "Can delete work order execution event",
        "content_type": 136,
        "codename": "delete_workorderexecutionevent"
    }
},
{
    "model": "auth.permission",
    "pk": 552,
    "fields": {
        "name": "Can view work order execution event",
        "content_type": 136,
        "codename": "view_workorderexecutionevent"
    }
},
{
    "model": "auth.permission",
    "pk": 553,
    "fields": {
        "name": "Can add finished goods receipt",
        "content_type": 135,
        "codename": "add_finishedgoodsreceipt"
    }
},
{
    "model": "auth.permission",
    "pk": 554,
    "fields": {
        "name": "Can change finished goods receipt",
        "content_type": 135,
        "codename": "change_finishedgoodsreceipt"
    }
},
{
    "model": "auth.permission",
    "pk": 555,
    "fields": {
        "name": "Can delete finished goods receipt",
        "content_type": 135,
        "codename": "delete_finishedgoodsreceipt"
    }
},
{
    "model": "auth.permission",
    "pk": 556,
    "fields": {
        "name": "Can view finished goods receipt",
        "content_type": 135,
        "codename": "view_finishedgoodsreceipt"
    }
},
{
    "model": "auth.permission",
    "pk": 557,
    "fields": {
        "name": "Can add machine breakdown record",
        "content_type": 140,
        "codename": "add_machinebreakdownrecord"
    }
},
{
    "model": "auth.permission",
    "pk": 558,
    "fields": {
        "name": "Can change machine breakdown record",
        "content_type": 140,
        "codename": "change_machinebreakdownrecord"
    }
},
{
    "model": "auth.permission",
    "pk": 559,
    "fields": {
        "name": "Can delete machine breakdown record",
        "content_type": 140,
        "codename": "delete_machinebreakdownrecord"
    }
},
{
    "model": "auth.permission",
    "pk": 560,
    "fields": {
        "name": "Can view machine breakdown record",
        "content_type": 140,
        "codename": "view_machinebreakdownrecord"
    }
},
{
    "model": "contenttypes.contenttype",
    "pk": 1,
    "fields": {
        "app_label": "admin",
        "model": "logentry"
    }
},
{
    "model": "contenttypes.contenttype",
    "pk": 2,
    "fields": {
        "app_label": "auth",
        "model": "group"
    }
},
{
    "model": "contenttypes.contenttype",
    "pk": 3,
    "fields": {
        "app_label": "auth",
        "model": "permission"
    }
},
{
    "model": "contenttypes.contenttype",
    "pk": 4,
    "fields": {
        "app_label": "contenttypes",
        "model": "contenttype"
    }
},
{
    "model": "contenttypes.contenttype",
    "pk": 5,
    "fields": {
        "app_label": "sessions",
        "model": "session"
    }
},
{
    "model": "contenttypes.contenttype",
    "pk": 6,
    "fields": {
        "app_label": "token_blacklist",
        "model": "blacklistedtoken"
    }
},
{
    "model": "contenttypes.contenttype",
    "pk": 7,
    "fields": {
        "app_label": "token_blacklist",
        "model": "outstandingtoken"
    }
},
{
    "model": "contenttypes.contenttype",
    "pk": 8,
    "fields": {
        "app_label": "core",
        "model": "auditlog"
    }
},
{
    "model": "contenttypes.contenttype",
    "pk": 9,
    "fields": {
        "app_label": "core",
        "model": "currency"
    }
},
{
    "model": "contenttypes.contenttype",
    "pk": 10,
    "fields": {
        "app_label": "users",
        "model": "approvalthreshold"
    }
},
{
    "model": "contenttypes.contenttype",
    "pk": 11,
    "fields": {
        "app_label": "users",
        "model": "department"
    }
},
{
    "model": "contenttypes.contenttype",
    "pk": 12,
    "fields": {
        "app_label": "users",
        "model": "permission"
    }
},
{
    "model": "contenttypes.contenttype",
    "pk": 13,
    "fields": {
        "app_label": "users",
        "model": "role"
    }
},
{
    "model": "contenttypes.contenttype",
    "pk": 14,
    "fields": {
        "app_label": "users",
        "model": "user"
    }
},
{
    "model": "contenttypes.contenttype",
    "pk": 15,
    "fields": {
        "app_label": "inventory",
        "model": "item"
    }
},
{
    "model": "contenttypes.contenttype",
    "pk": 16,
    "fields": {
        "app_label": "inventory",
        "model": "itemcategory"
    }
},
{
    "model": "contenttypes.contenttype",
    "pk": 17,
    "fields": {
        "app_label": "inventory",
        "model": "itemserialnumber"
    }
},
{
    "model": "contenttypes.contenttype",
    "pk": 18,
    "fields": {
        "app_label": "inventory",
        "model": "stock"
    }
},
{
    "model": "contenttypes.contenttype",
    "pk": 19,
    "fields": {
        "app_label": "inventory",
        "model": "stockadjustment"
    }
},
{
    "model": "contenttypes.contenttype",
    "pk": 20,
    "fields": {
        "app_label": "inventory",
        "model": "stockalert"
    }
},
{
    "model": "contenttypes.contenttype",
    "pk": 21,
    "fields": {
        "app_label": "inventory",
        "model": "stockmovement"
    }
},
{
    "model": "contenttypes.contenttype",
    "pk": 22,
    "fields": {
        "app_label": "inventory",
        "model": "warehouse"
    }
},
{
    "model": "contenttypes.contenttype",
    "pk": 23,
    "fields": {
        "app_label": "sales",
        "model": "customer"
    }
},
{
    "model": "contenttypes.contenttype",
    "pk": 24,
    "fields": {
        "app_label": "procurement",
        "model": "goodsreceivednote"
    }
},
{
    "model": "contenttypes.contenttype",
    "pk": 25,
    "fields": {
        "app_label": "procurement",
        "model": "grnitem"
    }
},
{
    "model": "contenttypes.contenttype",
    "pk": 26,
    "fields": {
        "app_label": "procurement",
        "model": "invoicepayment"
    }
},
{
    "model": "contenttypes.contenttype",
    "pk": 27,
    "fields": {
        "app_label": "procurement",
        "model": "purchaseorder"
    }
},
{
    "model": "contenttypes.contenttype",
    "pk": 28,
    "fields": {
        "app_label": "procurement",
        "model": "purchaseorderitem"
    }
},
{
    "model": "contenttypes.contenttype",
    "pk": 29,
    "fields": {
        "app_label": "procurement",
        "model": "purchaserequisition"
    }
},
{
    "model": "contenttypes.contenttype",
    "pk": 30,
    "fields": {
        "app_label": "procurement",
        "model": "purchaserequisitionitem"
    }
},
{
    "model": "contenttypes.contenttype",
    "pk": 31,
    "fields": {
        "app_label": "procurement",
        "model": "requestforquotation"
    }
},
{
    "model": "contenttypes.contenttype",
    "pk": 32,
    "fields": {
        "app_label": "procurement",
        "model": "rfqsupplier"
    }
},
{
    "model": "contenttypes.contenttype",
    "pk": 33,
    "fields": {
        "app_label": "procurement",
        "model": "supplier"
    }
},
{
    "model": "contenttypes.contenttype",
    "pk": 34,
    "fields": {
        "app_label": "procurement",
        "model": "supplierinvoice"
    }
},
{
    "model": "contenttypes.contenttype",
    "pk": 35,
    "fields": {
        "app_label": "procurement",
        "model": "supplierquotation"
    }
},
{
    "model": "contenttypes.contenttype",
    "pk": 36,
    "fields": {
        "app_label": "procurement",
        "model": "supplierquotationitem"
    }
},
{
    "model": "contenttypes.contenttype",
    "pk": 37,
    "fields": {
        "app_label": "sales",
        "model": "creditnote"
    }
},
{
    "model": "contenttypes.contenttype",
    "pk": 38,
    "fields": {
        "app_label": "sales",
        "model": "customerpayment"
    }
},
{
    "model": "contenttypes.contenttype",
    "pk": 39,
    "fields": {
        "app_label": "sales",
        "model": "salesinvoice"
    }
},
{
    "model": "contenttypes.contenttype",
    "pk": 40,
    "fields": {
        "app_label": "sales",
        "model": "salesinvoiceitem"
    }
},
{
    "model": "contenttypes.contenttype",
    "pk": 41,
    "fields": {
        "app_label": "sales",
        "model": "salesorder"
    }
},
{
    "model": "contenttypes.contenttype",
    "pk": 42,
    "fields": {
        "app_label": "sales",
        "model": "salesorderactivity"
    }
},
{
    "model": "contenttypes.contenttype",
    "pk": 43,
    "fields": {
        "app_label": "sales",
        "model": "salesorderitem"
    }
},
{
    "model": "contenttypes.contenttype",
    "pk": 44,
    "fields": {
        "app_label": "sales",
        "model": "salesquotation"
    }
},
{
    "model": "contenttypes.contenttype",
    "pk": 45,
    "fields": {
        "app_label": "sales",
        "model": "salesquotationitem"
    }
},
{
    "model": "contenttypes.contenttype",
    "pk": 46,
    "fields": {
        "app_label": "logistics",
        "model": "deliverynote"
    }
},
{
    "model": "contenttypes.contenttype",
    "pk": 47,
    "fields": {
        "app_label": "logistics",
        "model": "deliveryorder"
    }
},
{
    "model": "contenttypes.contenttype",
    "pk": 48,
    "fields": {
        "app_label": "logistics",
        "model": "deliveryorderitem"
    }
},
{
    "model": "contenttypes.contenttype",
    "pk": 49,
    "fields": {
        "app_label": "logistics",
        "model": "driver"
    }
},
{
    "model": "contenttypes.contenttype",
    "pk": 50,
    "fields": {
        "app_label": "logistics",
        "model": "fuelrecord"
    }
},
{
    "model": "contenttypes.contenttype",
    "pk": 51,
    "fields": {
        "app_label": "logistics",
        "model": "vehicle"
    }
},
{
    "model": "contenttypes.contenttype",
    "pk": 52,
    "fields": {
        "app_label": "logistics",
        "model": "vehiclemaintenance"
    }
},
{
    "model": "contenttypes.contenttype",
    "pk": 53,
    "fields": {
        "app_label": "production",
        "model": "billofmaterials"
    }
},
{
    "model": "contenttypes.contenttype",
    "pk": 54,
    "fields": {
        "app_label": "production",
        "model": "bomitem"
    }
},
{
    "model": "contenttypes.contenttype",
    "pk": 55,
    "fields": {
        "app_label": "production",
        "model": "machine"
    }
},
{
    "model": "contenttypes.contenttype",
    "pk": 56,
    "fields": {
        "app_label": "production",
        "model": "machineservicerecord"
    }
},
{
    "model": "contenttypes.contenttype",
    "pk": 57,
    "fields": {
        "app_label": "production",
        "model": "machineusage"
    }
},
{
    "model": "contenttypes.contenttype",
    "pk": 58,
    "fields": {
        "app_label": "production",
        "model": "outputrecord"
    }
},
{
    "model": "contenttypes.contenttype",
    "pk": 59,
    "fields": {
        "app_label": "production",
        "model": "product"
    }
},
{
    "model": "contenttypes.contenttype",
    "pk": 60,
    "fields": {
        "app_label": "production",
        "model": "workorder"
    }
},
{
    "model": "contenttypes.contenttype",
    "pk": 61,
    "fields": {
        "app_label": "production",
        "model": "workordermaterialissue"
    }
},
{
    "model": "contenttypes.contenttype",
    "pk": 62,
    "fields": {
        "app_label": "finance",
        "model": "account"
    }
},
{
    "model": "contenttypes.contenttype",
    "pk": 63,
    "fields": {
        "app_label": "finance",
        "model": "bankaccount"
    }
},
{
    "model": "contenttypes.contenttype",
    "pk": 64,
    "fields": {
        "app_label": "finance",
        "model": "bankreconciliation"
    }
},
{
    "model": "contenttypes.contenttype",
    "pk": 65,
    "fields": {
        "app_label": "finance",
        "model": "bankstatementline"
    }
},
{
    "model": "contenttypes.contenttype",
    "pk": 66,
    "fields": {
        "app_label": "finance",
        "model": "budget"
    }
},
{
    "model": "contenttypes.contenttype",
    "pk": 67,
    "fields": {
        "app_label": "finance",
        "model": "journalentry"
    }
},
{
    "model": "contenttypes.contenttype",
    "pk": 68,
    "fields": {
        "app_label": "finance",
        "model": "journalline"
    }
},
{
    "model": "contenttypes.contenttype",
    "pk": 69,
    "fields": {
        "app_label": "finance",
        "model": "reconciliationmatch"
    }
},
{
    "model": "contenttypes.contenttype",
    "pk": 70,
    "fields": {
        "app_label": "finance",
        "model": "taxsetting"
    }
},
{
    "model": "contenttypes.contenttype",
    "pk": 71,
    "fields": {
        "app_label": "finance",
        "model": "vatperiod"
    }
},
{
    "model": "contenttypes.contenttype",
    "pk": 72,
    "fields": {
        "app_label": "hr",
        "model": "allowanceconfig"
    }
},
{
    "model": "contenttypes.contenttype",
    "pk": 73,
    "fields": {
        "app_label": "hr",
        "model": "appraisal"
    }
},
{
    "model": "contenttypes.contenttype",
    "pk": 74,
    "fields": {
        "app_label": "hr",
        "model": "attendance"
    }
},
{
    "model": "contenttypes.contenttype",
    "pk": 75,
    "fields": {
        "app_label": "hr",
        "model": "companyprofile"
    }
},
{
    "model": "contenttypes.contenttype",
    "pk": 76,
    "fields": {
        "app_label": "hr",
        "model": "disciplinaryrecord"
    }
},
{
    "model": "contenttypes.contenttype",
    "pk": 77,
    "fields": {
        "app_label": "hr",
        "model": "employee"
    }
},
{
    "model": "contenttypes.contenttype",
    "pk": 78,
    "fields": {
        "app_label": "hr",
        "model": "employeeallowance"
    }
},
{
    "model": "contenttypes.contenttype",
    "pk": 79,
    "fields": {
        "app_label": "hr",
        "model": "employeedocument"
    }
},
{
    "model": "contenttypes.contenttype",
    "pk": 80,
    "fields": {
        "app_label": "hr",
        "model": "leaverequest"
    }
},
{
    "model": "contenttypes.contenttype",
    "pk": 81,
    "fields": {
        "app_label": "hr",
        "model": "leavetype"
    }
},
{
    "model": "contenttypes.contenttype",
    "pk": 82,
    "fields": {
        "app_label": "hr",
        "model": "payroll"
    }
},
{
    "model": "contenttypes.contenttype",
    "pk": 83,
    "fields": {
        "app_label": "hr",
        "model": "payrollitem"
    }
},
{
    "model": "contenttypes.contenttype",
    "pk": 84,
    "fields": {
        "app_label": "hr",
        "model": "publicholiday"
    }
},
{
    "model": "contenttypes.contenttype",
    "pk": 85,
    "fields": {
        "app_label": "hr",
        "model": "workinghoursconfig"
    }
},
{
    "model": "contenttypes.contenttype",
    "pk": 86,
    "fields": {
        "app_label": "safety",
        "model": "correctiveaction"
    }
},
{
    "model": "contenttypes.contenttype",
    "pk": 87,
    "fields": {
        "app_label": "safety",
        "model": "incidentwitness"
    }
},
{
    "model": "contenttypes.contenttype",
    "pk": 88,
    "fields": {
        "app_label": "safety",
        "model": "inspectionchecklistitem"
    }
},
{
    "model": "contenttypes.contenttype",
    "pk": 89,
    "fields": {
        "app_label": "safety",
        "model": "ppeissuance"
    }
},
{
    "model": "contenttypes.contenttype",
    "pk": 90,
    "fields": {
        "app_label": "safety",
        "model": "ppeitem"
    }
},
{
    "model": "contenttypes.contenttype",
    "pk": 91,
    "fields": {
        "app_label": "safety",
        "model": "pperolerequirement"
    }
},
{
    "model": "contenttypes.contenttype",
    "pk": 92,
    "fields": {
        "app_label": "safety",
        "model": "safetyincident"
    }
},
{
    "model": "contenttypes.contenttype",
    "pk": 93,
    "fields": {
        "app_label": "safety",
        "model": "safetyinspection"
    }
},
{
    "model": "contenttypes.contenttype",
    "pk": 94,
    "fields": {
        "app_label": "safety",
        "model": "safetytraining"
    }
},
{
    "model": "contenttypes.contenttype",
    "pk": 95,
    "fields": {
        "app_label": "safety",
        "model": "trainingattendee"
    }
},
{
    "model": "contenttypes.contenttype",
    "pk": 96,
    "fields": {
        "app_label": "safety",
        "model": "workpermit"
    }
},
{
    "model": "contenttypes.contenttype",
    "pk": 97,
    "fields": {
        "app_label": "safety",
        "model": "pperequest"
    }
},
{
    "model": "contenttypes.contenttype",
    "pk": 98,
    "fields": {
        "app_label": "messaging",
        "model": "appnotification"
    }
},
{
    "model": "contenttypes.contenttype",
    "pk": 99,
    "fields": {
        "app_label": "messaging",
        "model": "conversation"
    }
},
{
    "model": "contenttypes.contenttype",
    "pk": 100,
    "fields": {
        "app_label": "messaging",
        "model": "conversationparticipant"
    }
},
{
    "model": "contenttypes.contenttype",
    "pk": 101,
    "fields": {
        "app_label": "messaging",
        "model": "message"
    }
},
{
    "model": "contenttypes.contenttype",
    "pk": 102,
    "fields": {
        "app_label": "messaging",
        "model": "messageattachment"
    }
},
{
    "model": "contenttypes.contenttype",
    "pk": 103,
    "fields": {
        "app_label": "messaging",
        "model": "userpresence"
    }
},
{
    "model": "contenttypes.contenttype",
    "pk": 104,
    "fields": {
        "app_label": "email_client",
        "model": "emailaccount"
    }
},
{
    "model": "contenttypes.contenttype",
    "pk": 105,
    "fields": {
        "app_label": "email_client",
        "model": "emailattachment"
    }
},
{
    "model": "contenttypes.contenttype",
    "pk": 106,
    "fields": {
        "app_label": "email_client",
        "model": "emaillabel"
    }
},
{
    "model": "contenttypes.contenttype",
    "pk": 107,
    "fields": {
        "app_label": "email_client",
        "model": "emailmessage"
    }
},
{
    "model": "contenttypes.contenttype",
    "pk": 108,
    "fields": {
        "app_label": "inventory",
        "model": "departmentrequest"
    }
},
{
    "model": "contenttypes.contenttype",
    "pk": 109,
    "fields": {
        "app_label": "inventory",
        "model": "departmentrequestline"
    }
},
{
    "model": "contenttypes.contenttype",
    "pk": 110,
    "fields": {
        "app_label": "inventory",
        "model": "goodsissueline"
    }
},
{
    "model": "contenttypes.contenttype",
    "pk": 111,
    "fields": {
        "app_label": "inventory",
        "model": "goodsissuenote"
    }
},
{
    "model": "contenttypes.contenttype",
    "pk": 112,
    "fields": {
        "app_label": "inventory",
        "model": "stockbatch"
    }
},
{
    "model": "contenttypes.contenttype",
    "pk": 113,
    "fields": {
        "app_label": "inventory",
        "model": "stocktake"
    }
},
{
    "model": "contenttypes.contenttype",
    "pk": 114,
    "fields": {
        "app_label": "inventory",
        "model": "stocktakeline"
    }
},
{
    "model": "contenttypes.contenttype",
    "pk": 115,
    "fields": {
        "app_label": "inventory",
        "model": "stocktransfer"
    }
},
{
    "model": "contenttypes.contenttype",
    "pk": 116,
    "fields": {
        "app_label": "inventory",
        "model": "stocktransferline"
    }
},
{
    "model": "contenttypes.contenttype",
    "pk": 117,
    "fields": {
        "app_label": "sales",
        "model": "salesorderdeliverycost"
    }
},
{
    "model": "contenttypes.contenttype",
    "pk": 118,
    "fields": {
        "app_label": "sales",
        "model": "salesorderdispatchassignment"
    }
},
{
    "model": "contenttypes.contenttype",
    "pk": 119,
    "fields": {
        "app_label": "sales",
        "model": "salesorderpaymentproof"
    }
},
{
    "model": "contenttypes.contenttype",
    "pk": 120,
    "fields": {
        "app_label": "sales",
        "model": "salesorderpickupdetail"
    }
},
{
    "model": "contenttypes.contenttype",
    "pk": 121,
    "fields": {
        "app_label": "logistics",
        "model": "deliveryconfirmation"
    }
},
{
    "model": "contenttypes.contenttype",
    "pk": 122,
    "fields": {
        "app_label": "logistics",
        "model": "deliverytripevent"
    }
},
{
    "model": "contenttypes.contenttype",
    "pk": 123,
    "fields": {
        "app_label": "logistics",
        "model": "vehicleconditionreport"
    }
},
{
    "model": "contenttypes.contenttype",
    "pk": 124,
    "fields": {
        "app_label": "safety",
        "model": "accesslog"
    }
},
{
    "model": "contenttypes.contenttype",
    "pk": 125,
    "fields": {
        "app_label": "safety",
        "model": "accesszone"
    }
},
{
    "model": "contenttypes.contenttype",
    "pk": 126,
    "fields": {
        "app_label": "safety",
        "model": "interlocationmovement"
    }
},
{
    "model": "contenttypes.contenttype",
    "pk": 127,
    "fields": {
        "app_label": "safety",
        "model": "securityincidentrecord"
    }
},
{
    "model": "contenttypes.contenttype",
    "pk": 128,
    "fields": {
        "app_label": "safety",
        "model": "securitylocation"
    }
},
{
    "model": "contenttypes.contenttype",
    "pk": 129,
    "fields": {
        "app_label": "safety",
        "model": "securitypersonnel"
    }
},
{
    "model": "contenttypes.contenttype",
    "pk": 130,
    "fields": {
        "app_label": "safety",
        "model": "securityshift"
    }
},
{
    "model": "contenttypes.contenttype",
    "pk": 131,
    "fields": {
        "app_label": "safety",
        "model": "securityshiftofficer"
    }
},
{
    "model": "contenttypes.contenttype",
    "pk": 132,
    "fields": {
        "app_label": "safety",
        "model": "vehiclelog"
    }
},
{
    "model": "contenttypes.contenttype",
    "pk": 133,
    "fields": {
        "app_label": "safety",
        "model": "visitor"
    }
},
{
    "model": "contenttypes.contenttype",
    "pk": 134,
    "fields": {
        "app_label": "users",
        "model": "userdepartment"
    }
},
{
    "model": "contenttypes.contenttype",
    "pk": 135,
    "fields": {
        "app_label": "production",
        "model": "finishedgoodsreceipt"
    }
},
{
    "model": "contenttypes.contenttype",
    "pk": 136,
    "fields": {
        "app_label": "production",
        "model": "workorderexecutionevent"
    }
},
{
    "model": "contenttypes.contenttype",
    "pk": 137,
    "fields": {
        "app_label": "production",
        "model": "workorderpauserecord"
    }
},
{
    "model": "contenttypes.contenttype",
    "pk": 138,
    "fields": {
        "app_label": "production",
        "model": "workorderpendingmaterial"
    }
},
{
    "model": "contenttypes.contenttype",
    "pk": 139,
    "fields": {
        "app_label": "production",
        "model": "workorderprogressentry"
    }
},
{
    "model": "contenttypes.contenttype",
    "pk": 140,
    "fields": {
        "app_label": "production",
        "model": "machinebreakdownrecord"
    }
},
{
    "model": "sessions.session",
    "pk": "sac6wcerzbbhh23v04aoqvmtvqu3xpad",
    "fields": {
        "session_data": ".eJxVjMsOwiAQRf-FtSEwvF269xvIAINUDU1KuzL-uzbpQrf3nHNfLOK2trgNWuJU2JlJdvrdEuYH9R2UO_bbzPPc12VKfFf4QQe_zoWel8P9O2g42rfOSIoMolFgkwxBBJKESpgC1aGsSmipswFVawJfwFsE56r1wWipLLD3B-YINzo:1wXasT:B_JJsAXr3xZRvyTqW-0K0deECmSQpxQb9wO5gefYvZM",
        "expire_date": "2026-06-25T08:35:05.109Z"
    }
},
{
    "model": "token_blacklist.outstandingtoken",
    "pk": 1,
    "fields": {
        "user": 2,
        "jti": "7d4bee365eb84d98acb5e4d06cfb24d9",
        "token": "eyJhbGciOiJIUzI1NiIsInR5cCI6IkpXVCJ9.eyJ0b2tlbl90eXBlIjoicmVmcmVzaCIsImV4cCI6MTc4MTY3MTM5NCwiaWF0IjoxNzgxMDY2NTk0LCJqdGkiOiI3ZDRiZWUzNjVlYjg0ZDk4YWNiNWU0ZDA2Y2ZiMjRkOSIsInVzZXJfaWQiOiIyIn0.fVBrbt5CEueXbEiNgQsT7HqvmfnwH4wg2ChbK4Rhk1w",
        "created_at": "2026-06-10T04:43:14.120Z",
        "expires_at": "2026-06-17T04:43:14Z"
    }
},
{
    "model": "token_blacklist.outstandingtoken",
    "pk": 2,
    "fields": {
        "user": 2,
        "jti": "c9bc5c6dcfa54b8d9f14feeba67b1ba5",
        "token": "eyJhbGciOiJIUzI1NiIsInR5cCI6IkpXVCJ9.eyJ0b2tlbl90eXBlIjoicmVmcmVzaCIsImV4cCI6MTc4MTY3MTY0NiwiaWF0IjoxNzgxMDY2ODQ2LCJqdGkiOiJjOWJjNWM2ZGNmYTU0YjhkOWYxNGZlZWJhNjdiMWJhNSIsInVzZXJfaWQiOiIyIn0.Lk-SSudhR1OOqKa0cMXAxJkWbus_d372cVA1AG63esQ",
        "created_at": "2026-06-10T04:47:26.356Z",
        "expires_at": "2026-06-17T04:47:26Z"
    }
},
{
    "model": "token_blacklist.outstandingtoken",
    "pk": 3,
    "fields": {
        "user": 1,
        "jti": "16da127d3ee545e59c1af0b9bd45804d",
        "token": "eyJhbGciOiJIUzI1NiIsInR5cCI6IkpXVCJ9.eyJ0b2tlbl90eXBlIjoicmVmcmVzaCIsImV4cCI6MTc4MTY3MzgxMywiaWF0IjoxNzgxMDY5MDEzLCJqdGkiOiIxNmRhMTI3ZDNlZTU0NWU1OWMxYWYwYjliZDQ1ODA0ZCIsInVzZXJfaWQiOiIxIn0.7O6EeZ-6Tgfe_qHG1ID9FJULlXWmEBuqvykWMZf2oQs",
        "created_at": "2026-06-10T05:23:33.733Z",
        "expires_at": "2026-06-17T05:23:33Z"
    }
},
{
    "model": "token_blacklist.outstandingtoken",
    "pk": 4,
    "fields": {
        "user": 2,
        "jti": "3a1a2316115b4ebf8b34a66bc8eef142",
        "token": "eyJhbGciOiJIUzI1NiIsInR5cCI6IkpXVCJ9.eyJ0b2tlbl90eXBlIjoicmVmcmVzaCIsImV4cCI6MTc4MTY3NDMyMSwiaWF0IjoxNzgxMDY5NTIxLCJqdGkiOiIzYTFhMjMxNjExNWI0ZWJmOGIzNGE2NmJjOGVlZjE0MiIsInVzZXJfaWQiOiIyIn0.1JbNHag3Ir67NNvQMmpFLJi2xnFhbEgpr5M8IfykeXc",
        "created_at": "2026-06-10T05:32:01.927Z",
        "expires_at": "2026-06-17T05:32:01Z"
    }
},
{
    "model": "token_blacklist.outstandingtoken",
    "pk": 5,
    "fields": {
        "user": 2,
        "jti": "c093f259e17f4d96854ea2805c749315",
        "token": "eyJhbGciOiJIUzI1NiIsInR5cCI6IkpXVCJ9.eyJ0b2tlbl90eXBlIjoicmVmcmVzaCIsImV4cCI6MTc4MTY3ODMxOCwiaWF0IjoxNzgxMDczNTE4LCJqdGkiOiJjMDkzZjI1OWUxN2Y0ZDk2ODU0ZWEyODA1Yzc0OTMxNSIsInVzZXJfaWQiOiIyIn0.d9_PJuXuJJDtFZrbn-9g_E1BPa_PDAKR_XqBgO_wvRA",
        "created_at": "2026-06-10T06:38:38.971Z",
        "expires_at": "2026-06-17T06:38:38Z"
    }
},
{
    "model": "token_blacklist.outstandingtoken",
    "pk": 6,
    "fields": {
        "user": 2,
        "jti": "982a33b4a3914a6e80c2bab131781660",
        "token": "eyJhbGciOiJIUzI1NiIsInR5cCI6IkpXVCJ9.eyJ0b2tlbl90eXBlIjoicmVmcmVzaCIsImV4cCI6MTc4MTY4MzYwNSwiaWF0IjoxNzgxMDc4ODA1LCJqdGkiOiI5ODJhMzNiNGEzOTE0YTZlODBjMmJhYjEzMTc4MTY2MCIsInVzZXJfaWQiOiIyIn0.0xlSfQEH6rUXwNdP33Jm5y7bffVML1buFr9m0_x73ag",
        "created_at": "2026-06-10T08:06:45.754Z",
        "expires_at": "2026-06-17T08:06:45Z"
    }
},
{
    "model": "token_blacklist.outstandingtoken",
    "pk": 7,
    "fields": {
        "user": 2,
        "jti": "be8125d3dd8c4e15bb3c081ffa6d76ad",
        "token": "eyJhbGciOiJIUzI1NiIsInR5cCI6IkpXVCJ9.eyJ0b2tlbl90eXBlIjoicmVmcmVzaCIsImV4cCI6MTc4MTY4NzQxOSwiaWF0IjoxNzgxMDgyNjE5LCJqdGkiOiJiZTgxMjVkM2RkOGM0ZTE1YmIzYzA4MWZmYTZkNzZhZCIsInVzZXJfaWQiOiIyIn0.9ekrDaEDAuWuJC4ZxHynHRKOpcJ2vOTSt8vgg-dLzxE",
        "created_at": "2026-06-10T09:10:19.219Z",
        "expires_at": "2026-06-17T09:10:19Z"
    }
},
{
    "model": "token_blacklist.outstandingtoken",
    "pk": 8,
    "fields": {
        "user": 1,
        "jti": "b42b297b2eba4749b3eefc2212173b95",
        "token": "eyJhbGciOiJIUzI1NiIsInR5cCI6IkpXVCJ9.eyJ0b2tlbl90eXBlIjoicmVmcmVzaCIsImV4cCI6MTc4MTY4ODU3OSwiaWF0IjoxNzgxMDgzNzc5LCJqdGkiOiJiNDJiMjk3YjJlYmE0NzQ5YjNlZWZjMjIxMjE3M2I5NSIsInVzZXJfaWQiOiIxIn0.zqQitCA60Pdx_YSF6bVXagWL2OBpdkRDKJbmyINo0Rk",
        "created_at": "2026-06-10T09:29:39.377Z",
        "expires_at": "2026-06-17T09:29:39Z"
    }
},
{
    "model": "token_blacklist.outstandingtoken",
    "pk": 9,
    "fields": {
        "user": 1,
        "jti": "2a4ab10c918245c19a550031cc23014d",
        "token": "eyJhbGciOiJIUzI1NiIsInR5cCI6IkpXVCJ9.eyJ0b2tlbl90eXBlIjoicmVmcmVzaCIsImV4cCI6MTc4MTY4ODU4MCwiaWF0IjoxNzgxMDgzNzgwLCJqdGkiOiIyYTRhYjEwYzkxODI0NWMxOWE1NTAwMzFjYzIzMDE0ZCIsInVzZXJfaWQiOiIxIn0.cQfAieEe0QF8zJmRMXTWt1v7StrJD9T671hEE143-uo",
        "created_at": "2026-06-10T09:29:40.506Z",
        "expires_at": "2026-06-17T09:29:40Z"
    }
},
{
    "model": "token_blacklist.outstandingtoken",
    "pk": 10,
    "fields": {
        "user": 1,
        "jti": "5bd87857674c408bad08f71950963c7d",
        "token": "eyJhbGciOiJIUzI1NiIsInR5cCI6IkpXVCJ9.eyJ0b2tlbl90eXBlIjoicmVmcmVzaCIsImV4cCI6MTc4MTY4ODYyMSwiaWF0IjoxNzgxMDgzODIxLCJqdGkiOiI1YmQ4Nzg1NzY3NGM0MDhiYWQwOGY3MTk1MDk2M2M3ZCIsInVzZXJfaWQiOiIxIn0.Xr6lhQaVEIZHjhwUoZm-mNXYYRITpS41-d3lf4j0i7Q",
        "created_at": "2026-06-10T09:30:21.137Z",
        "expires_at": "2026-06-17T09:30:21Z"
    }
},
{
    "model": "token_blacklist.outstandingtoken",
    "pk": 11,
    "fields": {
        "user": 1,
        "jti": "222ec77344fd4c60894ef6da0a4dd199",
        "token": "eyJhbGciOiJIUzI1NiIsInR5cCI6IkpXVCJ9.eyJ0b2tlbl90eXBlIjoicmVmcmVzaCIsImV4cCI6MTc4MTY4OTUyNiwiaWF0IjoxNzgxMDg0NzI2LCJqdGkiOiIyMjJlYzc3MzQ0ZmQ0YzYwODk0ZWY2ZGEwYTRkZDE5OSIsInVzZXJfaWQiOiIxIn0.uyOoL_gxutoFfcAMzaMh2nPKCfQvVLd001P-3K8gWtA",
        "created_at": "2026-06-10T09:45:26.536Z",
        "expires_at": "2026-06-17T09:45:26Z"
    }
},
{
    "model": "token_blacklist.outstandingtoken",
    "pk": 12,
    "fields": {
        "user": 1,
        "jti": "b7202b0ac4d648fd983538fc6dde0f77",
        "token": "eyJhbGciOiJIUzI1NiIsInR5cCI6IkpXVCJ9.eyJ0b2tlbl90eXBlIjoicmVmcmVzaCIsImV4cCI6MTc4MTY5NDY4MSwiaWF0IjoxNzgxMDg5ODgxLCJqdGkiOiJiNzIwMmIwYWM0ZDY0OGZkOTgzNTM4ZmM2ZGRlMGY3NyIsInVzZXJfaWQiOiIxIn0.BbWlPIeTpxqdwv7hLgy1M5JppNm-UJrQ1zJqRmXEiCk",
        "created_at": "2026-06-10T11:11:21.133Z",
        "expires_at": "2026-06-17T11:11:21Z"
    }
},
{
    "model": "token_blacklist.outstandingtoken",
    "pk": 13,
    "fields": {
        "user": 1,
        "jti": "4edd0d75996c48949ad5302ce526753e",
        "token": "eyJhbGciOiJIUzI1NiIsInR5cCI6IkpXVCJ9.eyJ0b2tlbl90eXBlIjoicmVmcmVzaCIsImV4cCI6MTc4MTY5ODM2MCwiaWF0IjoxNzgxMDkzNTYwLCJqdGkiOiI0ZWRkMGQ3NTk5NmM0ODk0OWFkNTMwMmNlNTI2NzUzZSIsInVzZXJfaWQiOiIxIn0.3hM8roCatwn4hVY4rM2fG0qoQGwbsz_DB9zMqm8D6h4",
        "created_at": "2026-06-10T12:12:40.775Z",
        "expires_at": "2026-06-17T12:12:40Z"
    }
},
{
    "model": "token_blacklist.outstandingtoken",
    "pk": 14,
    "fields": {
        "user": 1,
        "jti": "8e297de15a3f4c7fb29be62ab221d8cd",
        "token": "eyJhbGciOiJIUzI1NiIsInR5cCI6IkpXVCJ9.eyJ0b2tlbl90eXBlIjoicmVmcmVzaCIsImV4cCI6MTc4MTcwMTk4MywiaWF0IjoxNzgxMDk3MTgzLCJqdGkiOiI4ZTI5N2RlMTVhM2Y0YzdmYjI5YmU2MmFiMjIxZDhjZCIsInVzZXJfaWQiOiIxIn0.-dfzxs-pRKzbSTPIOvEjmz2qWn3HeHqbd7vg6HsN7yA",
        "created_at": "2026-06-10T13:13:03.044Z",
        "expires_at": "2026-06-17T13:13:03Z"
    }
},
{
    "model": "token_blacklist.outstandingtoken",
    "pk": 15,
    "fields": {
        "user": 1,
        "jti": "1a4fafae30d44263a6e8889021c3e3f1",
        "token": "eyJhbGciOiJIUzI1NiIsInR5cCI6IkpXVCJ9.eyJ0b2tlbl90eXBlIjoicmVmcmVzaCIsImV4cCI6MTc4MTcwODAzOSwiaWF0IjoxNzgxMTAzMjM5LCJqdGkiOiIxYTRmYWZhZTMwZDQ0MjYzYTZlODg4OTAyMWMzZTNmMSIsInVzZXJfaWQiOiIxIn0.erQCpCumBKVTDCB-flSOXHA_NztaTHdhww4yTT8CPCs",
        "created_at": "2026-06-10T14:53:59.204Z",
        "expires_at": "2026-06-17T14:53:59Z"
    }
},
{
    "model": "token_blacklist.outstandingtoken",
    "pk": 16,
    "fields": {
        "user": 1,
        "jti": "3a0939b7d3df4faf8ed2fec9da77eef2",
        "token": "eyJhbGciOiJIUzI1NiIsInR5cCI6IkpXVCJ9.eyJ0b2tlbl90eXBlIjoicmVmcmVzaCIsImV4cCI6MTc4MTcyNjUwNywiaWF0IjoxNzgxMTIxNzA3LCJqdGkiOiIzYTA5MzliN2QzZGY0ZmFmOGVkMmZlYzlkYTc3ZWVmMiIsInVzZXJfaWQiOiIxIn0.3pq-gSWZwXm35UvfUS3X-R67qOEzKy5swVJ61wFc-Zk",
        "created_at": "2026-06-10T20:01:47.390Z",
        "expires_at": "2026-06-17T20:01:47Z"
    }
},
{
    "model": "token_blacklist.outstandingtoken",
    "pk": 17,
    "fields": {
        "user": 1,
        "jti": "6968b9b21c5841558202577deb702bba",
        "token": "eyJhbGciOiJIUzI1NiIsInR5cCI6IkpXVCJ9.eyJ0b2tlbl90eXBlIjoicmVmcmVzaCIsImV4cCI6MTc4MTc2MDIyNSwiaWF0IjoxNzgxMTU1NDI1LCJqdGkiOiI2OTY4YjliMjFjNTg0MTU1ODIwMjU3N2RlYjcwMmJiYSIsInVzZXJfaWQiOiIxIn0.XORl2sGZTailZROgxHu6bQOFyplN6q_MxrjQz6yQjwg",
        "created_at": "2026-06-11T05:23:45.103Z",
        "expires_at": "2026-06-18T05:23:45Z"
    }
},
{
    "model": "token_blacklist.outstandingtoken",
    "pk": 18,
    "fields": {
        "user": 1,
        "jti": "199187fae7b44f7c84dcb5692f73b2c9",
        "token": "eyJhbGciOiJIUzI1NiIsInR5cCI6IkpXVCJ9.eyJ0b2tlbl90eXBlIjoicmVmcmVzaCIsImV4cCI6MTc4MTc2Mzg4NywiaWF0IjoxNzgxMTU5MDg3LCJqdGkiOiIxOTkxODdmYWU3YjQ0ZjdjODRkY2I1NjkyZjczYjJjOSIsInVzZXJfaWQiOiIxIn0.N0njTDqXcU0HTYaBPoBnPBIUcGPG1ru7-D90dAg0E1g",
        "created_at": "2026-06-11T06:24:47.166Z",
        "expires_at": "2026-06-18T06:24:47Z"
    }
},
{
    "model": "token_blacklist.outstandingtoken",
    "pk": 19,
    "fields": {
        "user": 1,
        "jti": "e99aa477c107487482ac7489763eb5dd",
        "token": "eyJhbGciOiJIUzI1NiIsInR5cCI6IkpXVCJ9.eyJ0b2tlbl90eXBlIjoicmVmcmVzaCIsImV4cCI6MTc4MTc2NzQ4NSwiaWF0IjoxNzgxMTYyNjg1LCJqdGkiOiJlOTlhYTQ3N2MxMDc0ODc0ODJhYzc0ODk3NjNlYjVkZCIsInVzZXJfaWQiOiIxIn0.n0MvsrXcvQKbrPLhMU8tf7cJ9gNyxcFaGRWVLeNhGiM",
        "created_at": "2026-06-11T07:24:45.887Z",
        "expires_at": "2026-06-18T07:24:45Z"
    }
},
{
    "model": "token_blacklist.outstandingtoken",
    "pk": 20,
    "fields": {
        "user": 1,
        "jti": "c1445f5ff96a472fadfb0f0bd9534247",
        "token": "eyJhbGciOiJIUzI1NiIsInR5cCI6IkpXVCJ9.eyJ0b2tlbl90eXBlIjoicmVmcmVzaCIsImV4cCI6MTc4MTc2NzQ4MywiaWF0IjoxNzgxMTYyNjgzLCJqdGkiOiJjMTQ0NWY1ZmY5NmE0NzJmYWRmYjBmMGJkOTUzNDI0NyIsInVzZXJfaWQiOiIxIn0.uVPyH6BswR-fRUzsa_ogUEpWwaBVHozub5-i2DwTWPA",
        "created_at": "2026-06-11T07:24:43.692Z",
        "expires_at": "2026-06-18T07:24:43Z"
    }
},
{
    "model": "token_blacklist.outstandingtoken",
    "pk": 21,
    "fields": {
        "user": 1,
        "jti": "596b568607ee43a88868d4f7e38b5e4e",
        "token": "eyJhbGciOiJIUzI1NiIsInR5cCI6IkpXVCJ9.eyJ0b2tlbl90eXBlIjoicmVmcmVzaCIsImV4cCI6MTc4MTc3MTMxMSwiaWF0IjoxNzgxMTY2NTExLCJqdGkiOiI1OTZiNTY4NjA3ZWU0M2E4ODg2OGQ0ZjdlMzhiNWU0ZSIsInVzZXJfaWQiOiIxIn0.Z44wYY9f3rtUaTL3SDLAFs-UjVvI1ptxmO2VTjAAl1Y",
        "created_at": "2026-06-11T08:28:31.846Z",
        "expires_at": "2026-06-18T08:28:31Z"
    }
},
{
    "model": "token_blacklist.outstandingtoken",
    "pk": 22,
    "fields": {
        "user": 1,
        "jti": "93b9005b4c8c405a98022b094277685a",
        "token": "eyJhbGciOiJIUzI1NiIsInR5cCI6IkpXVCJ9.eyJ0b2tlbl90eXBlIjoicmVmcmVzaCIsImV4cCI6MTc4MTc3NTM3OSwiaWF0IjoxNzgxMTcwNTc5LCJqdGkiOiI5M2I5MDA1YjRjOGM0MDVhOTgwMjJiMDk0Mjc3Njg1YSIsInVzZXJfaWQiOiIxIn0.fodn_wDtiDNMcidmP2QsHO1IzkJL3PSOHgxvewD0MFs",
        "created_at": "2026-06-11T09:36:19.125Z",
        "expires_at": "2026-06-18T09:36:19Z"
    }
},
{
    "model": "token_blacklist.outstandingtoken",
    "pk": 23,
    "fields": {
        "user": 1,
        "jti": "113711f5e8894084a85accd42bf21ed4",
        "token": "eyJhbGciOiJIUzI1NiIsInR5cCI6IkpXVCJ9.eyJ0b2tlbl90eXBlIjoicmVmcmVzaCIsImV4cCI6MTc4MTc3OTgwMCwiaWF0IjoxNzgxMTc1MDAwLCJqdGkiOiIxMTM3MTFmNWU4ODk0MDg0YTg1YWNjZDQyYmYyMWVkNCIsInVzZXJfaWQiOiIxIn0.gcxWK8eFH7dv-j0KWGd0VqVR9fL3v8fE3unDsHJj-KY",
        "created_at": "2026-06-11T10:50:00.686Z",
        "expires_at": "2026-06-18T10:50:00Z"
    }
},
{
    "model": "token_blacklist.outstandingtoken",
    "pk": 24,
    "fields": {
        "user": 1,
        "jti": "3196ea9b578148c89f78f4bc352553ba",
        "token": "eyJhbGciOiJIUzI1NiIsInR5cCI6IkpXVCJ9.eyJ0b2tlbl90eXBlIjoicmVmcmVzaCIsImV4cCI6MTc4MTc4NDE0MSwiaWF0IjoxNzgxMTc5MzQxLCJqdGkiOiIzMTk2ZWE5YjU3ODE0OGM4OWY3OGY0YmMzNTI1NTNiYSIsInVzZXJfaWQiOiIxIn0.HZVDpiw26ES3caeJIE7hJRBnven0dwgTF5i3q85Gp8k",
        "created_at": "2026-06-11T12:02:21.238Z",
        "expires_at": "2026-06-18T12:02:21Z"
    }
},
{
    "model": "token_blacklist.outstandingtoken",
    "pk": 25,
    "fields": {
        "user": 1,
        "jti": "c3036d08c61e4e119bdca425ea716521",
        "token": "eyJhbGciOiJIUzI1NiIsInR5cCI6IkpXVCJ9.eyJ0b2tlbl90eXBlIjoicmVmcmVzaCIsImV4cCI6MTc4MTc5MDk5NSwiaWF0IjoxNzgxMTg2MTk1LCJqdGkiOiJjMzAzNmQwOGM2MWU0ZTExOWJkY2E0MjVlYTcxNjUyMSIsInVzZXJfaWQiOiIxIn0.xPjaFAJpkBxgTTKWYD7sWOy_4qlqri2ePju2kvOQdUQ",
        "created_at": "2026-06-11T13:56:35.104Z",
        "expires_at": "2026-06-18T13:56:35Z"
    }
},
{
    "model": "token_blacklist.outstandingtoken",
    "pk": 26,
    "fields": {
        "user": 2,
        "jti": "215668ba0f70434f87f3405440c398db",
        "token": "eyJhbGciOiJIUzI1NiIsInR5cCI6IkpXVCJ9.eyJ0b2tlbl90eXBlIjoicmVmcmVzaCIsImV4cCI6MTc4MTc5Mzk5OCwiaWF0IjoxNzgxMTg5MTk4LCJqdGkiOiIyMTU2NjhiYTBmNzA0MzRmODdmMzQwNTQ0MGMzOThkYiIsInVzZXJfaWQiOiIyIn0.vVXxFsvU9BzvrUW68lWGRE0uf58ZrpD1J64nWaTiMYU",
        "created_at": "2026-06-11T14:46:38.544Z",
        "expires_at": "2026-06-18T14:46:38Z"
    }
},
{
    "model": "token_blacklist.outstandingtoken",
    "pk": 27,
    "fields": {
        "user": 2,
        "jti": "a1b654be507f4d13ae51ba9472435bf0",
        "token": "eyJhbGciOiJIUzI1NiIsInR5cCI6IkpXVCJ9.eyJ0b2tlbl90eXBlIjoicmVmcmVzaCIsImV4cCI6MTc4MTc5NDI5OSwiaWF0IjoxNzgxMTg5NDk5LCJqdGkiOiJhMWI2NTRiZTUwN2Y0ZDEzYWU1MWJhOTQ3MjQzNWJmMCIsInVzZXJfaWQiOiIyIn0.rj1rLrZNg4g0qAvv9-bfiTo19UKPnsJTbOyZAMRhucM",
        "created_at": "2026-06-11T14:51:39.080Z",
        "expires_at": "2026-06-18T14:51:39Z"
    }
},
{
    "model": "token_blacklist.outstandingtoken",
    "pk": 28,
    "fields": {
        "user": 2,
        "jti": "69118cde498a4186a97865a877cc6430",
        "token": "eyJhbGciOiJIUzI1NiIsInR5cCI6IkpXVCJ9.eyJ0b2tlbl90eXBlIjoicmVmcmVzaCIsImV4cCI6MTc4MTc5NDQyMywiaWF0IjoxNzgxMTg5NjIzLCJqdGkiOiI2OTExOGNkZTQ5OGE0MTg2YTk3ODY1YTg3N2NjNjQzMCIsInVzZXJfaWQiOiIyIn0.hIW9gYq8L5sPmG2h9hlhjUuE4rgZShGgtle33clfxoU",
        "created_at": "2026-06-11T14:53:43.560Z",
        "expires_at": "2026-06-18T14:53:43Z"
    }
},
{
    "model": "token_blacklist.outstandingtoken",
    "pk": 29,
    "fields": {
        "user": 3,
        "jti": "4ab31db8cbd146529fc141cea9ce3e59",
        "token": "eyJhbGciOiJIUzI1NiIsInR5cCI6IkpXVCJ9.eyJ0b2tlbl90eXBlIjoicmVmcmVzaCIsImV4cCI6MTc4MTc5NDU4MCwiaWF0IjoxNzgxMTg5NzgwLCJqdGkiOiI0YWIzMWRiOGNiZDE0NjUyOWZjMTQxY2VhOWNlM2U1OSIsInVzZXJfaWQiOiIzIn0.pBCIxaA9VQCw3JrBXi4KOUa9Hw_XrZ0nNdn3raU42B4",
        "created_at": "2026-06-11T14:56:20.240Z",
        "expires_at": "2026-06-18T14:56:20Z"
    }
},
{
    "model": "token_blacklist.outstandingtoken",
    "pk": 30,
    "fields": {
        "user": 2,
        "jti": "074dc015795c48b0ba51b3f2e4ca72ea",
        "token": "eyJhbGciOiJIUzI1NiIsInR5cCI6IkpXVCJ9.eyJ0b2tlbl90eXBlIjoicmVmcmVzaCIsImV4cCI6MTc4MTc5NDcyMCwiaWF0IjoxNzgxMTg5OTIwLCJqdGkiOiIwNzRkYzAxNTc5NWM0OGIwYmE1MWIzZjJlNGNhNzJlYSIsInVzZXJfaWQiOiIyIn0.5rNP-N23nEX1q1TWvQf7PRgB1PV6vcJXG4S8JfkXcOI",
        "created_at": "2026-06-11T14:58:40.595Z",
        "expires_at": "2026-06-18T14:58:40Z"
    }
},
{
    "model": "token_blacklist.outstandingtoken",
    "pk": 31,
    "fields": {
        "user": 2,
        "jti": "5bfdfb64062240ce9d5c0e439411766e",
        "token": "eyJhbGciOiJIUzI1NiIsInR5cCI6IkpXVCJ9.eyJ0b2tlbl90eXBlIjoicmVmcmVzaCIsImV4cCI6MTc4MTc5OTI5NiwiaWF0IjoxNzgxMTk0NDk2LCJqdGkiOiI1YmZkZmI2NDA2MjI0MGNlOWQ1YzBlNDM5NDExNzY2ZSIsInVzZXJfaWQiOiIyIn0.ll7dkfScyPsID0dWWoFOiUD54Q_d08sm6Vv2i9uNa_Y",
        "created_at": "2026-06-11T16:14:56.990Z",
        "expires_at": "2026-06-18T16:14:56Z"
    }
},
{
    "model": "token_blacklist.outstandingtoken",
    "pk": 32,
    "fields": {
        "user": 2,
        "jti": "725116a5f2cf4cc7a3ea74d565b3662d",
        "token": "eyJhbGciOiJIUzI1NiIsInR5cCI6IkpXVCJ9.eyJ0b2tlbl90eXBlIjoicmVmcmVzaCIsImV4cCI6MTc4MTc5OTI5NiwiaWF0IjoxNzgxMTk0NDk2LCJqdGkiOiI3MjUxMTZhNWYyY2Y0Y2M3YTNlYTc0ZDU2NWIzNjYyZCIsInVzZXJfaWQiOiIyIn0.e-g11Rt3OTDwTfcU0uGlsJGmcVP8f2YkQ22eVhgeyj4",
        "created_at": "2026-06-11T16:14:56.998Z",
        "expires_at": "2026-06-18T16:14:56Z"
    }
},
{
    "model": "token_blacklist.outstandingtoken",
    "pk": 33,
    "fields": {
        "user": 2,
        "jti": "0e8ab4611f11463386cb7cf875cc2fce",
        "token": "eyJhbGciOiJIUzI1NiIsInR5cCI6IkpXVCJ9.eyJ0b2tlbl90eXBlIjoicmVmcmVzaCIsImV4cCI6MTc4MTc5OTI5NiwiaWF0IjoxNzgxMTk0NDk2LCJqdGkiOiIwZThhYjQ2MTFmMTE0NjMzODZjYjdjZjg3NWNjMmZjZSIsInVzZXJfaWQiOiIyIn0.u9nGhbVqbtfs843PL8dA8McKNWNKXlWUNYsdwcZZFXY",
        "created_at": "2026-06-11T16:14:56.997Z",
        "expires_at": "2026-06-18T16:14:56Z"
    }
},
{
    "model": "token_blacklist.outstandingtoken",
    "pk": 34,
    "fields": {
        "user": 3,
        "jti": "f01387ac4b574c3bab1a7169b2029dd7",
        "token": "eyJhbGciOiJIUzI1NiIsInR5cCI6IkpXVCJ9.eyJ0b2tlbl90eXBlIjoicmVmcmVzaCIsImV4cCI6MTc4MTg1MDU5MSwiaWF0IjoxNzgxMjQ1NzkxLCJqdGkiOiJmMDEzODdhYzRiNTc0YzNiYWIxYTcxNjliMjAyOWRkNyIsInVzZXJfaWQiOiIzIn0.B6jYxDEdp5rsEWOH5o5Sb8iGnbKJN2kpPfF6FMAgQZo",
        "created_at": "2026-06-12T06:29:51.560Z",
        "expires_at": "2026-06-19T06:29:51Z"
    }
},
{
    "model": "token_blacklist.outstandingtoken",
    "pk": 35,
    "fields": {
        "user": 2,
        "jti": "c4c8f90e8bc74457a97ff8260e0837e3",
        "token": "eyJhbGciOiJIUzI1NiIsInR5cCI6IkpXVCJ9.eyJ0b2tlbl90eXBlIjoicmVmcmVzaCIsImV4cCI6MTc4MTg1MTE3NiwiaWF0IjoxNzgxMjQ2Mzc2LCJqdGkiOiJjNGM4ZjkwZThiYzc0NDU3YTk3ZmY4MjYwZTA4MzdlMyIsInVzZXJfaWQiOiIyIn0.SO654XD9PVphyWfW1nG03grRczsyA3qEy2y7-CsCxTg",
        "created_at": "2026-06-12T06:39:36.914Z",
        "expires_at": "2026-06-19T06:39:36Z"
    }
},
{
    "model": "token_blacklist.outstandingtoken",
    "pk": 36,
    "fields": {
        "user": 2,
        "jti": "e539d91a6d4b48baa8028f08c984f204",
        "token": "eyJhbGciOiJIUzI1NiIsInR5cCI6IkpXVCJ9.eyJ0b2tlbl90eXBlIjoicmVmcmVzaCIsImV4cCI6MTc4MTg1NDc2OSwiaWF0IjoxNzgxMjQ5OTY5LCJqdGkiOiJlNTM5ZDkxYTZkNGI0OGJhYTgwMjhmMDhjOTg0ZjIwNCIsInVzZXJfaWQiOiIyIn0.QsnU_fhlyxpFe5cdsadVdPBf36086qZTm3S0np1HQ8o",
        "created_at": "2026-06-12T07:39:29.690Z",
        "expires_at": "2026-06-19T07:39:29Z"
    }
},
{
    "model": "token_blacklist.outstandingtoken",
    "pk": 37,
    "fields": {
        "user": 2,
        "jti": "cf2dae8d44844593a6fa2da1e1732bfd",
        "token": "eyJhbGciOiJIUzI1NiIsInR5cCI6IkpXVCJ9.eyJ0b2tlbl90eXBlIjoicmVmcmVzaCIsImV4cCI6MTc4MTg1ODU0MCwiaWF0IjoxNzgxMjUzNzQwLCJqdGkiOiJjZjJkYWU4ZDQ0ODQ0NTkzYTZmYTJkYTFlMTczMmJmZCIsInVzZXJfaWQiOiIyIn0.mFYRMZiBCA_TiaKFSKKt6nDv1O8AogopXbT7VkHfSX0",
        "created_at": "2026-06-12T08:42:20.563Z",
        "expires_at": "2026-06-19T08:42:20Z"
    }
},
{
    "model": "token_blacklist.outstandingtoken",
    "pk": 38,
    "fields": {
        "user": 2,
        "jti": "77de84706e6947518d8765f7c79af475",
        "token": "eyJhbGciOiJIUzI1NiIsInR5cCI6IkpXVCJ9.eyJ0b2tlbl90eXBlIjoicmVmcmVzaCIsImV4cCI6MTc4MTg3NTczMywiaWF0IjoxNzgxMjcwOTMzLCJqdGkiOiI3N2RlODQ3MDZlNjk0NzUxOGQ4NzY1ZjdjNzlhZjQ3NSIsInVzZXJfaWQiOiIyIn0.Tx8wSlXnlZqzgGwTuyr9wHwTPphSIHmSP8ZPBJ1dxHU",
        "created_at": "2026-06-12T13:28:53.325Z",
        "expires_at": "2026-06-19T13:28:53Z"
    }
},
{
    "model": "token_blacklist.outstandingtoken",
    "pk": 39,
    "fields": {
        "user": 2,
        "jti": "5a45d8d78701467db3be2d2565cac97d",
        "token": "eyJhbGciOiJIUzI1NiIsInR5cCI6IkpXVCJ9.eyJ0b2tlbl90eXBlIjoicmVmcmVzaCIsImV4cCI6MTc4MTg3NzE5MCwiaWF0IjoxNzgxMjcyMzkwLCJqdGkiOiI1YTQ1ZDhkNzg3MDE0NjdkYjNiZTJkMjU2NWNhYzk3ZCIsInVzZXJfaWQiOiIyIn0.Q1msmo01TbkcFJjV0Fw2jkjVdo7PiUGBFsaOkhwhTZ0",
        "created_at": "2026-06-12T13:53:10.422Z",
        "expires_at": "2026-06-19T13:53:10Z"
    }
},
{
    "model": "token_blacklist.outstandingtoken",
    "pk": 40,
    "fields": {
        "user": 5,
        "jti": "fe5ce14fdee14b669dc45eccd24db658",
        "token": "eyJhbGciOiJIUzI1NiIsInR5cCI6IkpXVCJ9.eyJ0b2tlbl90eXBlIjoicmVmcmVzaCIsImV4cCI6MTc4MTg3NzgzOCwiaWF0IjoxNzgxMjczMDM4LCJqdGkiOiJmZTVjZTE0ZmRlZTE0YjY2OWRjNDVlY2NkMjRkYjY1OCIsInVzZXJfaWQiOiI1In0.1HgxkCDEdGuOSKs_42YNA7IQZj1efyG1LnxMc9yoTBk",
        "created_at": "2026-06-12T14:03:58.293Z",
        "expires_at": "2026-06-19T14:03:58Z"
    }
},
{
    "model": "token_blacklist.outstandingtoken",
    "pk": 41,
    "fields": {
        "user": 5,
        "jti": "f01abe27bb25460683ec1dcecae88270",
        "token": "eyJhbGciOiJIUzI1NiIsInR5cCI6IkpXVCJ9.eyJ0b2tlbl90eXBlIjoicmVmcmVzaCIsImV4cCI6MTc4MTg4MDc4MiwiaWF0IjoxNzgxMjc1OTgyLCJqdGkiOiJmMDFhYmUyN2JiMjU0NjA2ODNlYzFkY2VjYWU4ODI3MCIsInVzZXJfaWQiOiI1In0.raXV3ihFHx-7Z2uYj-Mw5g-lRhLv0Bwep8f4WVNAJtw",
        "created_at": "2026-06-12T14:53:02.441Z",
        "expires_at": "2026-06-19T14:53:02Z"
    }
},
{
    "model": "token_blacklist.outstandingtoken",
    "pk": 42,
    "fields": {
        "user": 6,
        "jti": "7e13ba9a58a847b297ccdb295331e6ee",
        "token": "eyJhbGciOiJIUzI1NiIsInR5cCI6IkpXVCJ9.eyJ0b2tlbl90eXBlIjoicmVmcmVzaCIsImV4cCI6MTc4MTg4MTUzOSwiaWF0IjoxNzgxMjc2NzM5LCJqdGkiOiI3ZTEzYmE5YTU4YTg0N2IyOTdjY2RiMjk1MzMxZTZlZSIsInVzZXJfaWQiOiI2In0.O_HKhhN_CF9i3AIOt93nNbntjUofyqyK5rPP-AfnrYA",
        "created_at": "2026-06-12T15:05:39.031Z",
        "expires_at": "2026-06-19T15:05:39Z"
    }
},
{
    "model": "token_blacklist.outstandingtoken",
    "pk": 43,
    "fields": {
        "user": 5,
        "jti": "a837adffc5c447a594233025dc782810",
        "token": "eyJhbGciOiJIUzI1NiIsInR5cCI6IkpXVCJ9.eyJ0b2tlbl90eXBlIjoicmVmcmVzaCIsImV4cCI6MTc4MTg4MTgxOSwiaWF0IjoxNzgxMjc3MDE5LCJqdGkiOiJhODM3YWRmZmM1YzQ0N2E1OTQyMzMwMjVkYzc4MjgxMCIsInVzZXJfaWQiOiI1In0.e_IYyHPTXNe6TJYZemyJ4KSvrYq5A_Tprwlc3BbpwRI",
        "created_at": "2026-06-12T15:10:19.340Z",
        "expires_at": "2026-06-19T15:10:19Z"
    }
},
{
    "model": "token_blacklist.outstandingtoken",
    "pk": 44,
    "fields": {
        "user": 6,
        "jti": "f6eba30c03cf42a5a47df10a2bad775a",
        "token": "eyJhbGciOiJIUzI1NiIsInR5cCI6IkpXVCJ9.eyJ0b2tlbl90eXBlIjoicmVmcmVzaCIsImV4cCI6MTc4MTg4NTE0NCwiaWF0IjoxNzgxMjgwMzQ0LCJqdGkiOiJmNmViYTMwYzAzY2Y0MmE1YTQ3ZGYxMGEyYmFkNzc1YSIsInVzZXJfaWQiOiI2In0.QL2qMlKrnLhJYegYjH7WLlFJvJJXcmusQfjKzUf7Jwk",
        "created_at": "2026-06-12T16:05:44.188Z",
        "expires_at": "2026-06-19T16:05:44Z"
    }
},
{
    "model": "token_blacklist.outstandingtoken",
    "pk": 45,
    "fields": {
        "user": 5,
        "jti": "908b1fa7cb60422babcb18625888f140",
        "token": "eyJhbGciOiJIUzI1NiIsInR5cCI6IkpXVCJ9.eyJ0b2tlbl90eXBlIjoicmVmcmVzaCIsImV4cCI6MTc4MTg4NTM5OSwiaWF0IjoxNzgxMjgwNTk5LCJqdGkiOiI5MDhiMWZhN2NiNjA0MjJiYWJjYjE4NjI1ODg4ZjE0MCIsInVzZXJfaWQiOiI1In0._8ruoQqVITkrI9oQv0ui_eNXSz6V3QupPYH1qR0xHjM",
        "created_at": "2026-06-12T16:09:59.735Z",
        "expires_at": "2026-06-19T16:09:59Z"
    }
},
{
    "model": "token_blacklist.outstandingtoken",
    "pk": 46,
    "fields": {
        "user": 6,
        "jti": "7896e428c2824f5fa50a4f11ccfcd25b",
        "token": "eyJhbGciOiJIUzI1NiIsInR5cCI6IkpXVCJ9.eyJ0b2tlbl90eXBlIjoicmVmcmVzaCIsImV4cCI6MTc4MTg4NzU4NywiaWF0IjoxNzgxMjgyNzg3LCJqdGkiOiI3ODk2ZTQyOGMyODI0ZjVmYTUwYTRmMTFjY2ZjZDI1YiIsInVzZXJfaWQiOiI2In0.C9xH4ax9RAP3Qa5USR2IKLH5AW9PWBXqgAi09nPVMM8",
        "created_at": "2026-06-12T16:46:27.649Z",
        "expires_at": "2026-06-19T16:46:27Z"
    }
},
{
    "model": "token_blacklist.outstandingtoken",
    "pk": 47,
    "fields": {
        "user": 5,
        "jti": "6618e8f193604c93b52495d0cfd7cc01",
        "token": "eyJhbGciOiJIUzI1NiIsInR5cCI6IkpXVCJ9.eyJ0b2tlbl90eXBlIjoicmVmcmVzaCIsImV4cCI6MTc4MTg4OTQ3MywiaWF0IjoxNzgxMjg0NjczLCJqdGkiOiI2NjE4ZThmMTkzNjA0YzkzYjUyNDk1ZDBjZmQ3Y2MwMSIsInVzZXJfaWQiOiI1In0.oWso29NLWp9m-DWW94lllv9RPN7hFD7CgSt0l8IpSfE",
        "created_at": "2026-06-12T17:17:53.444Z",
        "expires_at": "2026-06-19T17:17:53Z"
    }
},
{
    "model": "token_blacklist.outstandingtoken",
    "pk": 48,
    "fields": {
        "user": 2,
        "jti": "2a63ac7a479d44a19813fb1e6a68a552",
        "token": "eyJhbGciOiJIUzI1NiIsInR5cCI6IkpXVCJ9.eyJ0b2tlbl90eXBlIjoicmVmcmVzaCIsImV4cCI6MTc4MTg5MDU1NSwiaWF0IjoxNzgxMjg1NzU1LCJqdGkiOiIyYTYzYWM3YTQ3OWQ0NGExOTgxM2ZiMWU2YTY4YTU1MiIsInVzZXJfaWQiOiIyIn0.wtvW_qeyflgBcB18paAIqp-F_01n6sjy_eo82GXa104",
        "created_at": "2026-06-12T17:35:55.762Z",
        "expires_at": "2026-06-19T17:35:55Z"
    }
},
{
    "model": "token_blacklist.outstandingtoken",
    "pk": 49,
    "fields": {
        "user": 2,
        "jti": "f90d87ff0ae24c8f9fe5d687f9dfa53b",
        "token": "eyJhbGciOiJIUzI1NiIsInR5cCI6IkpXVCJ9.eyJ0b2tlbl90eXBlIjoicmVmcmVzaCIsImV4cCI6MTc4MTg5NzgxMywiaWF0IjoxNzgxMjkzMDEzLCJqdGkiOiJmOTBkODdmZjBhZTI0YzhmOWZlNWQ2ODdmOWRmYTUzYiIsInVzZXJfaWQiOiIyIn0.jk14jZAycGzhnnIfdWuS5JqqnI8zz46BjOTTq-82NJk",
        "created_at": "2026-06-12T19:36:53.178Z",
        "expires_at": "2026-06-19T19:36:53Z"
    }
},
{
    "model": "token_blacklist.outstandingtoken",
    "pk": 50,
    "fields": {
        "user": 5,
        "jti": "07cb806fd1214bf7b0f4582075fe728b",
        "token": "eyJhbGciOiJIUzI1NiIsInR5cCI6IkpXVCJ9.eyJ0b2tlbl90eXBlIjoicmVmcmVzaCIsImV4cCI6MTc4MTg5OTE1MCwiaWF0IjoxNzgxMjk0MzUwLCJqdGkiOiIwN2NiODA2ZmQxMjE0YmY3YjBmNDU4MjA3NWZlNzI4YiIsInVzZXJfaWQiOiI1In0.bNQaEMQkO49asdwk5o2ehuWzOgNxeF6OEfo_ziviEKk",
        "created_at": "2026-06-12T19:59:10.658Z",
        "expires_at": "2026-06-19T19:59:10Z"
    }
},
{
    "model": "token_blacklist.outstandingtoken",
    "pk": 51,
    "fields": {
        "user": 6,
        "jti": "3f6a9382dcdb411eb1d09772a4ac610f",
        "token": "eyJhbGciOiJIUzI1NiIsInR5cCI6IkpXVCJ9.eyJ0b2tlbl90eXBlIjoicmVmcmVzaCIsImV4cCI6MTc4MTg5OTI5NywiaWF0IjoxNzgxMjk0NDk3LCJqdGkiOiIzZjZhOTM4MmRjZGI0MTFlYjFkMDk3NzJhNGFjNjEwZiIsInVzZXJfaWQiOiI2In0.nV3mEvVrpP0Zsmcn9L1Y6lyT1OlD40UpQaykm_nmz4E",
        "created_at": "2026-06-12T20:01:37.537Z",
        "expires_at": "2026-06-19T20:01:37Z"
    }
},
{
    "model": "token_blacklist.outstandingtoken",
    "pk": 52,
    "fields": {
        "user": 1,
        "jti": "d7ab023831b74a1289c6332b021a8ce9",
        "token": "eyJhbGciOiJIUzI1NiIsInR5cCI6IkpXVCJ9.eyJ0b2tlbl90eXBlIjoicmVmcmVzaCIsImV4cCI6MTc4MTg5OTk1MSwiaWF0IjoxNzgxMjk1MTUxLCJqdGkiOiJkN2FiMDIzODMxYjc0YTEyODljNjMzMmIwMjFhOGNlOSIsInVzZXJfaWQiOiIxIn0.OuJoAvh3GN20-faeQDowb3ZS6gPY5oUdkuC-KlEAe98",
        "created_at": "2026-06-12T20:12:31.211Z",
        "expires_at": "2026-06-19T20:12:31Z"
    }
},
{
    "model": "token_blacklist.outstandingtoken",
    "pk": 53,
    "fields": {
        "user": 5,
        "jti": "6eaac793a9d242c6a3e6a9ec8faaa28f",
        "token": "eyJhbGciOiJIUzI1NiIsInR5cCI6IkpXVCJ9.eyJ0b2tlbl90eXBlIjoicmVmcmVzaCIsImV4cCI6MTc4MTkwMzM0MSwiaWF0IjoxNzgxMjk4NTQxLCJqdGkiOiI2ZWFhYzc5M2E5ZDI0MmM2YTNlNmE5ZWM4ZmFhYTI4ZiIsInVzZXJfaWQiOiI1In0.BZ07hTENPXv96U-vqdekRzju-MNk1Gl1llKhOHCwxUQ",
        "created_at": "2026-06-12T21:09:01.715Z",
        "expires_at": "2026-06-19T21:09:01Z"
    }
},
{
    "model": "token_blacklist.outstandingtoken",
    "pk": 54,
    "fields": {
        "user": 6,
        "jti": "db18813dc77841a9a6dc5891bbdcd441",
        "token": "eyJhbGciOiJIUzI1NiIsInR5cCI6IkpXVCJ9.eyJ0b2tlbl90eXBlIjoicmVmcmVzaCIsImV4cCI6MTc4MTkwMzQ5NiwiaWF0IjoxNzgxMjk4Njk2LCJqdGkiOiJkYjE4ODEzZGM3Nzg0MWE5YTZkYzU4OTFiYmRjZDQ0MSIsInVzZXJfaWQiOiI2In0.ApxlyQYRZIIfeQiVbJVJdjvpaTxmmUkWIbX5IOUeGLQ",
        "created_at": "2026-06-12T21:11:36.185Z",
        "expires_at": "2026-06-19T21:11:36Z"
    }
},
{
    "model": "token_blacklist.outstandingtoken",
    "pk": 55,
    "fields": {
        "user": 5,
        "jti": "7ecee7aa67094fd18a2c2d6d0870159e",
        "token": "eyJhbGciOiJIUzI1NiIsInR5cCI6IkpXVCJ9.eyJ0b2tlbl90eXBlIjoicmVmcmVzaCIsImV4cCI6MTc4MTkyODUzNywiaWF0IjoxNzgxMzIzNzM3LCJqdGkiOiI3ZWNlZTdhYTY3MDk0ZmQxOGEyYzJkNmQwODcwMTU5ZSIsInVzZXJfaWQiOiI1In0.0lX_FTnMXI8qVT2gs-xyRRQLccKvqxUmpdHnnBFygfA",
        "created_at": "2026-06-13T04:08:57.007Z",
        "expires_at": "2026-06-20T04:08:57Z"
    }
},
{
    "model": "token_blacklist.outstandingtoken",
    "pk": 56,
    "fields": {
        "user": 1,
        "jti": "b2f84d537eeb42c68e8bdec7b1470057",
        "token": "eyJhbGciOiJIUzI1NiIsInR5cCI6IkpXVCJ9.eyJ0b2tlbl90eXBlIjoicmVmcmVzaCIsImV4cCI6MTc4MTkzODAxNSwiaWF0IjoxNzgxMzMzMjE1LCJqdGkiOiJiMmY4NGQ1MzdlZWI0MmM2OGU4YmRlYzdiMTQ3MDA1NyIsInVzZXJfaWQiOiIxIn0.U8Ya8nR6aKoNV8dEs2ddjQPr_KXcrrNooYcRTDZ2aLI",
        "created_at": "2026-06-13T06:46:55.262Z",
        "expires_at": "2026-06-20T06:46:55Z"
    }
},
{
    "model": "token_blacklist.outstandingtoken",
    "pk": 57,
    "fields": {
        "user": 6,
        "jti": "dd63d09909754b7895bc3b569a5890fe",
        "token": "eyJhbGciOiJIUzI1NiIsInR5cCI6IkpXVCJ9.eyJ0b2tlbl90eXBlIjoicmVmcmVzaCIsImV4cCI6MTc4MTkzOTc3MCwiaWF0IjoxNzgxMzM0OTcwLCJqdGkiOiJkZDYzZDA5OTA5NzU0Yjc4OTViYzNiNTY5YTU4OTBmZSIsInVzZXJfaWQiOiI2In0.WM3zDgizxzq5rTmNfo567s-BbVavBx4Mt6B6iJeh8lw",
        "created_at": "2026-06-13T07:16:10.220Z",
        "expires_at": "2026-06-20T07:16:10Z"
    }
},
{
    "model": "token_blacklist.outstandingtoken",
    "pk": 58,
    "fields": {
        "user": 6,
        "jti": "4c32e1e4ba92464bbda9a6b851b8fa33",
        "token": "eyJhbGciOiJIUzI1NiIsInR5cCI6IkpXVCJ9.eyJ0b2tlbl90eXBlIjoicmVmcmVzaCIsImV4cCI6MTc4MTkzOTc3MCwiaWF0IjoxNzgxMzM0OTcwLCJqdGkiOiI0YzMyZTFlNGJhOTI0NjRiYmRhOWE2Yjg1MWI4ZmEzMyIsInVzZXJfaWQiOiI2In0.FDtNxoOfd3ybL7r1tSDE33lh_LbrszdqSc9V3x02R_o",
        "created_at": "2026-06-13T07:16:10.225Z",
        "expires_at": "2026-06-20T07:16:10Z"
    }
},
{
    "model": "token_blacklist.outstandingtoken",
    "pk": 59,
    "fields": {
        "user": 5,
        "jti": "9899dbf4da8c455fa9cf9e92d4b0e8f4",
        "token": "eyJhbGciOiJIUzI1NiIsInR5cCI6IkpXVCJ9.eyJ0b2tlbl90eXBlIjoicmVmcmVzaCIsImV4cCI6MTc4MTk0MDAwNSwiaWF0IjoxNzgxMzM1MjA1LCJqdGkiOiI5ODk5ZGJmNGRhOGM0NTVmYTljZjllOTJkNGIwZThmNCIsInVzZXJfaWQiOiI1In0.EFYF_dayd457-wNVKZbt4n-RumXVzlyu4mDQtzNGVoc",
        "created_at": "2026-06-13T07:20:05.814Z",
        "expires_at": "2026-06-20T07:20:05Z"
    }
},
{
    "model": "token_blacklist.outstandingtoken",
    "pk": 60,
    "fields": {
        "user": 1,
        "jti": "86b0d66223ab40caab4de93aef5e9c83",
        "token": "eyJhbGciOiJIUzI1NiIsInR5cCI6IkpXVCJ9.eyJ0b2tlbl90eXBlIjoicmVmcmVzaCIsImV4cCI6MTc4MTk0MTc0MiwiaWF0IjoxNzgxMzM2OTQyLCJqdGkiOiI4NmIwZDY2MjIzYWI0MGNhYWI0ZGU5M2FlZjVlOWM4MyIsInVzZXJfaWQiOiIxIn0.BGhef68KLlx3y1XD_8S-CCzkKlaZ3VFaRZ4Jk_HXhkM",
        "created_at": "2026-06-13T07:49:02.233Z",
        "expires_at": "2026-06-20T07:49:02Z"
    }
},
{
    "model": "token_blacklist.outstandingtoken",
    "pk": 61,
    "fields": {
        "user": 1,
        "jti": "b93e37d9c23d428d81a9dff4c563a53b",
        "token": "eyJhbGciOiJIUzI1NiIsInR5cCI6IkpXVCJ9.eyJ0b2tlbl90eXBlIjoicmVmcmVzaCIsImV4cCI6MTc4MTk0MTc5NywiaWF0IjoxNzgxMzM2OTk3LCJqdGkiOiJiOTNlMzdkOWMyM2Q0MjhkODFhOWRmZjRjNTYzYTUzYiIsInVzZXJfaWQiOiIxIn0.CcPqJqnFD2SMuPzLG4JWEG8Udk2V-aaIfHtIGcm_yAg",
        "created_at": "2026-06-13T07:49:57.900Z",
        "expires_at": "2026-06-20T07:49:57Z"
    }
},
{
    "model": "token_blacklist.outstandingtoken",
    "pk": 62,
    "fields": {
        "user": 1,
        "jti": "2a811516c1af4a7aa1b6ff1f73cecc8f",
        "token": "eyJhbGciOiJIUzI1NiIsInR5cCI6IkpXVCJ9.eyJ0b2tlbl90eXBlIjoicmVmcmVzaCIsImV4cCI6MTc4MTk0MTgyMSwiaWF0IjoxNzgxMzM3MDIxLCJqdGkiOiIyYTgxMTUxNmMxYWY0YTdhYTFiNmZmMWY3M2NlY2M4ZiIsInVzZXJfaWQiOiIxIn0.e5zP53AtJZt-ivtVkttzZecbU98DqNoLj582QKHRm_k",
        "created_at": "2026-06-13T07:50:21.613Z",
        "expires_at": "2026-06-20T07:50:21Z"
    }
},
{
    "model": "token_blacklist.outstandingtoken",
    "pk": 63,
    "fields": {
        "user": 3,
        "jti": "888706ae350c43e68d9b1b9d6d24183a",
        "token": "eyJhbGciOiJIUzI1NiIsInR5cCI6IkpXVCJ9.eyJ0b2tlbl90eXBlIjoicmVmcmVzaCIsImV4cCI6MTc4MTk0MjM1NywiaWF0IjoxNzgxMzM3NTU3LCJqdGkiOiI4ODg3MDZhZTM1MGM0M2U2OGQ5YjFiOWQ2ZDI0MTgzYSIsInVzZXJfaWQiOiIzIn0.cnIRD2GyQEJW1R03KIfPKg-ADFo4VlYHDjObn_e-Xgk",
        "created_at": "2026-06-13T07:59:17.195Z",
        "expires_at": "2026-06-20T07:59:17Z"
    }
},
{
    "model": "token_blacklist.outstandingtoken",
    "pk": 64,
    "fields": {
        "user": 6,
        "jti": "734abee6ed774a1b871ba42dec9803d3",
        "token": "eyJhbGciOiJIUzI1NiIsInR5cCI6IkpXVCJ9.eyJ0b2tlbl90eXBlIjoicmVmcmVzaCIsImV4cCI6MTc4MTk0MzM3NSwiaWF0IjoxNzgxMzM4NTc1LCJqdGkiOiI3MzRhYmVlNmVkNzc0YTFiODcxYmE0MmRlYzk4MDNkMyIsInVzZXJfaWQiOiI2In0.Gdg-ExNk2uO0gyUUxb3xaD5Q4rkZ5tLPvxcaMq46KdQ",
        "created_at": "2026-06-13T08:16:15.197Z",
        "expires_at": "2026-06-20T08:16:15Z"
    }
},
{
    "model": "token_blacklist.outstandingtoken",
    "pk": 65,
    "fields": {
        "user": 7,
        "jti": "230f23e985f743c49160285d510bf5af",
        "token": "eyJhbGciOiJIUzI1NiIsInR5cCI6IkpXVCJ9.eyJ0b2tlbl90eXBlIjoicmVmcmVzaCIsImV4cCI6MTc4MTk0NDc3NCwiaWF0IjoxNzgxMzM5OTc0LCJqdGkiOiIyMzBmMjNlOTg1Zjc0M2M0OTE2MDI4NWQ1MTBiZjVhZiIsInVzZXJfaWQiOiI3In0.iyp3UmhzKSf_f_Dgud_Elv5KH6jEax5wtzQ9fFGHDUE",
        "created_at": "2026-06-13T08:39:34.973Z",
        "expires_at": "2026-06-20T08:39:34Z"
    }
},
{
    "model": "token_blacklist.outstandingtoken",
    "pk": 66,
    "fields": {
        "user": 6,
        "jti": "c907a709e3834ee7893d9d8b169b2411",
        "token": "eyJhbGciOiJIUzI1NiIsInR5cCI6IkpXVCJ9.eyJ0b2tlbl90eXBlIjoicmVmcmVzaCIsImV4cCI6MTc4MTk0ODMyOCwiaWF0IjoxNzgxMzQzNTI4LCJqdGkiOiJjOTA3YTcwOWUzODM0ZWU3ODkzZDlkOGIxNjliMjQxMSIsInVzZXJfaWQiOiI2In0.6QNhaWPE5c3ltFH_VdlBdoAq6WRqX5bhR0uDFOBW5k4",
        "created_at": "2026-06-13T09:38:48.424Z",
        "expires_at": "2026-06-20T09:38:48Z"
    }
},
{
    "model": "token_blacklist.outstandingtoken",
    "pk": 67,
    "fields": {
        "user": 7,
        "jti": "14f5dffe8f2841c08aabd3240c0b993d",
        "token": "eyJhbGciOiJIUzI1NiIsInR5cCI6IkpXVCJ9.eyJ0b2tlbl90eXBlIjoicmVmcmVzaCIsImV4cCI6MTc4MTk0ODM3NywiaWF0IjoxNzgxMzQzNTc3LCJqdGkiOiIxNGY1ZGZmZThmMjg0MWMwOGFhYmQzMjQwYzBiOTkzZCIsInVzZXJfaWQiOiI3In0.13qw-DazlvTXKSrV3VvoP6lcmUQDcFiew_v2bcj38qY",
        "created_at": "2026-06-13T09:39:37.936Z",
        "expires_at": "2026-06-20T09:39:37Z"
    }
},
{
    "model": "token_blacklist.outstandingtoken",
    "pk": 68,
    "fields": {
        "user": 7,
        "jti": "bf98a2b2ea3c457fa3497723bd82820f",
        "token": "eyJhbGciOiJIUzI1NiIsInR5cCI6IkpXVCJ9.eyJ0b2tlbl90eXBlIjoicmVmcmVzaCIsImV4cCI6MTc4MTk0ODQxMSwiaWF0IjoxNzgxMzQzNjExLCJqdGkiOiJiZjk4YTJiMmVhM2M0NTdmYTM0OTc3MjNiZDgyODIwZiIsInVzZXJfaWQiOiI3In0.tvuTjfbldtRu7cUgTeFIeqsuWfGZ3dE3dyeoN62FnIg",
        "created_at": "2026-06-13T09:40:11.570Z",
        "expires_at": "2026-06-20T09:40:11Z"
    }
},
{
    "model": "token_blacklist.outstandingtoken",
    "pk": 69,
    "fields": {
        "user": 5,
        "jti": "9f61e60c34e54379917eab5dfc07469a",
        "token": "eyJhbGciOiJIUzI1NiIsInR5cCI6IkpXVCJ9.eyJ0b2tlbl90eXBlIjoicmVmcmVzaCIsImV4cCI6MTc4MTk0OTM0MSwiaWF0IjoxNzgxMzQ0NTQxLCJqdGkiOiI5ZjYxZTYwYzM0ZTU0Mzc5OTE3ZWFiNWRmYzA3NDY5YSIsInVzZXJfaWQiOiI1In0.nYBz5-icRHJEWRlrbs7DR31b0Seejpbrj8jKa4hQlNQ",
        "created_at": "2026-06-13T09:55:41.255Z",
        "expires_at": "2026-06-20T09:55:41Z"
    }
},
{
    "model": "token_blacklist.outstandingtoken",
    "pk": 70,
    "fields": {
        "user": 7,
        "jti": "24738acd77634d74b17e889e3f63516a",
        "token": "eyJhbGciOiJIUzI1NiIsInR5cCI6IkpXVCJ9.eyJ0b2tlbl90eXBlIjoicmVmcmVzaCIsImV4cCI6MTc4MTk1NDAyNywiaWF0IjoxNzgxMzQ5MjI3LCJqdGkiOiIyNDczOGFjZDc3NjM0ZDc0YjE3ZTg4OWUzZjYzNTE2YSIsInVzZXJfaWQiOiI3In0.7ArY77-VMYZ0cTFP71VPHUIMtaJarwp9_y3lSjKPHFc",
        "created_at": "2026-06-13T11:13:47.392Z",
        "expires_at": "2026-06-20T11:13:47Z"
    }
},
{
    "model": "token_blacklist.outstandingtoken",
    "pk": 71,
    "fields": {
        "user": 6,
        "jti": "53b37992ec8d4abb83d94fd63a33c174",
        "token": "eyJhbGciOiJIUzI1NiIsInR5cCI6IkpXVCJ9.eyJ0b2tlbl90eXBlIjoicmVmcmVzaCIsImV4cCI6MTc4MTk1NjY2MCwiaWF0IjoxNzgxMzUxODYwLCJqdGkiOiI1M2IzNzk5MmVjOGQ0YWJiODNkOTRmZDYzYTMzYzE3NCIsInVzZXJfaWQiOiI2In0.IxAA5t3vy_jeIm7gS8Yu9AkJugKYKCwASQ8DVcqPPB0",
        "created_at": "2026-06-13T11:57:40.120Z",
        "expires_at": "2026-06-20T11:57:40Z"
    }
},
{
    "model": "token_blacklist.outstandingtoken",
    "pk": 72,
    "fields": {
        "user": 5,
        "jti": "67592396ead94d91a0b5d4339ced10f4",
        "token": "eyJhbGciOiJIUzI1NiIsInR5cCI6IkpXVCJ9.eyJ0b2tlbl90eXBlIjoicmVmcmVzaCIsImV4cCI6MTc4MTk1Njc0MiwiaWF0IjoxNzgxMzUxOTQyLCJqdGkiOiI2NzU5MjM5NmVhZDk0ZDkxYTBiNWQ0MzM5Y2VkMTBmNCIsInVzZXJfaWQiOiI1In0.J4KaMDN8glzVnEOeX-OE3KEv9scnoYZVqXi_tQrRMG4",
        "created_at": "2026-06-13T11:59:02.521Z",
        "expires_at": "2026-06-20T11:59:02Z"
    }
},
{
    "model": "token_blacklist.outstandingtoken",
    "pk": 73,
    "fields": {
        "user": 7,
        "jti": "e863f402b07f452f9997da145ceff9a0",
        "token": "eyJhbGciOiJIUzI1NiIsInR5cCI6IkpXVCJ9.eyJ0b2tlbl90eXBlIjoicmVmcmVzaCIsImV4cCI6MTc4MTk1NzY5OCwiaWF0IjoxNzgxMzUyODk4LCJqdGkiOiJlODYzZjQwMmIwN2Y0NTJmOTk5N2RhMTQ1Y2VmZjlhMCIsInVzZXJfaWQiOiI3In0.Wit3eKVjSKL_1lFGopYZemvWuqGPYuyAJ5xV60BXUuE",
        "created_at": "2026-06-13T12:14:58.957Z",
        "expires_at": "2026-06-20T12:14:58Z"
    }
},
{
    "model": "token_blacklist.outstandingtoken",
    "pk": 74,
    "fields": {
        "user": 10,
        "jti": "64840ea19d614f6e9f8327ff674af5ae",
        "token": "eyJhbGciOiJIUzI1NiIsInR5cCI6IkpXVCJ9.eyJ0b2tlbl90eXBlIjoicmVmcmVzaCIsImV4cCI6MTc4MTk1ODQ3OSwiaWF0IjoxNzgxMzUzNjc5LCJqdGkiOiI2NDg0MGVhMTlkNjE0ZjZlOWY4MzI3ZmY2NzRhZjVhZSIsInVzZXJfaWQiOiIxMCJ9.CG5sYH4PW0XmzbIxnAYUk4jhd2Tf0r4jS0-miJeCkd8",
        "created_at": "2026-06-13T12:27:59.454Z",
        "expires_at": "2026-06-20T12:27:59Z"
    }
},
{
    "model": "token_blacklist.outstandingtoken",
    "pk": 75,
    "fields": {
        "user": 6,
        "jti": "19cb1ea592d14477ae421942b4a80e70",
        "token": "eyJhbGciOiJIUzI1NiIsInR5cCI6IkpXVCJ9.eyJ0b2tlbl90eXBlIjoicmVmcmVzaCIsImV4cCI6MTc4MTk2MzQ2MCwiaWF0IjoxNzgxMzU4NjYwLCJqdGkiOiIxOWNiMWVhNTkyZDE0NDc3YWU0MjE5NDJiNGE4MGU3MCIsInVzZXJfaWQiOiI2In0.yMkwzmX-2OFXWVeZsid7iCF51VMADZf9z02K5EubuKQ",
        "created_at": "2026-06-13T13:51:00.838Z",
        "expires_at": "2026-06-20T13:51:00Z"
    }
},
{
    "model": "token_blacklist.outstandingtoken",
    "pk": 76,
    "fields": {
        "user": 10,
        "jti": "2bfbde068e2f4766ac55852fc67f3c26",
        "token": "eyJhbGciOiJIUzI1NiIsInR5cCI6IkpXVCJ9.eyJ0b2tlbl90eXBlIjoicmVmcmVzaCIsImV4cCI6MTc4MTk2NDUzMiwiaWF0IjoxNzgxMzU5NzMyLCJqdGkiOiIyYmZiZGUwNjhlMmY0NzY2YWM1NTg1MmZjNjdmM2MyNiIsInVzZXJfaWQiOiIxMCJ9.x8YaHUcfxv4awgf7ibAZeCE1LgpUbmccr7kacflWu8k",
        "created_at": "2026-06-13T14:08:52.972Z",
        "expires_at": "2026-06-20T14:08:52Z"
    }
},
{
    "model": "token_blacklist.outstandingtoken",
    "pk": 77,
    "fields": {
        "user": 10,
        "jti": "8af9051d64ab47b8b48880ae2cdb7a07",
        "token": "eyJhbGciOiJIUzI1NiIsInR5cCI6IkpXVCJ9.eyJ0b2tlbl90eXBlIjoicmVmcmVzaCIsImV4cCI6MTc4MTk2NDk0NCwiaWF0IjoxNzgxMzYwMTQ0LCJqdGkiOiI4YWY5MDUxZDY0YWI0N2I4YjQ4ODgwYWUyY2RiN2EwNyIsInVzZXJfaWQiOiIxMCJ9.rCbBH1I6av4NXYC3GFOfb75yqZ-6f83JXDp5Sb2JbtU",
        "created_at": "2026-06-13T14:15:44.979Z",
        "expires_at": "2026-06-20T14:15:44Z"
    }
},
{
    "model": "token_blacklist.outstandingtoken",
    "pk": 78,
    "fields": {
        "user": 6,
        "jti": "b16873785ea64f1d82fec570055e4a23",
        "token": "eyJhbGciOiJIUzI1NiIsInR5cCI6IkpXVCJ9.eyJ0b2tlbl90eXBlIjoicmVmcmVzaCIsImV4cCI6MTc4MTk2NzI3NSwiaWF0IjoxNzgxMzYyNDc1LCJqdGkiOiJiMTY4NzM3ODVlYTY0ZjFkODJmZWM1NzAwNTVlNGEyMyIsInVzZXJfaWQiOiI2IiwibmFtZSI6Ik5hb21pIE1vbGxlbCIsInByaW1hcnlfZGVwYXJ0bWVudCI6IkxvZ2lzdGljcyIsInByaW1hcnlfZGVwYXJ0bWVudF9pZCI6NCwiaXNfbXVsdGlfZGVwYXJ0bWVudCI6dHJ1ZSwiZGVwYXJ0bWVudHMiOlt7ImlkIjo0LCJuYW1lIjoiTG9naXN0aWNzIiwicm9sZSI6IkhPRCBMb2dpc3RpY3MiLCJyb2xlX2lkIjoxMCwicHJpbWFyeSI6dHJ1ZX0seyJpZCI6MiwibmFtZSI6IlByb2N1cmVtZW50Iiwicm9sZSI6IkhPRCBQcm9jdXJlbWVudCIsInJvbGVfaWQiOjUsInByaW1hcnkiOnRydWV9LHsiaWQiOjMsIm5hbWUiOiJTYWxlcyIsInJvbGUiOiJIT0QgU2FsZXMiLCJyb2xlX2lkIjo4LCJwcmltYXJ5Ijp0cnVlfV0sIm1vZHVsZXMiOlsiZW1haWwiLCJpbnZlbnRvcnkiLCJsb2dpc3RpY3MiLCJtZXNzYWdpbmciLCJwcm9jdXJlbWVudCIsInNhbGVzIiwic2V0dGluZ3MiXSwicGVybWlzc2lvbnMiOlt7Im1vZHVsZSI6ImVtYWlsIiwiYWN0aW9uIjoiY3JlYXRlIn0seyJtb2R1bGUiOiJlbWFpbCIsImFjdGlvbiI6ImRlbGV0ZSJ9LHsibW9kdWxlIjoiZW1haWwiLCJhY3Rpb24iOiJxdWVyeSJ9LHsibW9kdWxlIjoiZW1haWwiLCJhY3Rpb24iOiJyZWFkIn0seyJtb2R1bGUiOiJlbWFpbCIsImFjdGlvbiI6InVwZGF0ZSJ9LHsibW9kdWxlIjoiaW52ZW50b3J5IiwiYWN0aW9uIjoiYXBwcm92ZSJ9LHsibW9kdWxlIjoiaW52ZW50b3J5IiwiYWN0aW9uIjoiY3JlYXRlIn0seyJtb2R1bGUiOiJpbnZlbnRvcnkiLCJhY3Rpb24iOiJkZWxldGUifSx7Im1vZHVsZSI6ImludmVudG9yeSIsImFjdGlvbiI6InF1ZXJ5In0seyJtb2R1bGUiOiJpbnZlbnRvcnkiLCJhY3Rpb24iOiJyZWFkIn0seyJtb2R1bGUiOiJpbnZlbnRvcnkiLCJhY3Rpb24iOiJ1cGRhdGUifSx7Im1vZHVsZSI6ImxvZ2lzdGljcyIsImFjdGlvbiI6ImFwcHJvdmUifSx7Im1vZHVsZSI6ImxvZ2lzdGljcyIsImFjdGlvbiI6ImNyZWF0ZSJ9LHsibW9kdWxlIjoibG9naXN0aWNzIiwiYWN0aW9uIjoiZGVsZXRlIn0seyJtb2R1bGUiOiJsb2dpc3RpY3MiLCJhY3Rpb24iOiJxdWVyeSJ9LHsibW9kdWxlIjoibG9naXN0aWNzIiwiYWN0aW9uIjoicmVhZCJ9LHsibW9kdWxlIjoibG9naXN0aWNzIiwiYWN0aW9uIjoidXBkYXRlIn0seyJtb2R1bGUiOiJtZXNzYWdpbmciLCJhY3Rpb24iOiJjcmVhdGUifSx7Im1vZHVsZSI6Im1lc3NhZ2luZyIsImFjdGlvbiI6ImRlbGV0ZSJ9LHsibW9kdWxlIjoibWVzc2FnaW5nIiwiYWN0aW9uIjoicXVlcnkifSx7Im1vZHVsZSI6Im1lc3NhZ2luZyIsImFjdGlvbiI6InJlYWQifSx7Im1vZHVsZSI6Im1lc3NhZ2luZyIsImFjdGlvbiI6InVwZGF0ZSJ9LHsibW9kdWxlIjoicHJvY3VyZW1lbnQiLCJhY3Rpb24iOiJhcHByb3ZlIn0seyJtb2R1bGUiOiJwcm9jdXJlbWVudCIsImFjdGlvbiI6ImNyZWF0ZSJ9LHsibW9kdWxlIjoicHJvY3VyZW1lbnQiLCJhY3Rpb24iOiJkZWxldGUifSx7Im1vZHVsZSI6InByb2N1cmVtZW50IiwiYWN0aW9uIjoicXVlcnkifSx7Im1vZHVsZSI6InByb2N1cmVtZW50IiwiYWN0aW9uIjoicmVhZCJ9LHsibW9kdWxlIjoicHJvY3VyZW1lbnQiLCJhY3Rpb24iOiJ1cGRhdGUifSx7Im1vZHVsZSI6InNhbGVzIiwiYWN0aW9uIjoiYXBwcm92ZSJ9LHsibW9kdWxlIjoic2FsZXMiLCJhY3Rpb24iOiJjcmVhdGUifSx7Im1vZHVsZSI6InNhbGVzIiwiYWN0aW9uIjoiZGVsZXRlIn0seyJtb2R1bGUiOiJzYWxlcyIsImFjdGlvbiI6InF1ZXJ5In0seyJtb2R1bGUiOiJzYWxlcyIsImFjdGlvbiI6InJlYWQifSx7Im1vZHVsZSI6InNhbGVzIiwiYWN0aW9uIjoidXBkYXRlIn0seyJtb2R1bGUiOiJzZXR0aW5ncyIsImFjdGlvbiI6InJlYWQifSx7Im1vZHVsZSI6InNldHRpbmdzIiwiYWN0aW9uIjoidXBkYXRlIn1dfQ.DikD96mUJFBX--aTelRT58UB9F1I3LBnjWxIuToNTr8",
        "created_at": "2026-06-13T14:54:35.959Z",
        "expires_at": "2026-06-20T14:54:35Z"
    }
},
{
    "model": "token_blacklist.outstandingtoken",
    "pk": 79,
    "fields": {
        "user": 10,
        "jti": "cf5f39d1e63842bfb9eade1adde1f6bc",
        "token": "eyJhbGciOiJIUzI1NiIsInR5cCI6IkpXVCJ9.eyJ0b2tlbl90eXBlIjoicmVmcmVzaCIsImV4cCI6MTc4MTk2ODU1MiwiaWF0IjoxNzgxMzYzNzUyLCJqdGkiOiJjZjVmMzlkMWU2Mzg0MmJmYjllYWRlMWFkZGUxZjZiYyIsInVzZXJfaWQiOiIxMCIsIm5hbWUiOiJKb3NlcGggSm9zZXBoIiwicHJpbWFyeV9kZXBhcnRtZW50IjoiRmluYW5jZSIsInByaW1hcnlfZGVwYXJ0bWVudF9pZCI6MSwiaXNfbXVsdGlfZGVwYXJ0bWVudCI6ZmFsc2UsImRlcGFydG1lbnRzIjpbeyJpZCI6MSwibmFtZSI6IkZpbmFuY2UiLCJyb2xlIjoiSE9EIEZpbmFuY2UiLCJyb2xlX2lkIjo0LCJwcmltYXJ5Ijp0cnVlfV0sIm1vZHVsZXMiOlsiZW1haWwiLCJmaW5hbmNlIiwiaW52ZW50b3J5IiwibWVzc2FnaW5nIiwic2V0dGluZ3MiXSwicGVybWlzc2lvbnMiOlt7Im1vZHVsZSI6ImVtYWlsIiwiYWN0aW9uIjoiY3JlYXRlIn0seyJtb2R1bGUiOiJlbWFpbCIsImFjdGlvbiI6ImRlbGV0ZSJ9LHsibW9kdWxlIjoiZW1haWwiLCJhY3Rpb24iOiJxdWVyeSJ9LHsibW9kdWxlIjoiZW1haWwiLCJhY3Rpb24iOiJyZWFkIn0seyJtb2R1bGUiOiJlbWFpbCIsImFjdGlvbiI6InVwZGF0ZSJ9LHsibW9kdWxlIjoiZmluYW5jZSIsImFjdGlvbiI6ImFwcHJvdmUifSx7Im1vZHVsZSI6ImZpbmFuY2UiLCJhY3Rpb24iOiJjcmVhdGUifSx7Im1vZHVsZSI6ImZpbmFuY2UiLCJhY3Rpb24iOiJkZWxldGUifSx7Im1vZHVsZSI6ImZpbmFuY2UiLCJhY3Rpb24iOiJxdWVyeSJ9LHsibW9kdWxlIjoiZmluYW5jZSIsImFjdGlvbiI6InJlYWQifSx7Im1vZHVsZSI6ImZpbmFuY2UiLCJhY3Rpb24iOiJ1cGRhdGUifSx7Im1vZHVsZSI6Im1lc3NhZ2luZyIsImFjdGlvbiI6ImNyZWF0ZSJ9LHsibW9kdWxlIjoibWVzc2FnaW5nIiwiYWN0aW9uIjoiZGVsZXRlIn0seyJtb2R1bGUiOiJtZXNzYWdpbmciLCJhY3Rpb24iOiJxdWVyeSJ9LHsibW9kdWxlIjoibWVzc2FnaW5nIiwiYWN0aW9uIjoicmVhZCJ9LHsibW9kdWxlIjoibWVzc2FnaW5nIiwiYWN0aW9uIjoidXBkYXRlIn0seyJtb2R1bGUiOiJzZXR0aW5ncyIsImFjdGlvbiI6InJlYWQifSx7Im1vZHVsZSI6InNldHRpbmdzIiwiYWN0aW9uIjoidXBkYXRlIn1dfQ.ps2MScU3c5TFQ1xHePSZU_sVvGjzLRX8UNmEFUc6Mi0",
        "created_at": "2026-06-13T15:15:52.678Z",
        "expires_at": "2026-06-20T15:15:52Z"
    }
},
{
    "model": "token_blacklist.outstandingtoken",
    "pk": 80,
    "fields": {
        "user": 11,
        "jti": "52a9dbeae7c9441c9eb78f1ce9209076",
        "token": "eyJhbGciOiJIUzI1NiIsInR5cCI6IkpXVCJ9.eyJ0b2tlbl90eXBlIjoicmVmcmVzaCIsImV4cCI6MTc4MTk2ODk3MywiaWF0IjoxNzgxMzY0MTczLCJqdGkiOiI1MmE5ZGJlYWU3Yzk0NDFjOWViNzhmMWNlOTIwOTA3NiIsInVzZXJfaWQiOiIxMSJ9._jJm3TE5kX5nKIWLFSJq9boethOwUai2yku38N0LQBc",
        "created_at": "2026-06-13T15:22:53.598Z",
        "expires_at": "2026-06-20T15:22:53Z"
    }
},
{
    "model": "token_blacklist.outstandingtoken",
    "pk": 81,
    "fields": {
        "user": 11,
        "jti": "89b5bd87e8a9463d9158dc821fbb9d1f",
        "token": "eyJhbGciOiJIUzI1NiIsInR5cCI6IkpXVCJ9.eyJ0b2tlbl90eXBlIjoicmVmcmVzaCIsImV4cCI6MTc4MTk2OTQwOSwiaWF0IjoxNzgxMzY0NjA5LCJqdGkiOiI4OWI1YmQ4N2U4YTk0NjNkOTE1OGRjODIxZmJiOWQxZiIsInVzZXJfaWQiOiIxMSJ9.WJ_cJHnP1H38IpwXmy-JxFG02emJ957OJqpkoXQDq8g",
        "created_at": "2026-06-13T15:30:09.349Z",
        "expires_at": "2026-06-20T15:30:09Z"
    }
},
{
    "model": "token_blacklist.outstandingtoken",
    "pk": 82,
    "fields": {
        "user": 12,
        "jti": "25450c9f979749a6ab8324e782207dae",
        "token": "eyJhbGciOiJIUzI1NiIsInR5cCI6IkpXVCJ9.eyJ0b2tlbl90eXBlIjoicmVmcmVzaCIsImV4cCI6MTc4MTk3MDMyOCwiaWF0IjoxNzgxMzY1NTI4LCJqdGkiOiIyNTQ1MGM5Zjk3OTc0OWE2YWI4MzI0ZTc4MjIwN2RhZSIsInVzZXJfaWQiOiIxMiJ9.t_UJCf-rHFvR2xZIgniuMOQVSknuHTRSxIU-Z0h3Umo",
        "created_at": "2026-06-13T15:45:28.557Z",
        "expires_at": "2026-06-20T15:45:28Z"
    }
},
{
    "model": "token_blacklist.outstandingtoken",
    "pk": 83,
    "fields": {
        "user": 12,
        "jti": "cb10c46d263640e484e88f00b775698d",
        "token": "eyJhbGciOiJIUzI1NiIsInR5cCI6IkpXVCJ9.eyJ0b2tlbl90eXBlIjoicmVmcmVzaCIsImV4cCI6MTc4MTk3ODY3MSwiaWF0IjoxNzgxMzczODcxLCJqdGkiOiJjYjEwYzQ2ZDI2MzY0MGU0ODRlODhmMDBiNzc1Njk4ZCIsInVzZXJfaWQiOiIxMiIsIm5hbWUiOiJpbm5vY2VudCBQYXNjaGFsaW8iLCJwcmltYXJ5X2RlcGFydG1lbnQiOiJTYWZldHkiLCJwcmltYXJ5X2RlcGFydG1lbnRfaWQiOjcsImlzX211bHRpX2RlcGFydG1lbnQiOmZhbHNlLCJkZXBhcnRtZW50cyI6W3siaWQiOjcsIm5hbWUiOiJTYWZldHkiLCJyb2xlIjoiU2FmZXR5IE9mZmljZXIiLCJyb2xlX2lkIjoxNSwicHJpbWFyeSI6dHJ1ZX1dLCJtb2R1bGVzIjpbImVtYWlsIiwibWVzc2FnaW5nIiwic2FmZXR5Iiwic2V0dGluZ3MiXSwicGVybWlzc2lvbnMiOlt7Im1vZHVsZSI6ImVtYWlsIiwiYWN0aW9uIjoiY3JlYXRlIn0seyJtb2R1bGUiOiJlbWFpbCIsImFjdGlvbiI6ImRlbGV0ZSJ9LHsibW9kdWxlIjoiZW1haWwiLCJhY3Rpb24iOiJxdWVyeSJ9LHsibW9kdWxlIjoiZW1haWwiLCJhY3Rpb24iOiJyZWFkIn0seyJtb2R1bGUiOiJlbWFpbCIsImFjdGlvbiI6InVwZGF0ZSJ9LHsibW9kdWxlIjoibWVzc2FnaW5nIiwiYWN0aW9uIjoiY3JlYXRlIn0seyJtb2R1bGUiOiJtZXNzYWdpbmciLCJhY3Rpb24iOiJkZWxldGUifSx7Im1vZHVsZSI6Im1lc3NhZ2luZyIsImFjdGlvbiI6InF1ZXJ5In0seyJtb2R1bGUiOiJtZXNzYWdpbmciLCJhY3Rpb24iOiJyZWFkIn0seyJtb2R1bGUiOiJtZXNzYWdpbmciLCJhY3Rpb24iOiJ1cGRhdGUifSx7Im1vZHVsZSI6InNhZmV0eSIsImFjdGlvbiI6ImFwcHJvdmUifSx7Im1vZHVsZSI6InNhZmV0eSIsImFjdGlvbiI6ImNyZWF0ZSJ9LHsibW9kdWxlIjoic2FmZXR5IiwiYWN0aW9uIjoiZGVsZXRlIn0seyJtb2R1bGUiOiJzYWZldHkiLCJhY3Rpb24iOiJxdWVyeSJ9LHsibW9kdWxlIjoic2FmZXR5IiwiYWN0aW9uIjoicmVhZCJ9LHsibW9kdWxlIjoic2FmZXR5IiwiYWN0aW9uIjoidXBkYXRlIn0seyJtb2R1bGUiOiJzZXR0aW5ncyIsImFjdGlvbiI6InJlYWQifSx7Im1vZHVsZSI6InNldHRpbmdzIiwiYWN0aW9uIjoidXBkYXRlIn1dfQ.U-jqOoaZqnqcPynHBBf679IFc-Z4wFhtjb3FdTlpzbc",
        "created_at": "2026-06-13T18:04:31.725Z",
        "expires_at": "2026-06-20T18:04:31Z"
    }
},
{
    "model": "token_blacklist.outstandingtoken",
    "pk": 84,
    "fields": {
        "user": 6,
        "jti": "393fd2a6276f48bfb9dabcc154dfdbe7",
        "token": "eyJhbGciOiJIUzI1NiIsInR5cCI6IkpXVCJ9.eyJ0b2tlbl90eXBlIjoicmVmcmVzaCIsImV4cCI6MTc4MTk4MDc2NywiaWF0IjoxNzgxMzc1OTY3LCJqdGkiOiIzOTNmZDJhNjI3NmY0OGJmYjlkYWJjYzE1NGRmZGJlNyIsInVzZXJfaWQiOiI2IiwibmFtZSI6Ik5hb21pIE1vbGxlbCIsInByaW1hcnlfZGVwYXJ0bWVudCI6IkxvZ2lzdGljcyIsInByaW1hcnlfZGVwYXJ0bWVudF9pZCI6NCwiaXNfbXVsdGlfZGVwYXJ0bWVudCI6dHJ1ZSwiZGVwYXJ0bWVudHMiOlt7ImlkIjo0LCJuYW1lIjoiTG9naXN0aWNzIiwicm9sZSI6IkhPRCBMb2dpc3RpY3MiLCJyb2xlX2lkIjoxMCwicHJpbWFyeSI6dHJ1ZX0seyJpZCI6MiwibmFtZSI6IlByb2N1cmVtZW50Iiwicm9sZSI6IkhPRCBQcm9jdXJlbWVudCIsInJvbGVfaWQiOjUsInByaW1hcnkiOnRydWV9LHsiaWQiOjMsIm5hbWUiOiJTYWxlcyIsInJvbGUiOiJIT0QgU2FsZXMiLCJyb2xlX2lkIjo4LCJwcmltYXJ5Ijp0cnVlfV0sIm1vZHVsZXMiOlsiZW1haWwiLCJpbnZlbnRvcnkiLCJsb2dpc3RpY3MiLCJtZXNzYWdpbmciLCJwcm9jdXJlbWVudCIsInNhbGVzIiwic2V0dGluZ3MiXSwicGVybWlzc2lvbnMiOlt7Im1vZHVsZSI6ImVtYWlsIiwiYWN0aW9uIjoiY3JlYXRlIn0seyJtb2R1bGUiOiJlbWFpbCIsImFjdGlvbiI6ImRlbGV0ZSJ9LHsibW9kdWxlIjoiZW1haWwiLCJhY3Rpb24iOiJxdWVyeSJ9LHsibW9kdWxlIjoiZW1haWwiLCJhY3Rpb24iOiJyZWFkIn0seyJtb2R1bGUiOiJlbWFpbCIsImFjdGlvbiI6InVwZGF0ZSJ9LHsibW9kdWxlIjoiaW52ZW50b3J5IiwiYWN0aW9uIjoiYXBwcm92ZSJ9LHsibW9kdWxlIjoiaW52ZW50b3J5IiwiYWN0aW9uIjoiY3JlYXRlIn0seyJtb2R1bGUiOiJpbnZlbnRvcnkiLCJhY3Rpb24iOiJkZWxldGUifSx7Im1vZHVsZSI6ImludmVudG9yeSIsImFjdGlvbiI6InF1ZXJ5In0seyJtb2R1bGUiOiJpbnZlbnRvcnkiLCJhY3Rpb24iOiJyZWFkIn0seyJtb2R1bGUiOiJpbnZlbnRvcnkiLCJhY3Rpb24iOiJ1cGRhdGUifSx7Im1vZHVsZSI6ImxvZ2lzdGljcyIsImFjdGlvbiI6ImFwcHJvdmUifSx7Im1vZHVsZSI6ImxvZ2lzdGljcyIsImFjdGlvbiI6ImNyZWF0ZSJ9LHsibW9kdWxlIjoibG9naXN0aWNzIiwiYWN0aW9uIjoiZGVsZXRlIn0seyJtb2R1bGUiOiJsb2dpc3RpY3MiLCJhY3Rpb24iOiJxdWVyeSJ9LHsibW9kdWxlIjoibG9naXN0aWNzIiwiYWN0aW9uIjoicmVhZCJ9LHsibW9kdWxlIjoibG9naXN0aWNzIiwiYWN0aW9uIjoidXBkYXRlIn0seyJtb2R1bGUiOiJtZXNzYWdpbmciLCJhY3Rpb24iOiJjcmVhdGUifSx7Im1vZHVsZSI6Im1lc3NhZ2luZyIsImFjdGlvbiI6ImRlbGV0ZSJ9LHsibW9kdWxlIjoibWVzc2FnaW5nIiwiYWN0aW9uIjoicXVlcnkifSx7Im1vZHVsZSI6Im1lc3NhZ2luZyIsImFjdGlvbiI6InJlYWQifSx7Im1vZHVsZSI6Im1lc3NhZ2luZyIsImFjdGlvbiI6InVwZGF0ZSJ9LHsibW9kdWxlIjoicHJvY3VyZW1lbnQiLCJhY3Rpb24iOiJhcHByb3ZlIn0seyJtb2R1bGUiOiJwcm9jdXJlbWVudCIsImFjdGlvbiI6ImNyZWF0ZSJ9LHsibW9kdWxlIjoicHJvY3VyZW1lbnQiLCJhY3Rpb24iOiJkZWxldGUifSx7Im1vZHVsZSI6InByb2N1cmVtZW50IiwiYWN0aW9uIjoicXVlcnkifSx7Im1vZHVsZSI6InByb2N1cmVtZW50IiwiYWN0aW9uIjoicmVhZCJ9LHsibW9kdWxlIjoicHJvY3VyZW1lbnQiLCJhY3Rpb24iOiJ1cGRhdGUifSx7Im1vZHVsZSI6InNhbGVzIiwiYWN0aW9uIjoiYXBwcm92ZSJ9LHsibW9kdWxlIjoic2FsZXMiLCJhY3Rpb24iOiJjcmVhdGUifSx7Im1vZHVsZSI6InNhbGVzIiwiYWN0aW9uIjoiZGVsZXRlIn0seyJtb2R1bGUiOiJzYWxlcyIsImFjdGlvbiI6InF1ZXJ5In0seyJtb2R1bGUiOiJzYWxlcyIsImFjdGlvbiI6InJlYWQifSx7Im1vZHVsZSI6InNhbGVzIiwiYWN0aW9uIjoidXBkYXRlIn0seyJtb2R1bGUiOiJzZXR0aW5ncyIsImFjdGlvbiI6InJlYWQifSx7Im1vZHVsZSI6InNldHRpbmdzIiwiYWN0aW9uIjoidXBkYXRlIn1dfQ.1LuC1-HtCrLYRzdD2DRyA4pX69tY-Rflohm4WM7yScM",
        "created_at": "2026-06-13T18:39:27.704Z",
        "expires_at": "2026-06-20T18:39:27Z"
    }
},
{
    "model": "token_blacklist.outstandingtoken",
    "pk": 85,
    "fields": {
        "user": 6,
        "jti": "8d19c32ade834c7ca082e00a333603a8",
        "token": "eyJhbGciOiJIUzI1NiIsInR5cCI6IkpXVCJ9.eyJ0b2tlbl90eXBlIjoicmVmcmVzaCIsImV4cCI6MTc4MTk4MTA1MCwiaWF0IjoxNzgxMzc2MjUwLCJqdGkiOiI4ZDE5YzMyYWRlODM0YzdjYTA4MmUwMGEzMzM2MDNhOCIsInVzZXJfaWQiOiI2In0.mKN2G4QVb0M71Ss4v6N6DKjXIGCj5et2hiJaAZ9Rwkc",
        "created_at": "2026-06-13T18:44:10.556Z",
        "expires_at": "2026-06-20T18:44:10Z"
    }
},
{
    "model": "token_blacklist.outstandingtoken",
    "pk": 86,
    "fields": {
        "user": 12,
        "jti": "d52968bccd334e52892c9f07ed729e88",
        "token": "eyJhbGciOiJIUzI1NiIsInR5cCI6IkpXVCJ9.eyJ0b2tlbl90eXBlIjoicmVmcmVzaCIsImV4cCI6MTc4MTk4MjI5OCwiaWF0IjoxNzgxMzc3NDk4LCJqdGkiOiJkNTI5NjhiY2NkMzM0ZTUyODkyYzlmMDdlZDcyOWU4OCIsInVzZXJfaWQiOiIxMiIsIm5hbWUiOiJpbm5vY2VudCBQYXNjaGFsaW8iLCJwcmltYXJ5X2RlcGFydG1lbnQiOiJTYWZldHkiLCJwcmltYXJ5X2RlcGFydG1lbnRfaWQiOjcsImlzX211bHRpX2RlcGFydG1lbnQiOmZhbHNlLCJkZXBhcnRtZW50cyI6W3siaWQiOjcsIm5hbWUiOiJTYWZldHkiLCJyb2xlIjoiU2FmZXR5IE9mZmljZXIiLCJyb2xlX2lkIjoxNSwicHJpbWFyeSI6dHJ1ZX1dLCJtb2R1bGVzIjpbImVtYWlsIiwibWVzc2FnaW5nIiwic2FmZXR5Iiwic2V0dGluZ3MiXSwicGVybWlzc2lvbnMiOlt7Im1vZHVsZSI6ImVtYWlsIiwiYWN0aW9uIjoiY3JlYXRlIn0seyJtb2R1bGUiOiJlbWFpbCIsImFjdGlvbiI6ImRlbGV0ZSJ9LHsibW9kdWxlIjoiZW1haWwiLCJhY3Rpb24iOiJxdWVyeSJ9LHsibW9kdWxlIjoiZW1haWwiLCJhY3Rpb24iOiJyZWFkIn0seyJtb2R1bGUiOiJlbWFpbCIsImFjdGlvbiI6InVwZGF0ZSJ9LHsibW9kdWxlIjoibWVzc2FnaW5nIiwiYWN0aW9uIjoiY3JlYXRlIn0seyJtb2R1bGUiOiJtZXNzYWdpbmciLCJhY3Rpb24iOiJkZWxldGUifSx7Im1vZHVsZSI6Im1lc3NhZ2luZyIsImFjdGlvbiI6InF1ZXJ5In0seyJtb2R1bGUiOiJtZXNzYWdpbmciLCJhY3Rpb24iOiJyZWFkIn0seyJtb2R1bGUiOiJtZXNzYWdpbmciLCJhY3Rpb24iOiJ1cGRhdGUifSx7Im1vZHVsZSI6InNhZmV0eSIsImFjdGlvbiI6ImFwcHJvdmUifSx7Im1vZHVsZSI6InNhZmV0eSIsImFjdGlvbiI6ImNyZWF0ZSJ9LHsibW9kdWxlIjoic2FmZXR5IiwiYWN0aW9uIjoiZGVsZXRlIn0seyJtb2R1bGUiOiJzYWZldHkiLCJhY3Rpb24iOiJxdWVyeSJ9LHsibW9kdWxlIjoic2FmZXR5IiwiYWN0aW9uIjoicmVhZCJ9LHsibW9kdWxlIjoic2FmZXR5IiwiYWN0aW9uIjoidXBkYXRlIn0seyJtb2R1bGUiOiJzZXR0aW5ncyIsImFjdGlvbiI6InJlYWQifSx7Im1vZHVsZSI6InNldHRpbmdzIiwiYWN0aW9uIjoidXBkYXRlIn1dfQ.czBqam-bqgK5K4djZo-SxEor2izji7HM33uIOUcaK1E",
        "created_at": "2026-06-13T19:04:58.588Z",
        "expires_at": "2026-06-20T19:04:58Z"
    }
},
{
    "model": "token_blacklist.outstandingtoken",
    "pk": 87,
    "fields": {
        "user": 6,
        "jti": "19b08c29db964d6a9d302aed30e1962c",
        "token": "eyJhbGciOiJIUzI1NiIsInR5cCI6IkpXVCJ9.eyJ0b2tlbl90eXBlIjoicmVmcmVzaCIsImV4cCI6MTc4MTk4NDQ5OSwiaWF0IjoxNzgxMzc5Njk5LCJqdGkiOiIxOWIwOGMyOWRiOTY0ZDZhOWQzMDJhZWQzMGUxOTYyYyIsInVzZXJfaWQiOiI2IiwibmFtZSI6Ik5hb21pIE1vbGxlbCIsInByaW1hcnlfZGVwYXJ0bWVudCI6IkxvZ2lzdGljcyIsInByaW1hcnlfZGVwYXJ0bWVudF9pZCI6NCwiaXNfbXVsdGlfZGVwYXJ0bWVudCI6dHJ1ZSwiZGVwYXJ0bWVudHMiOlt7ImlkIjo0LCJuYW1lIjoiTG9naXN0aWNzIiwicm9sZSI6IkhPRCBMb2dpc3RpY3MiLCJyb2xlX2lkIjoxMCwicHJpbWFyeSI6dHJ1ZX0seyJpZCI6MiwibmFtZSI6IlByb2N1cmVtZW50Iiwicm9sZSI6IkhPRCBQcm9jdXJlbWVudCIsInJvbGVfaWQiOjUsInByaW1hcnkiOnRydWV9LHsiaWQiOjMsIm5hbWUiOiJTYWxlcyIsInJvbGUiOiJIT0QgU2FsZXMiLCJyb2xlX2lkIjo4LCJwcmltYXJ5Ijp0cnVlfV0sIm1vZHVsZXMiOlsiZW1haWwiLCJpbnZlbnRvcnkiLCJsb2dpc3RpY3MiLCJtZXNzYWdpbmciLCJwcm9jdXJlbWVudCIsInNhbGVzIiwic2V0dGluZ3MiXSwicGVybWlzc2lvbnMiOlt7Im1vZHVsZSI6ImVtYWlsIiwiYWN0aW9uIjoiY3JlYXRlIn0seyJtb2R1bGUiOiJlbWFpbCIsImFjdGlvbiI6ImRlbGV0ZSJ9LHsibW9kdWxlIjoiZW1haWwiLCJhY3Rpb24iOiJxdWVyeSJ9LHsibW9kdWxlIjoiZW1haWwiLCJhY3Rpb24iOiJyZWFkIn0seyJtb2R1bGUiOiJlbWFpbCIsImFjdGlvbiI6InVwZGF0ZSJ9LHsibW9kdWxlIjoiaW52ZW50b3J5IiwiYWN0aW9uIjoiYXBwcm92ZSJ9LHsibW9kdWxlIjoiaW52ZW50b3J5IiwiYWN0aW9uIjoiY3JlYXRlIn0seyJtb2R1bGUiOiJpbnZlbnRvcnkiLCJhY3Rpb24iOiJkZWxldGUifSx7Im1vZHVsZSI6ImludmVudG9yeSIsImFjdGlvbiI6InF1ZXJ5In0seyJtb2R1bGUiOiJpbnZlbnRvcnkiLCJhY3Rpb24iOiJyZWFkIn0seyJtb2R1bGUiOiJpbnZlbnRvcnkiLCJhY3Rpb24iOiJ1cGRhdGUifSx7Im1vZHVsZSI6ImxvZ2lzdGljcyIsImFjdGlvbiI6ImFwcHJvdmUifSx7Im1vZHVsZSI6ImxvZ2lzdGljcyIsImFjdGlvbiI6ImNyZWF0ZSJ9LHsibW9kdWxlIjoibG9naXN0aWNzIiwiYWN0aW9uIjoiZGVsZXRlIn0seyJtb2R1bGUiOiJsb2dpc3RpY3MiLCJhY3Rpb24iOiJxdWVyeSJ9LHsibW9kdWxlIjoibG9naXN0aWNzIiwiYWN0aW9uIjoicmVhZCJ9LHsibW9kdWxlIjoibG9naXN0aWNzIiwiYWN0aW9uIjoidXBkYXRlIn0seyJtb2R1bGUiOiJtZXNzYWdpbmciLCJhY3Rpb24iOiJjcmVhdGUifSx7Im1vZHVsZSI6Im1lc3NhZ2luZyIsImFjdGlvbiI6ImRlbGV0ZSJ9LHsibW9kdWxlIjoibWVzc2FnaW5nIiwiYWN0aW9uIjoicXVlcnkifSx7Im1vZHVsZSI6Im1lc3NhZ2luZyIsImFjdGlvbiI6InJlYWQifSx7Im1vZHVsZSI6Im1lc3NhZ2luZyIsImFjdGlvbiI6InVwZGF0ZSJ9LHsibW9kdWxlIjoicHJvY3VyZW1lbnQiLCJhY3Rpb24iOiJhcHByb3ZlIn0seyJtb2R1bGUiOiJwcm9jdXJlbWVudCIsImFjdGlvbiI6ImNyZWF0ZSJ9LHsibW9kdWxlIjoicHJvY3VyZW1lbnQiLCJhY3Rpb24iOiJkZWxldGUifSx7Im1vZHVsZSI6InByb2N1cmVtZW50IiwiYWN0aW9uIjoicXVlcnkifSx7Im1vZHVsZSI6InByb2N1cmVtZW50IiwiYWN0aW9uIjoicmVhZCJ9LHsibW9kdWxlIjoicHJvY3VyZW1lbnQiLCJhY3Rpb24iOiJ1cGRhdGUifSx7Im1vZHVsZSI6InNhbGVzIiwiYWN0aW9uIjoiYXBwcm92ZSJ9LHsibW9kdWxlIjoic2FsZXMiLCJhY3Rpb24iOiJjcmVhdGUifSx7Im1vZHVsZSI6InNhbGVzIiwiYWN0aW9uIjoiZGVsZXRlIn0seyJtb2R1bGUiOiJzYWxlcyIsImFjdGlvbiI6InF1ZXJ5In0seyJtb2R1bGUiOiJzYWxlcyIsImFjdGlvbiI6InJlYWQifSx7Im1vZHVsZSI6InNhbGVzIiwiYWN0aW9uIjoidXBkYXRlIn0seyJtb2R1bGUiOiJzZXR0aW5ncyIsImFjdGlvbiI6InJlYWQifSx7Im1vZHVsZSI6InNldHRpbmdzIiwiYWN0aW9uIjoidXBkYXRlIn1dfQ.w3VWpEcc5MzAAFOE5JxUjggTwpO9snUXNzbeM-cqmGY",
        "created_at": "2026-06-13T19:41:39.054Z",
        "expires_at": "2026-06-20T19:41:39Z"
    }
},
{
    "model": "token_blacklist.outstandingtoken",
    "pk": 88,
    "fields": {
        "user": 6,
        "jti": "770e92eb1e5c4e44b64de617d5e6eb2e",
        "token": "eyJhbGciOiJIUzI1NiIsInR5cCI6IkpXVCJ9.eyJ0b2tlbl90eXBlIjoicmVmcmVzaCIsImV4cCI6MTc4MTk4NDcxNSwiaWF0IjoxNzgxMzc5OTE1LCJqdGkiOiI3NzBlOTJlYjFlNWM0ZTQ0YjY0ZGU2MTdkNWU2ZWIyZSIsInVzZXJfaWQiOiI2IiwibmFtZSI6Ik5hb21pIE1vbGxlbCIsInByaW1hcnlfZGVwYXJ0bWVudCI6IkxvZ2lzdGljcyIsInByaW1hcnlfZGVwYXJ0bWVudF9pZCI6NCwiaXNfbXVsdGlfZGVwYXJ0bWVudCI6dHJ1ZSwiZGVwYXJ0bWVudHMiOlt7ImlkIjo0LCJuYW1lIjoiTG9naXN0aWNzIiwicm9sZSI6IkhPRCBMb2dpc3RpY3MiLCJyb2xlX2lkIjoxMCwicHJpbWFyeSI6dHJ1ZX0seyJpZCI6MiwibmFtZSI6IlByb2N1cmVtZW50Iiwicm9sZSI6IkhPRCBQcm9jdXJlbWVudCIsInJvbGVfaWQiOjUsInByaW1hcnkiOnRydWV9LHsiaWQiOjMsIm5hbWUiOiJTYWxlcyIsInJvbGUiOiJIT0QgU2FsZXMiLCJyb2xlX2lkIjo4LCJwcmltYXJ5Ijp0cnVlfV0sIm1vZHVsZXMiOlsiZW1haWwiLCJpbnZlbnRvcnkiLCJsb2dpc3RpY3MiLCJtZXNzYWdpbmciLCJwcm9jdXJlbWVudCIsInNhbGVzIiwic2V0dGluZ3MiXSwicGVybWlzc2lvbnMiOlt7Im1vZHVsZSI6ImVtYWlsIiwiYWN0aW9uIjoiY3JlYXRlIn0seyJtb2R1bGUiOiJlbWFpbCIsImFjdGlvbiI6ImRlbGV0ZSJ9LHsibW9kdWxlIjoiZW1haWwiLCJhY3Rpb24iOiJxdWVyeSJ9LHsibW9kdWxlIjoiZW1haWwiLCJhY3Rpb24iOiJyZWFkIn0seyJtb2R1bGUiOiJlbWFpbCIsImFjdGlvbiI6InVwZGF0ZSJ9LHsibW9kdWxlIjoiaW52ZW50b3J5IiwiYWN0aW9uIjoiYXBwcm92ZSJ9LHsibW9kdWxlIjoiaW52ZW50b3J5IiwiYWN0aW9uIjoiY3JlYXRlIn0seyJtb2R1bGUiOiJpbnZlbnRvcnkiLCJhY3Rpb24iOiJkZWxldGUifSx7Im1vZHVsZSI6ImludmVudG9yeSIsImFjdGlvbiI6InF1ZXJ5In0seyJtb2R1bGUiOiJpbnZlbnRvcnkiLCJhY3Rpb24iOiJyZWFkIn0seyJtb2R1bGUiOiJpbnZlbnRvcnkiLCJhY3Rpb24iOiJ1cGRhdGUifSx7Im1vZHVsZSI6ImxvZ2lzdGljcyIsImFjdGlvbiI6ImFwcHJvdmUifSx7Im1vZHVsZSI6ImxvZ2lzdGljcyIsImFjdGlvbiI6ImNyZWF0ZSJ9LHsibW9kdWxlIjoibG9naXN0aWNzIiwiYWN0aW9uIjoiZGVsZXRlIn0seyJtb2R1bGUiOiJsb2dpc3RpY3MiLCJhY3Rpb24iOiJxdWVyeSJ9LHsibW9kdWxlIjoibG9naXN0aWNzIiwiYWN0aW9uIjoicmVhZCJ9LHsibW9kdWxlIjoibG9naXN0aWNzIiwiYWN0aW9uIjoidXBkYXRlIn0seyJtb2R1bGUiOiJtZXNzYWdpbmciLCJhY3Rpb24iOiJjcmVhdGUifSx7Im1vZHVsZSI6Im1lc3NhZ2luZyIsImFjdGlvbiI6ImRlbGV0ZSJ9LHsibW9kdWxlIjoibWVzc2FnaW5nIiwiYWN0aW9uIjoicXVlcnkifSx7Im1vZHVsZSI6Im1lc3NhZ2luZyIsImFjdGlvbiI6InJlYWQifSx7Im1vZHVsZSI6Im1lc3NhZ2luZyIsImFjdGlvbiI6InVwZGF0ZSJ9LHsibW9kdWxlIjoicHJvY3VyZW1lbnQiLCJhY3Rpb24iOiJhcHByb3ZlIn0seyJtb2R1bGUiOiJwcm9jdXJlbWVudCIsImFjdGlvbiI6ImNyZWF0ZSJ9LHsibW9kdWxlIjoicHJvY3VyZW1lbnQiLCJhY3Rpb24iOiJkZWxldGUifSx7Im1vZHVsZSI6InByb2N1cmVtZW50IiwiYWN0aW9uIjoicXVlcnkifSx7Im1vZHVsZSI6InByb2N1cmVtZW50IiwiYWN0aW9uIjoicmVhZCJ9LHsibW9kdWxlIjoicHJvY3VyZW1lbnQiLCJhY3Rpb24iOiJ1cGRhdGUifSx7Im1vZHVsZSI6InNhbGVzIiwiYWN0aW9uIjoiYXBwcm92ZSJ9LHsibW9kdWxlIjoic2FsZXMiLCJhY3Rpb24iOiJjcmVhdGUifSx7Im1vZHVsZSI6InNhbGVzIiwiYWN0aW9uIjoiZGVsZXRlIn0seyJtb2R1bGUiOiJzYWxlcyIsImFjdGlvbiI6InF1ZXJ5In0seyJtb2R1bGUiOiJzYWxlcyIsImFjdGlvbiI6InJlYWQifSx7Im1vZHVsZSI6InNhbGVzIiwiYWN0aW9uIjoidXBkYXRlIn0seyJtb2R1bGUiOiJzZXR0aW5ncyIsImFjdGlvbiI6InJlYWQifSx7Im1vZHVsZSI6InNldHRpbmdzIiwiYWN0aW9uIjoidXBkYXRlIn1dfQ.EyVGX6LZJtQaQ-FDEyzdKyWtt1CNFMTnuQuaqZdmACU",
        "created_at": "2026-06-13T19:45:15.930Z",
        "expires_at": "2026-06-20T19:45:15Z"
    }
},
{
    "model": "token_blacklist.outstandingtoken",
    "pk": 89,
    "fields": {
        "user": 6,
        "jti": "936b82190b2e45d49d0ff3e5d3da90ae",
        "token": "eyJhbGciOiJIUzI1NiIsInR5cCI6IkpXVCJ9.eyJ0b2tlbl90eXBlIjoicmVmcmVzaCIsImV4cCI6MTc4MTk4NDc2NywiaWF0IjoxNzgxMzc5OTY3LCJqdGkiOiI5MzZiODIxOTBiMmU0NWQ0OWQwZmYzZTVkM2RhOTBhZSIsInVzZXJfaWQiOiI2In0.VcmGOaAJX_ZA2lXq8C61S4_oCaBmYgRSAvfTMMhrTGk",
        "created_at": "2026-06-13T19:46:07.644Z",
        "expires_at": "2026-06-20T19:46:07Z"
    }
},
{
    "model": "token_blacklist.outstandingtoken",
    "pk": 90,
    "fields": {
        "user": 6,
        "jti": "3e0a859430aa43a7a83730482a8d3a79",
        "token": "eyJhbGciOiJIUzI1NiIsInR5cCI6IkpXVCJ9.eyJ0b2tlbl90eXBlIjoicmVmcmVzaCIsImV4cCI6MTc4MTk4NTU0NywiaWF0IjoxNzgxMzgwNzQ3LCJqdGkiOiIzZTBhODU5NDMwYWE0M2E3YTgzNzMwNDgyYThkM2E3OSIsInVzZXJfaWQiOiI2In0.JThJNfncFWr4dww8HSsegmLsdmw8wKrApVCCCPBWr_g",
        "created_at": "2026-06-13T19:59:07.290Z",
        "expires_at": "2026-06-20T19:59:07Z"
    }
},
{
    "model": "token_blacklist.outstandingtoken",
    "pk": 91,
    "fields": {
        "user": 11,
        "jti": "fa382996efb4487a9dbc2b3fbc645428",
        "token": "eyJhbGciOiJIUzI1NiIsInR5cCI6IkpXVCJ9.eyJ0b2tlbl90eXBlIjoicmVmcmVzaCIsImV4cCI6MTc4MTk4NTgxOSwiaWF0IjoxNzgxMzgxMDE5LCJqdGkiOiJmYTM4Mjk5NmVmYjQ0ODdhOWRiYzJiM2ZiYzY0NTQyOCIsInVzZXJfaWQiOiIxMSJ9.CmuenygDKTXyMrwvqAvVKz6-qDX1grDCWul5cCLIMMU",
        "created_at": "2026-06-13T20:03:39.626Z",
        "expires_at": "2026-06-20T20:03:39Z"
    }
},
{
    "model": "token_blacklist.outstandingtoken",
    "pk": 92,
    "fields": {
        "user": 12,
        "jti": "50452bba6bff483bada4d2a1eeae9b65",
        "token": "eyJhbGciOiJIUzI1NiIsInR5cCI6IkpXVCJ9.eyJ0b2tlbl90eXBlIjoicmVmcmVzaCIsImV4cCI6MTc4MTk4NTkzMiwiaWF0IjoxNzgxMzgxMTMyLCJqdGkiOiI1MDQ1MmJiYTZiZmY0ODNiYWRhNGQyYTFlZWFlOWI2NSIsInVzZXJfaWQiOiIxMiIsIm5hbWUiOiJpbm5vY2VudCBQYXNjaGFsaW8iLCJwcmltYXJ5X2RlcGFydG1lbnQiOiJTYWZldHkiLCJwcmltYXJ5X2RlcGFydG1lbnRfaWQiOjcsImlzX211bHRpX2RlcGFydG1lbnQiOmZhbHNlLCJkZXBhcnRtZW50cyI6W3siaWQiOjcsIm5hbWUiOiJTYWZldHkiLCJyb2xlIjoiU2FmZXR5IE9mZmljZXIiLCJyb2xlX2lkIjoxNSwicHJpbWFyeSI6dHJ1ZX1dLCJtb2R1bGVzIjpbImVtYWlsIiwibWVzc2FnaW5nIiwic2FmZXR5Iiwic2V0dGluZ3MiXSwicGVybWlzc2lvbnMiOlt7Im1vZHVsZSI6ImVtYWlsIiwiYWN0aW9uIjoiY3JlYXRlIn0seyJtb2R1bGUiOiJlbWFpbCIsImFjdGlvbiI6ImRlbGV0ZSJ9LHsibW9kdWxlIjoiZW1haWwiLCJhY3Rpb24iOiJxdWVyeSJ9LHsibW9kdWxlIjoiZW1haWwiLCJhY3Rpb24iOiJyZWFkIn0seyJtb2R1bGUiOiJlbWFpbCIsImFjdGlvbiI6InVwZGF0ZSJ9LHsibW9kdWxlIjoibWVzc2FnaW5nIiwiYWN0aW9uIjoiY3JlYXRlIn0seyJtb2R1bGUiOiJtZXNzYWdpbmciLCJhY3Rpb24iOiJkZWxldGUifSx7Im1vZHVsZSI6Im1lc3NhZ2luZyIsImFjdGlvbiI6InF1ZXJ5In0seyJtb2R1bGUiOiJtZXNzYWdpbmciLCJhY3Rpb24iOiJyZWFkIn0seyJtb2R1bGUiOiJtZXNzYWdpbmciLCJhY3Rpb24iOiJ1cGRhdGUifSx7Im1vZHVsZSI6InNhZmV0eSIsImFjdGlvbiI6ImFwcHJvdmUifSx7Im1vZHVsZSI6InNhZmV0eSIsImFjdGlvbiI6ImNyZWF0ZSJ9LHsibW9kdWxlIjoic2FmZXR5IiwiYWN0aW9uIjoiZGVsZXRlIn0seyJtb2R1bGUiOiJzYWZldHkiLCJhY3Rpb24iOiJxdWVyeSJ9LHsibW9kdWxlIjoic2FmZXR5IiwiYWN0aW9uIjoicmVhZCJ9LHsibW9kdWxlIjoic2FmZXR5IiwiYWN0aW9uIjoidXBkYXRlIn0seyJtb2R1bGUiOiJzZXR0aW5ncyIsImFjdGlvbiI6InJlYWQifSx7Im1vZHVsZSI6InNldHRpbmdzIiwiYWN0aW9uIjoidXBkYXRlIn1dfQ.1gHaDfNgMZqX9c0qlMzro3JggTTo9uGBnx-i2jxk-zA",
        "created_at": "2026-06-13T20:05:32.779Z",
        "expires_at": "2026-06-20T20:05:32Z"
    }
},
{
    "model": "token_blacklist.outstandingtoken",
    "pk": 93,
    "fields": {
        "user": 10,
        "jti": "e5aaf9ada5cb4f758bc2c8dd5f11db15",
        "token": "eyJhbGciOiJIUzI1NiIsInR5cCI6IkpXVCJ9.eyJ0b2tlbl90eXBlIjoicmVmcmVzaCIsImV4cCI6MTc4MTk4NjE2NywiaWF0IjoxNzgxMzgxMzY3LCJqdGkiOiJlNWFhZjlhZGE1Y2I0Zjc1OGJjMmM4ZGQ1ZjExZGIxNSIsInVzZXJfaWQiOiIxMCJ9.dQ1rlTnVYA-edF0ZjrIdni8tJcOmDeNz3rqPrtfUIrQ",
        "created_at": "2026-06-13T20:09:27.981Z",
        "expires_at": "2026-06-20T20:09:27Z"
    }
},
{
    "model": "token_blacklist.outstandingtoken",
    "pk": 94,
    "fields": {
        "user": 6,
        "jti": "6f04c3c6aa14417282f8c900ff8da0c1",
        "token": "eyJhbGciOiJIUzI1NiIsInR5cCI6IkpXVCJ9.eyJ0b2tlbl90eXBlIjoicmVmcmVzaCIsImV4cCI6MTc4MTk4ODI2MSwiaWF0IjoxNzgxMzgzNDYxLCJqdGkiOiI2ZjA0YzNjNmFhMTQ0MTcyODJmOGM5MDBmZjhkYTBjMSIsInVzZXJfaWQiOiI2IiwibmFtZSI6Ik5hb21pIE1vbGxlbCIsInByaW1hcnlfZGVwYXJ0bWVudCI6IkxvZ2lzdGljcyIsInByaW1hcnlfZGVwYXJ0bWVudF9pZCI6NCwiaXNfbXVsdGlfZGVwYXJ0bWVudCI6dHJ1ZSwiZGVwYXJ0bWVudHMiOlt7ImlkIjo0LCJuYW1lIjoiTG9naXN0aWNzIiwicm9sZSI6IkhPRCBMb2dpc3RpY3MiLCJyb2xlX2lkIjoxMCwicHJpbWFyeSI6dHJ1ZX0seyJpZCI6MiwibmFtZSI6IlByb2N1cmVtZW50Iiwicm9sZSI6IkhPRCBQcm9jdXJlbWVudCIsInJvbGVfaWQiOjUsInByaW1hcnkiOnRydWV9LHsiaWQiOjMsIm5hbWUiOiJTYWxlcyIsInJvbGUiOiJIT0QgU2FsZXMiLCJyb2xlX2lkIjo4LCJwcmltYXJ5Ijp0cnVlfV0sIm1vZHVsZXMiOlsiZW1haWwiLCJpbnZlbnRvcnkiLCJsb2dpc3RpY3MiLCJtZXNzYWdpbmciLCJwcm9jdXJlbWVudCIsInNhbGVzIiwic2V0dGluZ3MiXSwicGVybWlzc2lvbnMiOlt7Im1vZHVsZSI6ImVtYWlsIiwiYWN0aW9uIjoiY3JlYXRlIn0seyJtb2R1bGUiOiJlbWFpbCIsImFjdGlvbiI6ImRlbGV0ZSJ9LHsibW9kdWxlIjoiZW1haWwiLCJhY3Rpb24iOiJxdWVyeSJ9LHsibW9kdWxlIjoiZW1haWwiLCJhY3Rpb24iOiJyZWFkIn0seyJtb2R1bGUiOiJlbWFpbCIsImFjdGlvbiI6InVwZGF0ZSJ9LHsibW9kdWxlIjoiaW52ZW50b3J5IiwiYWN0aW9uIjoiYXBwcm92ZSJ9LHsibW9kdWxlIjoiaW52ZW50b3J5IiwiYWN0aW9uIjoiY3JlYXRlIn0seyJtb2R1bGUiOiJpbnZlbnRvcnkiLCJhY3Rpb24iOiJkZWxldGUifSx7Im1vZHVsZSI6ImludmVudG9yeSIsImFjdGlvbiI6InF1ZXJ5In0seyJtb2R1bGUiOiJpbnZlbnRvcnkiLCJhY3Rpb24iOiJyZWFkIn0seyJtb2R1bGUiOiJpbnZlbnRvcnkiLCJhY3Rpb24iOiJ1cGRhdGUifSx7Im1vZHVsZSI6ImxvZ2lzdGljcyIsImFjdGlvbiI6ImFwcHJvdmUifSx7Im1vZHVsZSI6ImxvZ2lzdGljcyIsImFjdGlvbiI6ImNyZWF0ZSJ9LHsibW9kdWxlIjoibG9naXN0aWNzIiwiYWN0aW9uIjoiZGVsZXRlIn0seyJtb2R1bGUiOiJsb2dpc3RpY3MiLCJhY3Rpb24iOiJxdWVyeSJ9LHsibW9kdWxlIjoibG9naXN0aWNzIiwiYWN0aW9uIjoicmVhZCJ9LHsibW9kdWxlIjoibG9naXN0aWNzIiwiYWN0aW9uIjoidXBkYXRlIn0seyJtb2R1bGUiOiJtZXNzYWdpbmciLCJhY3Rpb24iOiJjcmVhdGUifSx7Im1vZHVsZSI6Im1lc3NhZ2luZyIsImFjdGlvbiI6ImRlbGV0ZSJ9LHsibW9kdWxlIjoibWVzc2FnaW5nIiwiYWN0aW9uIjoicXVlcnkifSx7Im1vZHVsZSI6Im1lc3NhZ2luZyIsImFjdGlvbiI6InJlYWQifSx7Im1vZHVsZSI6Im1lc3NhZ2luZyIsImFjdGlvbiI6InVwZGF0ZSJ9LHsibW9kdWxlIjoicHJvY3VyZW1lbnQiLCJhY3Rpb24iOiJhcHByb3ZlIn0seyJtb2R1bGUiOiJwcm9jdXJlbWVudCIsImFjdGlvbiI6ImNyZWF0ZSJ9LHsibW9kdWxlIjoicHJvY3VyZW1lbnQiLCJhY3Rpb24iOiJkZWxldGUifSx7Im1vZHVsZSI6InByb2N1cmVtZW50IiwiYWN0aW9uIjoicXVlcnkifSx7Im1vZHVsZSI6InByb2N1cmVtZW50IiwiYWN0aW9uIjoicmVhZCJ9LHsibW9kdWxlIjoicHJvY3VyZW1lbnQiLCJhY3Rpb24iOiJ1cGRhdGUifSx7Im1vZHVsZSI6InNhbGVzIiwiYWN0aW9uIjoiYXBwcm92ZSJ9LHsibW9kdWxlIjoic2FsZXMiLCJhY3Rpb24iOiJjcmVhdGUifSx7Im1vZHVsZSI6InNhbGVzIiwiYWN0aW9uIjoiZGVsZXRlIn0seyJtb2R1bGUiOiJzYWxlcyIsImFjdGlvbiI6InF1ZXJ5In0seyJtb2R1bGUiOiJzYWxlcyIsImFjdGlvbiI6InJlYWQifSx7Im1vZHVsZSI6InNhbGVzIiwiYWN0aW9uIjoidXBkYXRlIn0seyJtb2R1bGUiOiJzZXR0aW5ncyIsImFjdGlvbiI6InJlYWQifSx7Im1vZHVsZSI6InNldHRpbmdzIiwiYWN0aW9uIjoidXBkYXRlIn1dfQ.sWJutxx32XkwleVWlGo5dwzle-rCFSTnTRYJqavgIwk",
        "created_at": "2026-06-13T20:44:21.437Z",
        "expires_at": "2026-06-20T20:44:21Z"
    }
},
{
    "model": "token_blacklist.outstandingtoken",
    "pk": 95,
    "fields": {
        "user": 4,
        "jti": "8ac9797ddd0245048dc26842a8d00597",
        "token": "eyJhbGciOiJIUzI1NiIsInR5cCI6IkpXVCJ9.eyJ0b2tlbl90eXBlIjoicmVmcmVzaCIsImV4cCI6MTc4MjAzMDI3MiwiaWF0IjoxNzgxNDI1NDcyLCJqdGkiOiI4YWM5Nzk3ZGRkMDI0NTA0OGRjMjY4NDJhOGQwMDU5NyIsInVzZXJfaWQiOiI0In0.nk4T6YlWnOGC06_-qg5skR6ePRaAmox6QUCWutIeWEc",
        "created_at": "2026-06-14T08:24:32.626Z",
        "expires_at": "2026-06-21T08:24:32Z"
    }
},
{
    "model": "token_blacklist.outstandingtoken",
    "pk": 96,
    "fields": {
        "user": 13,
        "jti": "10e56f500f4448bcba09b51156794ab2",
        "token": "eyJhbGciOiJIUzI1NiIsInR5cCI6IkpXVCJ9.eyJ0b2tlbl90eXBlIjoicmVmcmVzaCIsImV4cCI6MTc4MjAzMDkwNSwiaWF0IjoxNzgxNDI2MTA1LCJqdGkiOiIxMGU1NmY1MDBmNDQ0OGJjYmEwOWI1MTE1Njc5NGFiMiIsInVzZXJfaWQiOiIxMyJ9.ToS_0J31OUgYQi-ExhHDNeoOQVnDYmrymBLJ6BKypzo",
        "created_at": "2026-06-14T08:35:05.725Z",
        "expires_at": "2026-06-21T08:35:05Z"
    }
},
{
    "model": "token_blacklist.outstandingtoken",
    "pk": 97,
    "fields": {
        "user": 10,
        "jti": "c4afbada5f1a41c6b68b99cdf7d0a597",
        "token": "eyJhbGciOiJIUzI1NiIsInR5cCI6IkpXVCJ9.eyJ0b2tlbl90eXBlIjoicmVmcmVzaCIsImV4cCI6MTc4MjAzMDk5MSwiaWF0IjoxNzgxNDI2MTkxLCJqdGkiOiJjNGFmYmFkYTVmMWE0MWM2YjY4Yjk5Y2RmN2QwYTU5NyIsInVzZXJfaWQiOiIxMCIsIm5hbWUiOiJKb3NlcGggSm9zZXBoIiwicHJpbWFyeV9kZXBhcnRtZW50IjoiRmluYW5jZSIsInByaW1hcnlfZGVwYXJ0bWVudF9pZCI6MSwiaXNfbXVsdGlfZGVwYXJ0bWVudCI6ZmFsc2UsImRlcGFydG1lbnRzIjpbeyJpZCI6MSwibmFtZSI6IkZpbmFuY2UiLCJyb2xlIjoiSE9EIEZpbmFuY2UiLCJyb2xlX2lkIjo0LCJwcmltYXJ5Ijp0cnVlfV0sIm1vZHVsZXMiOlsiZW1haWwiLCJmaW5hbmNlIiwiaW52ZW50b3J5IiwibWVzc2FnaW5nIiwic2V0dGluZ3MiXSwicGVybWlzc2lvbnMiOlt7Im1vZHVsZSI6ImVtYWlsIiwiYWN0aW9uIjoiY3JlYXRlIn0seyJtb2R1bGUiOiJlbWFpbCIsImFjdGlvbiI6ImRlbGV0ZSJ9LHsibW9kdWxlIjoiZW1haWwiLCJhY3Rpb24iOiJxdWVyeSJ9LHsibW9kdWxlIjoiZW1haWwiLCJhY3Rpb24iOiJyZWFkIn0seyJtb2R1bGUiOiJlbWFpbCIsImFjdGlvbiI6InVwZGF0ZSJ9LHsibW9kdWxlIjoiZmluYW5jZSIsImFjdGlvbiI6ImFwcHJvdmUifSx7Im1vZHVsZSI6ImZpbmFuY2UiLCJhY3Rpb24iOiJjcmVhdGUifSx7Im1vZHVsZSI6ImZpbmFuY2UiLCJhY3Rpb24iOiJkZWxldGUifSx7Im1vZHVsZSI6ImZpbmFuY2UiLCJhY3Rpb24iOiJxdWVyeSJ9LHsibW9kdWxlIjoiZmluYW5jZSIsImFjdGlvbiI6InJlYWQifSx7Im1vZHVsZSI6ImZpbmFuY2UiLCJhY3Rpb24iOiJ1cGRhdGUifSx7Im1vZHVsZSI6ImludmVudG9yeSIsImFjdGlvbiI6ImNyZWF0ZSJ9LHsibW9kdWxlIjoiaW52ZW50b3J5IiwiYWN0aW9uIjoicmVhZCJ9LHsibW9kdWxlIjoibWVzc2FnaW5nIiwiYWN0aW9uIjoiY3JlYXRlIn0seyJtb2R1bGUiOiJtZXNzYWdpbmciLCJhY3Rpb24iOiJkZWxldGUifSx7Im1vZHVsZSI6Im1lc3NhZ2luZyIsImFjdGlvbiI6InF1ZXJ5In0seyJtb2R1bGUiOiJtZXNzYWdpbmciLCJhY3Rpb24iOiJyZWFkIn0seyJtb2R1bGUiOiJtZXNzYWdpbmciLCJhY3Rpb24iOiJ1cGRhdGUifSx7Im1vZHVsZSI6InNldHRpbmdzIiwiYWN0aW9uIjoicmVhZCJ9LHsibW9kdWxlIjoic2V0dGluZ3MiLCJhY3Rpb24iOiJ1cGRhdGUifV19.RcylsnQIopAaORdNWa_Q8knqsbQqg_uSvEQ8VZ6IiIM",
        "created_at": "2026-06-14T08:36:31.857Z",
        "expires_at": "2026-06-21T08:36:31Z"
    }
},
{
    "model": "token_blacklist.outstandingtoken",
    "pk": 98,
    "fields": {
        "user": 4,
        "jti": "93487b5bb94c4c3eacc05adc56ead894",
        "token": "eyJhbGciOiJIUzI1NiIsInR5cCI6IkpXVCJ9.eyJ0b2tlbl90eXBlIjoicmVmcmVzaCIsImV4cCI6MTc4MjAzMTA2NiwiaWF0IjoxNzgxNDI2MjY2LCJqdGkiOiI5MzQ4N2I1YmI5NGM0YzNlYWNjMDVhZGM1NmVhZDg5NCIsInVzZXJfaWQiOiI0In0.JfKQbtAM9Q1_MNG3C81_ReMm3Z-pGkaLnBc8R5NnF2Y",
        "created_at": "2026-06-14T08:37:46.942Z",
        "expires_at": "2026-06-21T08:37:46Z"
    }
},
{
    "model": "token_blacklist.outstandingtoken",
    "pk": 99,
    "fields": {
        "user": 11,
        "jti": "723dd4dcfd9d4e4b99493550522b4da7",
        "token": "eyJhbGciOiJIUzI1NiIsInR5cCI6IkpXVCJ9.eyJ0b2tlbl90eXBlIjoicmVmcmVzaCIsImV4cCI6MTc4MjAzNDE4MSwiaWF0IjoxNzgxNDI5MzgxLCJqdGkiOiI3MjNkZDRkY2ZkOWQ0ZTRiOTk0OTM1NTA1MjJiNGRhNyIsInVzZXJfaWQiOiIxMSJ9.8uRhogpEYHBXcG44ZP1i__Z6-2RSzwT8_ekZGBypRXw",
        "created_at": "2026-06-14T09:29:41.393Z",
        "expires_at": "2026-06-21T09:29:41Z"
    }
},
{
    "model": "token_blacklist.outstandingtoken",
    "pk": 100,
    "fields": {
        "user": 4,
        "jti": "13b800d9d3ae43cc9389c1f998f7eeb0",
        "token": "eyJhbGciOiJIUzI1NiIsInR5cCI6IkpXVCJ9.eyJ0b2tlbl90eXBlIjoicmVmcmVzaCIsImV4cCI6MTc4MjAzNTA1NCwiaWF0IjoxNzgxNDMwMjU0LCJqdGkiOiIxM2I4MDBkOWQzYWU0M2NjOTM4OWMxZjk5OGY3ZWViMCIsInVzZXJfaWQiOiI0IiwibmFtZSI6Ikpvc2VwaCBNYWNoYSIsInByaW1hcnlfZGVwYXJ0bWVudCI6IlByb2R1Y3Rpb24iLCJwcmltYXJ5X2RlcGFydG1lbnRfaWQiOjUsImlzX211bHRpX2RlcGFydG1lbnQiOmZhbHNlLCJkZXBhcnRtZW50cyI6W3siaWQiOjUsIm5hbWUiOiJQcm9kdWN0aW9uIiwicm9sZSI6Ik1hY2hpbmUgT3BlcmF0b3IiLCJyb2xlX2lkIjoxMywicHJpbWFyeSI6dHJ1ZX1dLCJtb2R1bGVzIjpbImVtYWlsIiwiaW52ZW50b3J5IiwibWVzc2FnaW5nIiwicHJvZHVjdGlvbiIsInNldHRpbmdzIl0sInBlcm1pc3Npb25zIjpbeyJtb2R1bGUiOiJlbWFpbCIsImFjdGlvbiI6ImNyZWF0ZSJ9LHsibW9kdWxlIjoiZW1haWwiLCJhY3Rpb24iOiJkZWxldGUifSx7Im1vZHVsZSI6ImVtYWlsIiwiYWN0aW9uIjoicXVlcnkifSx7Im1vZHVsZSI6ImVtYWlsIiwiYWN0aW9uIjoicmVhZCJ9LHsibW9kdWxlIjoiZW1haWwiLCJhY3Rpb24iOiJ1cGRhdGUifSx7Im1vZHVsZSI6ImludmVudG9yeSIsImFjdGlvbiI6ImNyZWF0ZSJ9LHsibW9kdWxlIjoiaW52ZW50b3J5IiwiYWN0aW9uIjoicmVhZCJ9LHsibW9kdWxlIjoibWVzc2FnaW5nIiwiYWN0aW9uIjoiY3JlYXRlIn0seyJtb2R1bGUiOiJtZXNzYWdpbmciLCJhY3Rpb24iOiJkZWxldGUifSx7Im1vZHVsZSI6Im1lc3NhZ2luZyIsImFjdGlvbiI6InF1ZXJ5In0seyJtb2R1bGUiOiJtZXNzYWdpbmciLCJhY3Rpb24iOiJyZWFkIn0seyJtb2R1bGUiOiJtZXNzYWdpbmciLCJhY3Rpb24iOiJ1cGRhdGUifSx7Im1vZHVsZSI6InByb2R1Y3Rpb24iLCJhY3Rpb24iOiJjcmVhdGUifSx7Im1vZHVsZSI6InByb2R1Y3Rpb24iLCJhY3Rpb24iOiJxdWVyeSJ9LHsibW9kdWxlIjoicHJvZHVjdGlvbiIsImFjdGlvbiI6InJlYWQifSx7Im1vZHVsZSI6InByb2R1Y3Rpb24iLCJhY3Rpb24iOiJ1cGRhdGUifSx7Im1vZHVsZSI6InNldHRpbmdzIiwiYWN0aW9uIjoicmVhZCJ9LHsibW9kdWxlIjoic2V0dGluZ3MiLCJhY3Rpb24iOiJ1cGRhdGUifV19.F_eSjZFhCVR6GUudLozCMcDwByJb15VhiwxeAnPfsnU",
        "created_at": "2026-06-14T09:44:14.871Z",
        "expires_at": "2026-06-21T09:44:14Z"
    }
},
{
    "model": "token_blacklist.outstandingtoken",
    "pk": 101,
    "fields": {
        "user": 13,
        "jti": "d21940aaf6d442c28122de9d7e54b564",
        "token": "eyJhbGciOiJIUzI1NiIsInR5cCI6IkpXVCJ9.eyJ0b2tlbl90eXBlIjoicmVmcmVzaCIsImV4cCI6MTc4MjAzNjk1OSwiaWF0IjoxNzgxNDMyMTU5LCJqdGkiOiJkMjE5NDBhYWY2ZDQ0MmMyODEyMmRlOWQ3ZTU0YjU2NCIsInVzZXJfaWQiOiIxMyJ9.R02ycnJRGmGhJTeGdoL4OZPicg58lfP3m6w2SJF05KI",
        "created_at": "2026-06-14T10:15:59.141Z",
        "expires_at": "2026-06-21T10:15:59Z"
    }
},
{
    "model": "token_blacklist.outstandingtoken",
    "pk": 102,
    "fields": {
        "user": 1,
        "jti": "274a96510bb44833ba6c17efcf27bfbc",
        "token": "eyJhbGciOiJIUzI1NiIsInR5cCI6IkpXVCJ9.eyJ0b2tlbl90eXBlIjoicmVmcmVzaCIsImV4cCI6MTc4MjAzNzQ2MCwiaWF0IjoxNzgxNDMyNjYwLCJqdGkiOiIyNzRhOTY1MTBiYjQ0ODMzYmE2YzE3ZWZjZjI3YmZiYyIsInVzZXJfaWQiOiIxIn0.xmeGw8TNLJIop5UaGGjeD9P53zWwey4FwcRj2_Q8o20",
        "created_at": "2026-06-14T10:24:20.663Z",
        "expires_at": "2026-06-21T10:24:20Z"
    }
},
{
    "model": "token_blacklist.outstandingtoken",
    "pk": 103,
    "fields": {
        "user": 11,
        "jti": "2e252db4e83340dca98022bff6cff9b9",
        "token": "eyJhbGciOiJIUzI1NiIsInR5cCI6IkpXVCJ9.eyJ0b2tlbl90eXBlIjoicmVmcmVzaCIsImV4cCI6MTc4MjAzNzkxNCwiaWF0IjoxNzgxNDMzMTE0LCJqdGkiOiIyZTI1MmRiNGU4MzM0MGRjYTk4MDIyYmZmNmNmZjliOSIsInVzZXJfaWQiOiIxMSJ9.PSMEFBudNHLjErSXhKUyhh4gDen12h060n0vwGNGK3s",
        "created_at": "2026-06-14T10:31:54.268Z",
        "expires_at": "2026-06-21T10:31:54Z"
    }
},
{
    "model": "token_blacklist.outstandingtoken",
    "pk": 104,
    "fields": {
        "user": 14,
        "jti": "fcc94279f0814d08b510ab8dd6c9bdfb",
        "token": "eyJhbGciOiJIUzI1NiIsInR5cCI6IkpXVCJ9.eyJ0b2tlbl90eXBlIjoicmVmcmVzaCIsImV4cCI6MTc4MjAzOTAzNywiaWF0IjoxNzgxNDM0MjM3LCJqdGkiOiJmY2M5NDI3OWYwODE0ZDA4YjUxMGFiOGRkNmM5YmRmYiIsInVzZXJfaWQiOiIxNCJ9.rmAMNymbDN1vKe_uD-jguUEvqGn7saXzy_vh_nD_UtE",
        "created_at": "2026-06-14T10:50:37.307Z",
        "expires_at": "2026-06-21T10:50:37Z"
    }
},
{
    "model": "token_blacklist.outstandingtoken",
    "pk": 105,
    "fields": {
        "user": 6,
        "jti": "3f2292c4306f4a24a6654febca886cac",
        "token": "eyJhbGciOiJIUzI1NiIsInR5cCI6IkpXVCJ9.eyJ0b2tlbl90eXBlIjoicmVmcmVzaCIsImV4cCI6MTc4MjA0MjA1NSwiaWF0IjoxNzgxNDM3MjU1LCJqdGkiOiIzZjIyOTJjNDMwNmY0YTI0YTY2NTRmZWJjYTg4NmNhYyIsInVzZXJfaWQiOiI2In0.EImEOsTihmkAvd2aq3MaNYWWyF57TT5ANhYRpbmvEuU",
        "created_at": "2026-06-14T11:40:55.752Z",
        "expires_at": "2026-06-21T11:40:55Z"
    }
},
{
    "model": "token_blacklist.outstandingtoken",
    "pk": 106,
    "fields": {
        "user": 1,
        "jti": "981f6bf702bb4ec6ab02c34d735b7080",
        "token": "eyJhbGciOiJIUzI1NiIsInR5cCI6IkpXVCJ9.eyJ0b2tlbl90eXBlIjoicmVmcmVzaCIsImV4cCI6MTc4MjA0NDUzOCwiaWF0IjoxNzgxNDM5NzM4LCJqdGkiOiI5ODFmNmJmNzAyYmI0ZWM2YWIwMmMzNGQ3MzViNzA4MCIsInVzZXJfaWQiOiIxIn0.lY82qjrciN9aM2xY0hInOfyPa5E5DzkCQ2sAy7b1FKA",
        "created_at": "2026-06-14T12:22:18.590Z",
        "expires_at": "2026-06-21T12:22:18Z"
    }
},
{
    "model": "token_blacklist.outstandingtoken",
    "pk": 107,
    "fields": {
        "user": 1,
        "jti": "2306bf7955094c86955beaa32d77cef0",
        "token": "eyJhbGciOiJIUzI1NiIsInR5cCI6IkpXVCJ9.eyJ0b2tlbl90eXBlIjoicmVmcmVzaCIsImV4cCI6MTc4MjA0NTE4MywiaWF0IjoxNzgxNDQwMzgzLCJqdGkiOiIyMzA2YmY3OTU1MDk0Yzg2OTU1YmVhYTMyZDc3Y2VmMCIsInVzZXJfaWQiOiIxIn0.w1oGw25kGO5dAXY9GDkJHpd3HJuaU_tZJ5wj1StGqvM",
        "created_at": "2026-06-14T12:33:03.713Z",
        "expires_at": "2026-06-21T12:33:03Z"
    }
},
{
    "model": "token_blacklist.outstandingtoken",
    "pk": 108,
    "fields": {
        "user": 6,
        "jti": "bdfbfe19074b45afb8096b10c9b91e19",
        "token": "eyJhbGciOiJIUzI1NiIsInR5cCI6IkpXVCJ9.eyJ0b2tlbl90eXBlIjoicmVmcmVzaCIsImV4cCI6MTc4MjA0NTY0MCwiaWF0IjoxNzgxNDQwODQwLCJqdGkiOiJiZGZiZmUxOTA3NGI0NWFmYjgwOTZiMTBjOWI5MWUxOSIsInVzZXJfaWQiOiI2IiwibmFtZSI6Ik5hb21pIE1vbGxlbCIsInByaW1hcnlfZGVwYXJ0bWVudCI6IkxvZ2lzdGljcyIsInByaW1hcnlfZGVwYXJ0bWVudF9pZCI6NCwiaXNfbXVsdGlfZGVwYXJ0bWVudCI6dHJ1ZSwiZGVwYXJ0bWVudHMiOlt7ImlkIjo0LCJuYW1lIjoiTG9naXN0aWNzIiwicm9sZSI6IkhPRCBMb2dpc3RpY3MiLCJyb2xlX2lkIjoxMCwicHJpbWFyeSI6dHJ1ZX0seyJpZCI6MiwibmFtZSI6IlByb2N1cmVtZW50Iiwicm9sZSI6IkhPRCBQcm9jdXJlbWVudCIsInJvbGVfaWQiOjUsInByaW1hcnkiOnRydWV9LHsiaWQiOjMsIm5hbWUiOiJTYWxlcyIsInJvbGUiOiJIT0QgU2FsZXMiLCJyb2xlX2lkIjo4LCJwcmltYXJ5Ijp0cnVlfV0sIm1vZHVsZXMiOlsiZW1haWwiLCJpbnZlbnRvcnkiLCJsb2dpc3RpY3MiLCJtZXNzYWdpbmciLCJwcm9jdXJlbWVudCIsInNhbGVzIiwic2V0dGluZ3MiXSwicGVybWlzc2lvbnMiOlt7Im1vZHVsZSI6ImVtYWlsIiwiYWN0aW9uIjoiY3JlYXRlIn0seyJtb2R1bGUiOiJlbWFpbCIsImFjdGlvbiI6ImRlbGV0ZSJ9LHsibW9kdWxlIjoiZW1haWwiLCJhY3Rpb24iOiJxdWVyeSJ9LHsibW9kdWxlIjoiZW1haWwiLCJhY3Rpb24iOiJyZWFkIn0seyJtb2R1bGUiOiJlbWFpbCIsImFjdGlvbiI6InVwZGF0ZSJ9LHsibW9kdWxlIjoiaW52ZW50b3J5IiwiYWN0aW9uIjoiYXBwcm92ZSJ9LHsibW9kdWxlIjoiaW52ZW50b3J5IiwiYWN0aW9uIjoiY3JlYXRlIn0seyJtb2R1bGUiOiJpbnZlbnRvcnkiLCJhY3Rpb24iOiJkZWxldGUifSx7Im1vZHVsZSI6ImludmVudG9yeSIsImFjdGlvbiI6InF1ZXJ5In0seyJtb2R1bGUiOiJpbnZlbnRvcnkiLCJhY3Rpb24iOiJyZWFkIn0seyJtb2R1bGUiOiJpbnZlbnRvcnkiLCJhY3Rpb24iOiJ1cGRhdGUifSx7Im1vZHVsZSI6ImxvZ2lzdGljcyIsImFjdGlvbiI6ImFwcHJvdmUifSx7Im1vZHVsZSI6ImxvZ2lzdGljcyIsImFjdGlvbiI6ImNyZWF0ZSJ9LHsibW9kdWxlIjoibG9naXN0aWNzIiwiYWN0aW9uIjoiZGVsZXRlIn0seyJtb2R1bGUiOiJsb2dpc3RpY3MiLCJhY3Rpb24iOiJxdWVyeSJ9LHsibW9kdWxlIjoibG9naXN0aWNzIiwiYWN0aW9uIjoicmVhZCJ9LHsibW9kdWxlIjoibG9naXN0aWNzIiwiYWN0aW9uIjoidXBkYXRlIn0seyJtb2R1bGUiOiJtZXNzYWdpbmciLCJhY3Rpb24iOiJjcmVhdGUifSx7Im1vZHVsZSI6Im1lc3NhZ2luZyIsImFjdGlvbiI6ImRlbGV0ZSJ9LHsibW9kdWxlIjoibWVzc2FnaW5nIiwiYWN0aW9uIjoicXVlcnkifSx7Im1vZHVsZSI6Im1lc3NhZ2luZyIsImFjdGlvbiI6InJlYWQifSx7Im1vZHVsZSI6Im1lc3NhZ2luZyIsImFjdGlvbiI6InVwZGF0ZSJ9LHsibW9kdWxlIjoicHJvY3VyZW1lbnQiLCJhY3Rpb24iOiJhcHByb3ZlIn0seyJtb2R1bGUiOiJwcm9jdXJlbWVudCIsImFjdGlvbiI6ImNyZWF0ZSJ9LHsibW9kdWxlIjoicHJvY3VyZW1lbnQiLCJhY3Rpb24iOiJkZWxldGUifSx7Im1vZHVsZSI6InByb2N1cmVtZW50IiwiYWN0aW9uIjoicXVlcnkifSx7Im1vZHVsZSI6InByb2N1cmVtZW50IiwiYWN0aW9uIjoicmVhZCJ9LHsibW9kdWxlIjoicHJvY3VyZW1lbnQiLCJhY3Rpb24iOiJ1cGRhdGUifSx7Im1vZHVsZSI6InNhbGVzIiwiYWN0aW9uIjoiYXBwcm92ZSJ9LHsibW9kdWxlIjoic2FsZXMiLCJhY3Rpb24iOiJjcmVhdGUifSx7Im1vZHVsZSI6InNhbGVzIiwiYWN0aW9uIjoiZGVsZXRlIn0seyJtb2R1bGUiOiJzYWxlcyIsImFjdGlvbiI6InF1ZXJ5In0seyJtb2R1bGUiOiJzYWxlcyIsImFjdGlvbiI6InJlYWQifSx7Im1vZHVsZSI6InNhbGVzIiwiYWN0aW9uIjoidXBkYXRlIn0seyJtb2R1bGUiOiJzZXR0aW5ncyIsImFjdGlvbiI6InJlYWQifSx7Im1vZHVsZSI6InNldHRpbmdzIiwiYWN0aW9uIjoidXBkYXRlIn1dfQ.FY4GzoM3fqapfbqmB7Q2-WMH6Y2tJpK9NzaMu4FQvAk",
        "created_at": "2026-06-14T12:40:40.271Z",
        "expires_at": "2026-06-21T12:40:40Z"
    }
},
{
    "model": "token_blacklist.outstandingtoken",
    "pk": 109,
    "fields": {
        "user": 1,
        "jti": "cb68dcbbf3c34e98a5d2942afc29fc6d",
        "token": "eyJhbGciOiJIUzI1NiIsInR5cCI6IkpXVCJ9.eyJ0b2tlbl90eXBlIjoicmVmcmVzaCIsImV4cCI6MTc4MjA0NjM0NCwiaWF0IjoxNzgxNDQxNTQ0LCJqdGkiOiJjYjY4ZGNiYmYzYzM0ZTk4YTVkMjk0MmFmYzI5ZmM2ZCIsInVzZXJfaWQiOiIxIn0.s31-6V-Zmj5ROcRysS91qIlhng8tFdLLPb1T2nq2hc4",
        "created_at": "2026-06-14T12:52:24.783Z",
        "expires_at": "2026-06-21T12:52:24Z"
    }
},
{
    "model": "token_blacklist.outstandingtoken",
    "pk": 110,
    "fields": {
        "user": 1,
        "jti": "6a44251f600f42cd856b93e5b4be1c5b",
        "token": "eyJhbGciOiJIUzI1NiIsInR5cCI6IkpXVCJ9.eyJ0b2tlbl90eXBlIjoicmVmcmVzaCIsImV4cCI6MTc4MjA1MjU3NCwiaWF0IjoxNzgxNDQ3Nzc0LCJqdGkiOiI2YTQ0MjUxZjYwMGY0MmNkODU2YjkzZTViNGJlMWM1YiIsInVzZXJfaWQiOiIxIn0.qSgsaVF2_JUHbbexF6aeoHdvP4Q-DEORlQC59KItRpk",
        "created_at": "2026-06-14T14:36:14.908Z",
        "expires_at": "2026-06-21T14:36:14Z"
    }
},
{
    "model": "token_blacklist.blacklistedtoken",
    "pk": 1,
    "fields": {
        "token": 4,
        "blacklisted_at": "2026-06-10T06:38:39.201Z"
    }
},
{
    "model": "token_blacklist.blacklistedtoken",
    "pk": 2,
    "fields": {
        "token": 5,
        "blacklisted_at": "2026-06-10T08:06:46.516Z"
    }
},
{
    "model": "token_blacklist.blacklistedtoken",
    "pk": 3,
    "fields": {
        "token": 6,
        "blacklisted_at": "2026-06-10T09:10:19.435Z"
    }
},
{
    "model": "token_blacklist.blacklistedtoken",
    "pk": 4,
    "fields": {
        "token": 12,
        "blacklisted_at": "2026-06-10T12:12:41.429Z"
    }
},
{
    "model": "token_blacklist.blacklistedtoken",
    "pk": 5,
    "fields": {
        "token": 13,
        "blacklisted_at": "2026-06-10T13:13:03.201Z"
    }
},
{
    "model": "token_blacklist.blacklistedtoken",
    "pk": 6,
    "fields": {
        "token": 14,
        "blacklisted_at": "2026-06-10T14:54:00.847Z"
    }
},
{
    "model": "token_blacklist.blacklistedtoken",
    "pk": 7,
    "fields": {
        "token": 15,
        "blacklisted_at": "2026-06-10T20:01:49.116Z"
    }
},
{
    "model": "token_blacklist.blacklistedtoken",
    "pk": 8,
    "fields": {
        "token": 17,
        "blacklisted_at": "2026-06-11T06:24:47.379Z"
    }
},
{
    "model": "token_blacklist.blacklistedtoken",
    "pk": 10,
    "fields": {
        "token": 18,
        "blacklisted_at": "2026-06-11T07:24:46.519Z"
    }
},
{
    "model": "token_blacklist.blacklistedtoken",
    "pk": 11,
    "fields": {
        "token": 19,
        "blacklisted_at": "2026-06-11T08:28:35.158Z"
    }
},
{
    "model": "token_blacklist.blacklistedtoken",
    "pk": 12,
    "fields": {
        "token": 21,
        "blacklisted_at": "2026-06-11T09:36:20.431Z"
    }
},
{
    "model": "token_blacklist.blacklistedtoken",
    "pk": 13,
    "fields": {
        "token": 22,
        "blacklisted_at": "2026-06-11T10:50:00.881Z"
    }
},
{
    "model": "token_blacklist.blacklistedtoken",
    "pk": 14,
    "fields": {
        "token": 23,
        "blacklisted_at": "2026-06-11T12:02:21.624Z"
    }
},
{
    "model": "token_blacklist.blacklistedtoken",
    "pk": 15,
    "fields": {
        "token": 24,
        "blacklisted_at": "2026-06-11T13:56:35.647Z"
    }
},
{
    "model": "token_blacklist.blacklistedtoken",
    "pk": 16,
    "fields": {
        "token": 30,
        "blacklisted_at": "2026-06-11T16:14:57.514Z"
    }
},
{
    "model": "token_blacklist.blacklistedtoken",
    "pk": 19,
    "fields": {
        "token": 29,
        "blacklisted_at": "2026-06-12T06:29:51.939Z"
    }
},
{
    "model": "token_blacklist.blacklistedtoken",
    "pk": 20,
    "fields": {
        "token": 35,
        "blacklisted_at": "2026-06-12T07:39:30.109Z"
    }
},
{
    "model": "token_blacklist.blacklistedtoken",
    "pk": 21,
    "fields": {
        "token": 36,
        "blacklisted_at": "2026-06-12T08:42:20.735Z"
    }
},
{
    "model": "token_blacklist.blacklistedtoken",
    "pk": 22,
    "fields": {
        "token": 37,
        "blacklisted_at": "2026-06-12T13:28:53.541Z"
    }
},
{
    "model": "token_blacklist.blacklistedtoken",
    "pk": 23,
    "fields": {
        "token": 42,
        "blacklisted_at": "2026-06-12T16:05:44.330Z"
    }
},
{
    "model": "token_blacklist.blacklistedtoken",
    "pk": 24,
    "fields": {
        "token": 43,
        "blacklisted_at": "2026-06-12T16:09:59.803Z"
    }
},
{
    "model": "token_blacklist.blacklistedtoken",
    "pk": 25,
    "fields": {
        "token": 45,
        "blacklisted_at": "2026-06-12T17:17:53.533Z"
    }
},
{
    "model": "token_blacklist.blacklistedtoken",
    "pk": 26,
    "fields": {
        "token": 48,
        "blacklisted_at": "2026-06-12T19:36:53.370Z"
    }
},
{
    "model": "token_blacklist.blacklistedtoken",
    "pk": 27,
    "fields": {
        "token": 46,
        "blacklisted_at": "2026-06-12T20:01:37.705Z"
    }
},
{
    "model": "token_blacklist.blacklistedtoken",
    "pk": 28,
    "fields": {
        "token": 50,
        "blacklisted_at": "2026-06-12T21:09:01.949Z"
    }
},
{
    "model": "token_blacklist.blacklistedtoken",
    "pk": 29,
    "fields": {
        "token": 51,
        "blacklisted_at": "2026-06-12T21:11:36.272Z"
    }
},
{
    "model": "token_blacklist.blacklistedtoken",
    "pk": 30,
    "fields": {
        "token": 53,
        "blacklisted_at": "2026-06-13T04:08:57.201Z"
    }
},
{
    "model": "token_blacklist.blacklistedtoken",
    "pk": 31,
    "fields": {
        "token": 52,
        "blacklisted_at": "2026-06-13T06:46:55.615Z"
    }
},
{
    "model": "token_blacklist.blacklistedtoken",
    "pk": 32,
    "fields": {
        "token": 54,
        "blacklisted_at": "2026-06-13T07:16:10.314Z"
    }
},
{
    "model": "token_blacklist.blacklistedtoken",
    "pk": 34,
    "fields": {
        "token": 55,
        "blacklisted_at": "2026-06-13T07:20:06.006Z"
    }
},
{
    "model": "token_blacklist.blacklistedtoken",
    "pk": 35,
    "fields": {
        "token": 58,
        "blacklisted_at": "2026-06-13T08:16:15.356Z"
    }
},
{
    "model": "token_blacklist.blacklistedtoken",
    "pk": 36,
    "fields": {
        "token": 64,
        "blacklisted_at": "2026-06-13T09:38:48.757Z"
    }
},
{
    "model": "token_blacklist.blacklistedtoken",
    "pk": 37,
    "fields": {
        "token": 65,
        "blacklisted_at": "2026-06-13T09:39:38.004Z"
    }
},
{
    "model": "token_blacklist.blacklistedtoken",
    "pk": 38,
    "fields": {
        "token": 59,
        "blacklisted_at": "2026-06-13T09:55:41.400Z"
    }
},
{
    "model": "token_blacklist.blacklistedtoken",
    "pk": 39,
    "fields": {
        "token": 68,
        "blacklisted_at": "2026-06-13T11:13:48.157Z"
    }
},
{
    "model": "token_blacklist.blacklistedtoken",
    "pk": 40,
    "fields": {
        "token": 66,
        "blacklisted_at": "2026-06-13T11:57:40.241Z"
    }
},
{
    "model": "token_blacklist.blacklistedtoken",
    "pk": 41,
    "fields": {
        "token": 69,
        "blacklisted_at": "2026-06-13T11:59:02.726Z"
    }
},
{
    "model": "token_blacklist.blacklistedtoken",
    "pk": 42,
    "fields": {
        "token": 70,
        "blacklisted_at": "2026-06-13T12:14:59.676Z"
    }
},
{
    "model": "token_blacklist.blacklistedtoken",
    "pk": 43,
    "fields": {
        "token": 74,
        "blacklisted_at": "2026-06-13T14:08:53.580Z"
    }
},
{
    "model": "token_blacklist.blacklistedtoken",
    "pk": 44,
    "fields": {
        "token": 75,
        "blacklisted_at": "2026-06-13T14:54:36.056Z"
    }
},
{
    "model": "token_blacklist.blacklistedtoken",
    "pk": 45,
    "fields": {
        "token": 77,
        "blacklisted_at": "2026-06-13T15:15:52.824Z"
    }
},
{
    "model": "token_blacklist.blacklistedtoken",
    "pk": 46,
    "fields": {
        "token": 82,
        "blacklisted_at": "2026-06-13T18:04:33.527Z"
    }
},
{
    "model": "token_blacklist.blacklistedtoken",
    "pk": 47,
    "fields": {
        "token": 78,
        "blacklisted_at": "2026-06-13T18:39:27.814Z"
    }
},
{
    "model": "token_blacklist.blacklistedtoken",
    "pk": 48,
    "fields": {
        "token": 83,
        "blacklisted_at": "2026-06-13T19:04:58.744Z"
    }
},
{
    "model": "token_blacklist.blacklistedtoken",
    "pk": 49,
    "fields": {
        "token": 84,
        "blacklisted_at": "2026-06-13T19:41:40.184Z"
    }
},
{
    "model": "token_blacklist.blacklistedtoken",
    "pk": 50,
    "fields": {
        "token": 85,
        "blacklisted_at": "2026-06-13T19:45:16.122Z"
    }
},
{
    "model": "token_blacklist.blacklistedtoken",
    "pk": 51,
    "fields": {
        "token": 86,
        "blacklisted_at": "2026-06-13T20:05:33.023Z"
    }
},
{
    "model": "token_blacklist.blacklistedtoken",
    "pk": 52,
    "fields": {
        "token": 87,
        "blacklisted_at": "2026-06-13T20:44:23.388Z"
    }
},
{
    "model": "token_blacklist.blacklistedtoken",
    "pk": 53,
    "fields": {
        "token": 93,
        "blacklisted_at": "2026-06-14T08:36:32.186Z"
    }
},
{
    "model": "token_blacklist.blacklistedtoken",
    "pk": 54,
    "fields": {
        "token": 98,
        "blacklisted_at": "2026-06-14T09:44:15.088Z"
    }
},
{
    "model": "token_blacklist.blacklistedtoken",
    "pk": 55,
    "fields": {
        "token": 105,
        "blacklisted_at": "2026-06-14T12:40:41.050Z"
    }
},
{
    "model": "core.currency",
    "pk": 1,
    "fields": {
        "created_at": "2026-06-09T20:39:08.508Z",
        "updated_at": "2026-06-14T10:49:05.809Z",
        "is_active": true,
        "code": "TZS",
        "name": "Tanzanian Shilling",
        "exchange_rate": "1.000000",
        "is_default": true
    }
},
{
    "model": "core.currency",
    "pk": 2,
    "fields": {
        "created_at": "2026-06-09T20:39:08.513Z",
        "updated_at": "2026-06-14T10:49:05.812Z",
        "is_active": true,
        "code": "USD",
        "name": "US Dollar",
        "exchange_rate": "2650.000000",
        "is_default": false
    }
},
{
    "model": "core.currency",
    "pk": 3,
    "fields": {
        "created_at": "2026-06-09T20:39:08.514Z",
        "updated_at": "2026-06-14T10:49:05.814Z",
        "is_active": true,
        "code": "EUR",
        "name": "Euro",
        "exchange_rate": "2850.000000",
        "is_default": false
    }
},
{
    "model": "core.auditlog",
    "pk": 1,
    "fields": {
        "user": 2,
        "module": "auth",
        "action": "login",
        "record_id": "",
        "old_values": null,
        "new_values": null,
        "ip_address": "127.0.0.1",
        "created_at": "2026-06-10T04:43:15.648Z"
    }
},
{
    "model": "core.auditlog",
    "pk": 2,
    "fields": {
        "user": 2,
        "module": "auth",
        "action": "login",
        "record_id": "",
        "old_values": null,
        "new_values": null,
        "ip_address": "127.0.0.1",
        "created_at": "2026-06-10T04:47:26.366Z"
    }
},
{
    "model": "core.auditlog",
    "pk": 3,
    "fields": {
        "user": 1,
        "module": "auth",
        "action": "login",
        "record_id": "",
        "old_values": null,
        "new_values": null,
        "ip_address": "127.0.0.1",
        "created_at": "2026-06-10T05:23:33.767Z"
    }
},
{
    "model": "core.auditlog",
    "pk": 4,
    "fields": {
        "user": 2,
        "module": "auth",
        "action": "login",
        "record_id": "",
        "old_values": null,
        "new_values": null,
        "ip_address": "127.0.0.1",
        "created_at": "2026-06-10T05:32:01.937Z"
    }
},
{
    "model": "core.auditlog",
    "pk": 5,
    "fields": {
        "user": 1,
        "module": "auth",
        "action": "login",
        "record_id": "",
        "old_values": null,
        "new_values": null,
        "ip_address": "127.0.0.1",
        "created_at": "2026-06-10T09:29:39.409Z"
    }
},
{
    "model": "core.auditlog",
    "pk": 6,
    "fields": {
        "user": 1,
        "module": "auth",
        "action": "login",
        "record_id": "",
        "old_values": null,
        "new_values": null,
        "ip_address": "127.0.0.1",
        "created_at": "2026-06-10T09:29:40.517Z"
    }
},
{
    "model": "core.auditlog",
    "pk": 7,
    "fields": {
        "user": 1,
        "module": "auth",
        "action": "login",
        "record_id": "",
        "old_values": null,
        "new_values": null,
        "ip_address": "127.0.0.1",
        "created_at": "2026-06-10T09:30:21.159Z"
    }
},
{
    "model": "core.auditlog",
    "pk": 8,
    "fields": {
        "user": 1,
        "module": "auth",
        "action": "login",
        "record_id": "",
        "old_values": null,
        "new_values": null,
        "ip_address": "127.0.0.1",
        "created_at": "2026-06-10T09:45:26.559Z"
    }
},
{
    "model": "core.auditlog",
    "pk": 9,
    "fields": {
        "user": 1,
        "module": "auth",
        "action": "login",
        "record_id": "",
        "old_values": null,
        "new_values": null,
        "ip_address": "127.0.0.1",
        "created_at": "2026-06-10T11:11:21.279Z"
    }
},
{
    "model": "core.auditlog",
    "pk": 10,
    "fields": {
        "user": 1,
        "module": "auth",
        "action": "login",
        "record_id": "",
        "old_values": null,
        "new_values": null,
        "ip_address": "127.0.0.1",
        "created_at": "2026-06-11T05:23:45.352Z"
    }
},
{
    "model": "core.auditlog",
    "pk": 11,
    "fields": {
        "user": 2,
        "module": "auth",
        "action": "login",
        "record_id": "",
        "old_values": null,
        "new_values": null,
        "ip_address": "127.0.0.1",
        "created_at": "2026-06-11T14:46:38.583Z"
    }
},
{
    "model": "core.auditlog",
    "pk": 12,
    "fields": {
        "user": 2,
        "module": "auth",
        "action": "login",
        "record_id": "",
        "old_values": null,
        "new_values": null,
        "ip_address": "127.0.0.1",
        "created_at": "2026-06-11T14:51:39.090Z"
    }
},
{
    "model": "core.auditlog",
    "pk": 13,
    "fields": {
        "user": 2,
        "module": "auth",
        "action": "login",
        "record_id": "",
        "old_values": null,
        "new_values": null,
        "ip_address": "127.0.0.1",
        "created_at": "2026-06-11T14:53:43.569Z"
    }
},
{
    "model": "core.auditlog",
    "pk": 14,
    "fields": {
        "user": 3,
        "module": "auth",
        "action": "login",
        "record_id": "",
        "old_values": null,
        "new_values": null,
        "ip_address": "127.0.0.1",
        "created_at": "2026-06-11T14:56:20.263Z"
    }
},
{
    "model": "core.auditlog",
    "pk": 15,
    "fields": {
        "user": 2,
        "module": "auth",
        "action": "login",
        "record_id": "",
        "old_values": null,
        "new_values": null,
        "ip_address": "127.0.0.1",
        "created_at": "2026-06-11T14:58:40.610Z"
    }
},
{
    "model": "core.auditlog",
    "pk": 16,
    "fields": {
        "user": 2,
        "module": "auth",
        "action": "login",
        "record_id": "",
        "old_values": null,
        "new_values": null,
        "ip_address": "127.0.0.1",
        "created_at": "2026-06-12T06:39:36.927Z"
    }
},
{
    "model": "core.auditlog",
    "pk": 17,
    "fields": {
        "user": 2,
        "module": "auth",
        "action": "login",
        "record_id": "",
        "old_values": null,
        "new_values": null,
        "ip_address": "127.0.0.1",
        "created_at": "2026-06-12T13:53:10.441Z"
    }
},
{
    "model": "core.auditlog",
    "pk": 18,
    "fields": {
        "user": 5,
        "module": "auth",
        "action": "login",
        "record_id": "",
        "old_values": null,
        "new_values": null,
        "ip_address": "127.0.0.1",
        "created_at": "2026-06-12T14:03:58.303Z"
    }
},
{
    "model": "core.auditlog",
    "pk": 19,
    "fields": {
        "user": 5,
        "module": "auth",
        "action": "login",
        "record_id": "",
        "old_values": null,
        "new_values": null,
        "ip_address": "127.0.0.1",
        "created_at": "2026-06-12T14:53:02.475Z"
    }
},
{
    "model": "core.auditlog",
    "pk": 20,
    "fields": {
        "user": 6,
        "module": "auth",
        "action": "login",
        "record_id": "",
        "old_values": null,
        "new_values": null,
        "ip_address": "127.0.0.1",
        "created_at": "2026-06-12T15:05:39.042Z"
    }
},
{
    "model": "core.auditlog",
    "pk": 21,
    "fields": {
        "user": 5,
        "module": "auth",
        "action": "login",
        "record_id": "",
        "old_values": null,
        "new_values": null,
        "ip_address": "127.0.0.1",
        "created_at": "2026-06-12T15:10:19.350Z"
    }
},
{
    "model": "core.auditlog",
    "pk": 22,
    "fields": {
        "user": 6,
        "module": "auth",
        "action": "login",
        "record_id": "",
        "old_values": null,
        "new_values": null,
        "ip_address": "127.0.0.1",
        "created_at": "2026-06-12T16:46:27.702Z"
    }
},
{
    "model": "core.auditlog",
    "pk": 23,
    "fields": {
        "user": 2,
        "module": "auth",
        "action": "login",
        "record_id": "",
        "old_values": null,
        "new_values": null,
        "ip_address": "127.0.0.1",
        "created_at": "2026-06-12T17:35:55.783Z"
    }
},
{
    "model": "core.auditlog",
    "pk": 24,
    "fields": {
        "user": 5,
        "module": "auth",
        "action": "login",
        "record_id": "",
        "old_values": null,
        "new_values": null,
        "ip_address": "127.0.0.1",
        "created_at": "2026-06-12T19:59:10.682Z"
    }
},
{
    "model": "core.auditlog",
    "pk": 25,
    "fields": {
        "user": 1,
        "module": "auth",
        "action": "login",
        "record_id": "",
        "old_values": null,
        "new_values": null,
        "ip_address": "127.0.0.1",
        "created_at": "2026-06-12T20:12:31.263Z"
    }
},
{
    "model": "core.auditlog",
    "pk": 26,
    "fields": {
        "user": 1,
        "module": "auth",
        "action": "login",
        "record_id": "",
        "old_values": null,
        "new_values": null,
        "ip_address": "127.0.0.1",
        "created_at": "2026-06-13T07:49:02.345Z"
    }
},
{
    "model": "core.auditlog",
    "pk": 27,
    "fields": {
        "user": 1,
        "module": "auth",
        "action": "login",
        "record_id": "",
        "old_values": null,
        "new_values": null,
        "ip_address": "127.0.0.1",
        "created_at": "2026-06-13T07:49:57.909Z"
    }
},
{
    "model": "core.auditlog",
    "pk": 28,
    "fields": {
        "user": 1,
        "module": "auth",
        "action": "login",
        "record_id": "",
        "old_values": null,
        "new_values": null,
        "ip_address": "127.0.0.1",
        "created_at": "2026-06-13T07:50:21.617Z"
    }
},
{
    "model": "core.auditlog",
    "pk": 29,
    "fields": {
        "user": 3,
        "module": "auth",
        "action": "login",
        "record_id": "",
        "old_values": null,
        "new_values": null,
        "ip_address": "127.0.0.1",
        "created_at": "2026-06-13T07:59:17.227Z"
    }
},
{
    "model": "core.auditlog",
    "pk": 30,
    "fields": {
        "user": 7,
        "module": "auth",
        "action": "login",
        "record_id": "",
        "old_values": null,
        "new_values": null,
        "ip_address": "127.0.0.1",
        "created_at": "2026-06-13T08:39:35.002Z"
    }
},
{
    "model": "core.auditlog",
    "pk": 31,
    "fields": {
        "user": 7,
        "module": "auth",
        "action": "login",
        "record_id": "",
        "old_values": null,
        "new_values": null,
        "ip_address": "127.0.0.1",
        "created_at": "2026-06-13T09:40:11.579Z"
    }
},
{
    "model": "core.auditlog",
    "pk": 32,
    "fields": {
        "user": 10,
        "module": "auth",
        "action": "login",
        "record_id": "",
        "old_values": null,
        "new_values": null,
        "ip_address": "127.0.0.1",
        "created_at": "2026-06-13T12:27:59.481Z"
    }
},
{
    "model": "core.auditlog",
    "pk": 33,
    "fields": {
        "user": 6,
        "module": "auth",
        "action": "login",
        "record_id": "",
        "old_values": null,
        "new_values": null,
        "ip_address": "127.0.0.1",
        "created_at": "2026-06-13T13:51:01.056Z"
    }
},
{
    "model": "core.auditlog",
    "pk": 34,
    "fields": {
        "user": 10,
        "module": "auth",
        "action": "login",
        "record_id": "",
        "old_values": null,
        "new_values": null,
        "ip_address": "127.0.0.1",
        "created_at": "2026-06-13T14:15:45.051Z"
    }
},
{
    "model": "core.auditlog",
    "pk": 35,
    "fields": {
        "user": 11,
        "module": "auth",
        "action": "login",
        "record_id": "",
        "old_values": null,
        "new_values": null,
        "ip_address": "127.0.0.1",
        "created_at": "2026-06-13T15:22:53.717Z"
    }
},
{
    "model": "core.auditlog",
    "pk": 36,
    "fields": {
        "user": 11,
        "module": "auth",
        "action": "login",
        "record_id": "",
        "old_values": null,
        "new_values": null,
        "ip_address": "127.0.0.1",
        "created_at": "2026-06-13T15:30:09.435Z"
    }
},
{
    "model": "core.auditlog",
    "pk": 37,
    "fields": {
        "user": 12,
        "module": "auth",
        "action": "login",
        "record_id": "",
        "old_values": null,
        "new_values": null,
        "ip_address": "127.0.0.1",
        "created_at": "2026-06-13T15:45:28.588Z"
    }
},
{
    "model": "core.auditlog",
    "pk": 38,
    "fields": {
        "user": 6,
        "module": "auth",
        "action": "login",
        "record_id": "",
        "old_values": null,
        "new_values": null,
        "ip_address": "127.0.0.1",
        "created_at": "2026-06-13T18:44:10.686Z"
    }
},
{
    "model": "core.auditlog",
    "pk": 39,
    "fields": {
        "user": 6,
        "module": "auth",
        "action": "login",
        "record_id": "",
        "old_values": null,
        "new_values": null,
        "ip_address": "127.0.0.1",
        "created_at": "2026-06-13T19:46:07.746Z"
    }
},
{
    "model": "core.auditlog",
    "pk": 40,
    "fields": {
        "user": 6,
        "module": "auth",
        "action": "login",
        "record_id": "",
        "old_values": null,
        "new_values": null,
        "ip_address": "127.0.0.1",
        "created_at": "2026-06-13T19:59:07.842Z"
    }
},
{
    "model": "core.auditlog",
    "pk": 41,
    "fields": {
        "user": 6,
        "module": "inventory",
        "action": "dept_request_approve",
        "record_id": "DR-2026-001",
        "old_values": {
            "status": "SUBMITTED"
        },
        "new_values": {
            "status": "APPROVED",
            "comment": "",
            "department_context": "LOGISTICS"
        },
        "ip_address": null,
        "created_at": "2026-06-13T20:00:47.861Z"
    }
},
{
    "model": "core.auditlog",
    "pk": 42,
    "fields": {
        "user": 11,
        "module": "auth",
        "action": "login",
        "record_id": "",
        "old_values": null,
        "new_values": null,
        "ip_address": "127.0.0.1",
        "created_at": "2026-06-13T20:03:39.710Z"
    }
},
{
    "model": "core.auditlog",
    "pk": 43,
    "fields": {
        "user": 11,
        "module": "inventory",
        "action": "dept_request_issue",
        "record_id": "DR-2026-001",
        "old_values": null,
        "new_values": {
            "status": "ISSUED",
            "partial": false,
            "gin_number": "GIN-2026-001",
            "department_context": "LOGISTICS"
        },
        "ip_address": null,
        "created_at": "2026-06-13T20:04:39.826Z"
    }
},
{
    "model": "core.auditlog",
    "pk": 44,
    "fields": {
        "user": 10,
        "module": "auth",
        "action": "login",
        "record_id": "",
        "old_values": null,
        "new_values": null,
        "ip_address": "127.0.0.1",
        "created_at": "2026-06-13T20:09:28.023Z"
    }
},
{
    "model": "core.auditlog",
    "pk": 45,
    "fields": {
        "user": 4,
        "module": "auth",
        "action": "login",
        "record_id": "",
        "old_values": null,
        "new_values": null,
        "ip_address": "127.0.0.1",
        "created_at": "2026-06-14T08:24:32.715Z"
    }
},
{
    "model": "core.auditlog",
    "pk": 46,
    "fields": {
        "user": 13,
        "module": "auth",
        "action": "login",
        "record_id": "",
        "old_values": null,
        "new_values": null,
        "ip_address": "127.0.0.1",
        "created_at": "2026-06-14T08:35:05.763Z"
    }
},
{
    "model": "core.auditlog",
    "pk": 47,
    "fields": {
        "user": 4,
        "module": "auth",
        "action": "login",
        "record_id": "",
        "old_values": null,
        "new_values": null,
        "ip_address": "127.0.0.1",
        "created_at": "2026-06-14T08:37:46.971Z"
    }
},
{
    "model": "core.auditlog",
    "pk": 48,
    "fields": {
        "user": 13,
        "module": "production",
        "action": "ASSIGN",
        "record_id": "WO-2026-004",
        "old_values": {
            "status": "APPROVED"
        },
        "new_values": {
            "status": "ASSIGNED",
            "operator_id": 4
        },
        "ip_address": null,
        "created_at": "2026-06-14T09:17:08.488Z"
    }
},
{
    "model": "core.auditlog",
    "pk": 49,
    "fields": {
        "user": 13,
        "module": "production",
        "action": "START",
        "record_id": "WO-2026-004",
        "old_values": {
            "status": "ASSIGNED"
        },
        "new_values": {
            "status": "IN_PROGRESS",
            "machine_id": 2
        },
        "ip_address": null,
        "created_at": "2026-06-14T09:17:15.685Z"
    }
},
{
    "model": "core.auditlog",
    "pk": 50,
    "fields": {
        "user": 13,
        "module": "production",
        "action": "CONSUMPTION",
        "record_id": "WO-2026-004",
        "old_values": null,
        "new_values": {
            "lines": 2,
            "status": ""
        },
        "ip_address": null,
        "created_at": "2026-06-14T09:23:48.457Z"
    }
},
{
    "model": "core.auditlog",
    "pk": 51,
    "fields": {
        "user": 13,
        "module": "production",
        "action": "SUBMIT_COMPLETION",
        "record_id": "WO-2026-004",
        "old_values": {
            "status": "IN_PROGRESS"
        },
        "new_values": {
            "status": "COMPLETED_PENDING",
            "quantity_produced": "50.0000",
            "quantity_defective": "0.0000"
        },
        "ip_address": null,
        "created_at": "2026-06-14T09:27:15.396Z"
    }
},
{
    "model": "core.auditlog",
    "pk": 52,
    "fields": {
        "user": 13,
        "module": "production",
        "action": "PROD_APPROVE",
        "record_id": "WO-2026-004",
        "old_values": {
            "status": "COMPLETED_PENDING"
        },
        "new_values": {
            "status": "WAITING_STORE"
        },
        "ip_address": null,
        "created_at": "2026-06-14T09:28:12.316Z"
    }
},
{
    "model": "core.auditlog",
    "pk": 53,
    "fields": {
        "user": 11,
        "module": "auth",
        "action": "login",
        "record_id": "",
        "old_values": null,
        "new_values": null,
        "ip_address": "127.0.0.1",
        "created_at": "2026-06-14T09:29:41.423Z"
    }
},
{
    "model": "core.auditlog",
    "pk": 54,
    "fields": {
        "user": 11,
        "module": "production",
        "action": "STORE_RECEIPT",
        "record_id": "WO-2026-004",
        "old_values": {
            "status": "WAITING_STORE"
        },
        "new_values": {
            "status": "INV_RECEIVED",
            "warehouse_id": 1,
            "quantity_received": "50.0000"
        },
        "ip_address": null,
        "created_at": "2026-06-14T09:47:45.020Z"
    }
},
{
    "model": "core.auditlog",
    "pk": 55,
    "fields": {
        "user": 11,
        "module": "production",
        "action": "STORE_RECEIPT",
        "record_id": "WO-2026-004",
        "old_values": {
            "status": "INV_RECEIVED"
        },
        "new_values": {
            "status": "CLOSED"
        },
        "ip_address": null,
        "created_at": "2026-06-14T09:47:45.025Z"
    }
},
{
    "model": "core.auditlog",
    "pk": 56,
    "fields": {
        "user": 13,
        "module": "auth",
        "action": "login",
        "record_id": "",
        "old_values": null,
        "new_values": null,
        "ip_address": "127.0.0.1",
        "created_at": "2026-06-14T10:15:59.554Z"
    }
},
{
    "model": "core.auditlog",
    "pk": 57,
    "fields": {
        "user": 1,
        "module": "auth",
        "action": "login",
        "record_id": "",
        "old_values": null,
        "new_values": null,
        "ip_address": "127.0.0.1",
        "created_at": "2026-06-14T10:24:20.707Z"
    }
},
{
    "model": "core.auditlog",
    "pk": 58,
    "fields": {
        "user": 11,
        "module": "auth",
        "action": "login",
        "record_id": "",
        "old_values": null,
        "new_values": null,
        "ip_address": "127.0.0.1",
        "created_at": "2026-06-14T10:31:54.302Z"
    }
},
{
    "model": "core.auditlog",
    "pk": 59,
    "fields": {
        "user": 14,
        "module": "auth",
        "action": "login",
        "record_id": "",
        "old_values": null,
        "new_values": null,
        "ip_address": "127.0.0.1",
        "created_at": "2026-06-14T10:50:37.409Z"
    }
},
{
    "model": "core.auditlog",
    "pk": 60,
    "fields": {
        "user": 6,
        "module": "auth",
        "action": "login",
        "record_id": "",
        "old_values": null,
        "new_values": null,
        "ip_address": "127.0.0.1",
        "created_at": "2026-06-14T11:40:55.859Z"
    }
},
{
    "model": "core.auditlog",
    "pk": 61,
    "fields": {
        "user": 1,
        "module": "auth",
        "action": "login",
        "record_id": "",
        "old_values": null,
        "new_values": null,
        "ip_address": "127.0.0.1",
        "created_at": "2026-06-14T12:22:18.978Z"
    }
},
{
    "model": "core.auditlog",
    "pk": 62,
    "fields": {
        "user": 1,
        "module": "auth",
        "action": "login",
        "record_id": "",
        "old_values": null,
        "new_values": null,
        "ip_address": "127.0.0.1",
        "created_at": "2026-06-14T12:33:03.785Z"
    }
},
{
    "model": "core.auditlog",
    "pk": 63,
    "fields": {
        "user": 1,
        "module": "auth",
        "action": "login",
        "record_id": "",
        "old_values": null,
        "new_values": null,
        "ip_address": "127.0.0.1",
        "created_at": "2026-06-14T12:52:25.085Z"
    }
},
{
    "model": "core.auditlog",
    "pk": 64,
    "fields": {
        "user": 1,
        "module": "auth",
        "action": "login",
        "record_id": "",
        "old_values": null,
        "new_values": null,
        "ip_address": "127.0.0.1",
        "created_at": "2026-06-14T14:36:15.283Z"
    }
},
{
    "model": "users.department",
    "pk": 1,
    "fields": {
        "created_at": "2026-06-09T20:39:08.518Z",
        "updated_at": "2026-06-14T10:49:05.819Z",
        "is_active": true,
        "name": "Finance",
        "description": "Finance and accounting",
        "hod": null
    }
},
{
    "model": "users.department",
    "pk": 2,
    "fields": {
        "created_at": "2026-06-09T20:39:08.531Z",
        "updated_at": "2026-06-14T10:49:05.820Z",
        "is_active": true,
        "name": "Procurement",
        "description": "Purchasing and supplier management",
        "hod": null
    }
},
{
    "model": "users.department",
    "pk": 3,
    "fields": {
        "created_at": "2026-06-09T20:39:08.533Z",
        "updated_at": "2026-06-14T10:49:05.822Z",
        "is_active": true,
        "name": "Sales",
        "description": "Customer sales and quotations",
        "hod": null
    }
},
{
    "model": "users.department",
    "pk": 4,
    "fields": {
        "created_at": "2026-06-09T20:39:08.534Z",
        "updated_at": "2026-06-14T10:49:05.824Z",
        "is_active": true,
        "name": "Logistics",
        "description": "Fleet and delivery management",
        "hod": null
    }
},
{
    "model": "users.department",
    "pk": 5,
    "fields": {
        "created_at": "2026-06-09T20:39:08.538Z",
        "updated_at": "2026-06-14T10:49:05.825Z",
        "is_active": true,
        "name": "Production",
        "description": "Wire mesh manufacturing",
        "hod": null
    }
},
{
    "model": "users.department",
    "pk": 6,
    "fields": {
        "created_at": "2026-06-09T20:39:08.540Z",
        "updated_at": "2026-06-14T10:49:05.827Z",
        "is_active": true,
        "name": "HR & Admin",
        "description": "Human resources and administration",
        "hod": null
    }
},
{
    "model": "users.department",
    "pk": 7,
    "fields": {
        "created_at": "2026-06-09T20:39:08.541Z",
        "updated_at": "2026-06-14T10:49:05.828Z",
        "is_active": true,
        "name": "Safety",
        "description": "Workplace health and safety",
        "hod": null
    }
},
{
    "model": "users.role",
    "pk": 1,
    "fields": {
        "created_at": "2026-06-09T20:39:08.547Z",
        "updated_at": "2026-06-14T10:49:05.833Z",
        "is_active": true,
        "name": "Super Admin",
        "department": null
    }
},
{
    "model": "users.role",
    "pk": 2,
    "fields": {
        "created_at": "2026-06-09T20:39:08.550Z",
        "updated_at": "2026-06-14T10:49:05.836Z",
        "is_active": true,
        "name": "General Manager",
        "department": null
    }
},
{
    "model": "users.role",
    "pk": 3,
    "fields": {
        "created_at": "2026-06-09T20:39:08.553Z",
        "updated_at": "2026-06-14T10:49:05.837Z",
        "is_active": true,
        "name": "Internal Auditor",
        "department": null
    }
},
{
    "model": "users.role",
    "pk": 4,
    "fields": {
        "created_at": "2026-06-09T20:39:08.556Z",
        "updated_at": "2026-06-14T10:49:05.839Z",
        "is_active": true,
        "name": "HOD Finance",
        "department": 1
    }
},
{
    "model": "users.role",
    "pk": 5,
    "fields": {
        "created_at": "2026-06-09T20:39:08.558Z",
        "updated_at": "2026-06-14T10:49:05.841Z",
        "is_active": true,
        "name": "HOD Procurement",
        "department": 2
    }
},
{
    "model": "users.role",
    "pk": 6,
    "fields": {
        "created_at": "2026-06-09T20:39:08.560Z",
        "updated_at": "2026-06-13T07:33:22.761Z",
        "is_active": true,
        "name": "Coordinator",
        "department": 2
    }
},
{
    "model": "users.role",
    "pk": 7,
    "fields": {
        "created_at": "2026-06-09T20:39:08.562Z",
        "updated_at": "2026-06-14T10:49:05.846Z",
        "is_active": true,
        "name": "Storekeeper",
        "department": 2
    }
},
{
    "model": "users.role",
    "pk": 8,
    "fields": {
        "created_at": "2026-06-09T20:39:08.565Z",
        "updated_at": "2026-06-14T10:49:05.848Z",
        "is_active": true,
        "name": "HOD Sales",
        "department": 3
    }
},
{
    "model": "users.role",
    "pk": 9,
    "fields": {
        "created_at": "2026-06-09T20:39:08.567Z",
        "updated_at": "2026-06-14T10:49:05.850Z",
        "is_active": true,
        "name": "Sales Officer",
        "department": 3
    }
},
{
    "model": "users.role",
    "pk": 10,
    "fields": {
        "created_at": "2026-06-09T20:39:08.569Z",
        "updated_at": "2026-06-14T10:49:05.853Z",
        "is_active": true,
        "name": "HOD Logistics",
        "department": 4
    }
},
{
    "model": "users.role",
    "pk": 11,
    "fields": {
        "created_at": "2026-06-09T20:39:08.570Z",
        "updated_at": "2026-06-14T10:49:05.854Z",
        "is_active": true,
        "name": "Logistics Officer",
        "department": 4
    }
},
{
    "model": "users.role",
    "pk": 12,
    "fields": {
        "created_at": "2026-06-09T20:39:08.572Z",
        "updated_at": "2026-06-14T10:49:05.858Z",
        "is_active": true,
        "name": "Production Manager",
        "department": 5
    }
},
{
    "model": "users.role",
    "pk": 13,
    "fields": {
        "created_at": "2026-06-09T20:39:08.575Z",
        "updated_at": "2026-06-14T10:49:05.861Z",
        "is_active": true,
        "name": "Machine Operator",
        "department": 5
    }
},
{
    "model": "users.role",
    "pk": 14,
    "fields": {
        "created_at": "2026-06-09T20:39:08.577Z",
        "updated_at": "2026-06-14T10:49:05.863Z",
        "is_active": true,
        "name": "HR Officer",
        "department": 6
    }
},
{
    "model": "users.role",
    "pk": 15,
    "fields": {
        "created_at": "2026-06-09T20:39:08.579Z",
        "updated_at": "2026-06-14T10:49:05.864Z",
        "is_active": true,
        "name": "Safety Officer",
        "department": 7
    }
},
{
    "model": "users.role",
    "pk": 16,
    "fields": {
        "created_at": "2026-06-11T14:50:03.440Z",
        "updated_at": "2026-06-11T14:50:03.440Z",
        "is_active": true,
        "name": "innocent philbert",
        "department": 2
    }
},
{
    "model": "users.role",
    "pk": 17,
    "fields": {
        "created_at": "2026-06-11T14:50:39.899Z",
        "updated_at": "2026-06-11T14:50:39.899Z",
        "is_active": true,
        "name": "Assistance",
        "department": 2
    }
},
{
    "model": "users.role",
    "pk": 18,
    "fields": {
        "created_at": "2026-06-13T04:49:42.161Z",
        "updated_at": "2026-06-14T10:49:05.856Z",
        "is_active": true,
        "name": "Driver",
        "department": 4
    }
},
{
    "model": "users.role",
    "pk": 19,
    "fields": {
        "created_at": "2026-06-13T06:45:14.192Z",
        "updated_at": "2026-06-14T10:49:05.866Z",
        "is_active": true,
        "name": "Chief Security Officer",
        "department": 7
    }
},
{
    "model": "users.role",
    "pk": 20,
    "fields": {
        "created_at": "2026-06-13T06:45:14.265Z",
        "updated_at": "2026-06-14T10:49:05.868Z",
        "is_active": true,
        "name": "Security Supervisor",
        "department": 7
    }
},
{
    "model": "users.role",
    "pk": 21,
    "fields": {
        "created_at": "2026-06-13T06:45:14.273Z",
        "updated_at": "2026-06-14T10:49:05.870Z",
        "is_active": true,
        "name": "Security Guard",
        "department": 7
    }
},
{
    "model": "users.role",
    "pk": 22,
    "fields": {
        "created_at": "2026-06-13T19:44:27.308Z",
        "updated_at": "2026-06-14T10:49:05.843Z",
        "is_active": true,
        "name": "Assistant Procurement",
        "department": 2
    }
},
{
    "model": "users.role",
    "pk": 23,
    "fields": {
        "created_at": "2026-06-13T19:44:27.387Z",
        "updated_at": "2026-06-14T10:49:05.844Z",
        "is_active": true,
        "name": "Store Manager",
        "department": 2
    }
},
{
    "model": "users.role",
    "pk": 24,
    "fields": {
        "created_at": "2026-06-14T09:10:16.526Z",
        "updated_at": "2026-06-14T10:49:05.859Z",
        "is_active": true,
        "name": "Production Supervisor",
        "department": 5
    }
},
{
    "model": "users.permission",
    "pk": 1843,
    "fields": {
        "created_at": "2026-06-11T15:17:09.266Z",
        "updated_at": "2026-06-14T10:49:07.117Z",
        "is_active": true,
        "module": "messaging",
        "action": "create",
        "role": 17
    }
},
{
    "model": "users.permission",
    "pk": 1844,
    "fields": {
        "created_at": "2026-06-11T15:17:09.398Z",
        "updated_at": "2026-06-14T10:49:07.119Z",
        "is_active": true,
        "module": "messaging",
        "action": "read",
        "role": 17
    }
},
{
    "model": "users.permission",
    "pk": 1845,
    "fields": {
        "created_at": "2026-06-11T15:17:09.405Z",
        "updated_at": "2026-06-14T10:49:07.121Z",
        "is_active": true,
        "module": "messaging",
        "action": "update",
        "role": 17
    }
},
{
    "model": "users.permission",
    "pk": 1846,
    "fields": {
        "created_at": "2026-06-11T15:17:09.412Z",
        "updated_at": "2026-06-14T10:49:07.123Z",
        "is_active": true,
        "module": "messaging",
        "action": "delete",
        "role": 17
    }
},
{
    "model": "users.permission",
    "pk": 1847,
    "fields": {
        "created_at": "2026-06-11T15:17:09.419Z",
        "updated_at": "2026-06-14T10:49:07.125Z",
        "is_active": true,
        "module": "messaging",
        "action": "query",
        "role": 17
    }
},
{
    "model": "users.permission",
    "pk": 1848,
    "fields": {
        "created_at": "2026-06-11T15:17:09.427Z",
        "updated_at": "2026-06-14T10:49:07.126Z",
        "is_active": true,
        "module": "email",
        "action": "create",
        "role": 17
    }
},
{
    "model": "users.permission",
    "pk": 1849,
    "fields": {
        "created_at": "2026-06-11T15:17:09.435Z",
        "updated_at": "2026-06-14T10:49:07.128Z",
        "is_active": true,
        "module": "email",
        "action": "read",
        "role": 17
    }
},
{
    "model": "users.permission",
    "pk": 1850,
    "fields": {
        "created_at": "2026-06-11T15:17:09.443Z",
        "updated_at": "2026-06-14T10:49:07.129Z",
        "is_active": true,
        "module": "email",
        "action": "update",
        "role": 17
    }
},
{
    "model": "users.permission",
    "pk": 1851,
    "fields": {
        "created_at": "2026-06-11T15:17:09.450Z",
        "updated_at": "2026-06-14T10:49:07.132Z",
        "is_active": true,
        "module": "email",
        "action": "delete",
        "role": 17
    }
},
{
    "model": "users.permission",
    "pk": 1852,
    "fields": {
        "created_at": "2026-06-11T15:17:09.458Z",
        "updated_at": "2026-06-14T10:49:07.133Z",
        "is_active": true,
        "module": "email",
        "action": "query",
        "role": 17
    }
},
{
    "model": "users.permission",
    "pk": 1853,
    "fields": {
        "created_at": "2026-06-11T15:17:09.465Z",
        "updated_at": "2026-06-14T10:49:07.135Z",
        "is_active": true,
        "module": "settings",
        "action": "read",
        "role": 17
    }
},
{
    "model": "users.permission",
    "pk": 1854,
    "fields": {
        "created_at": "2026-06-11T15:17:09.473Z",
        "updated_at": "2026-06-14T10:49:07.138Z",
        "is_active": true,
        "module": "settings",
        "action": "update",
        "role": 17
    }
},
{
    "model": "users.permission",
    "pk": 1934,
    "fields": {
        "created_at": "2026-06-11T15:17:09.980Z",
        "updated_at": "2026-06-14T10:49:07.417Z",
        "is_active": true,
        "module": "messaging",
        "action": "create",
        "role": 16
    }
},
{
    "model": "users.permission",
    "pk": 1935,
    "fields": {
        "created_at": "2026-06-11T15:17:09.983Z",
        "updated_at": "2026-06-14T10:49:07.419Z",
        "is_active": true,
        "module": "messaging",
        "action": "read",
        "role": 16
    }
},
{
    "model": "users.permission",
    "pk": 1936,
    "fields": {
        "created_at": "2026-06-11T15:17:09.985Z",
        "updated_at": "2026-06-14T10:49:07.421Z",
        "is_active": true,
        "module": "messaging",
        "action": "update",
        "role": 16
    }
},
{
    "model": "users.permission",
    "pk": 1937,
    "fields": {
        "created_at": "2026-06-11T15:17:09.988Z",
        "updated_at": "2026-06-14T10:49:07.422Z",
        "is_active": true,
        "module": "messaging",
        "action": "delete",
        "role": 16
    }
},
{
    "model": "users.permission",
    "pk": 1938,
    "fields": {
        "created_at": "2026-06-11T15:17:09.990Z",
        "updated_at": "2026-06-14T10:49:07.424Z",
        "is_active": true,
        "module": "messaging",
        "action": "query",
        "role": 16
    }
},
{
    "model": "users.permission",
    "pk": 1939,
    "fields": {
        "created_at": "2026-06-11T15:17:09.993Z",
        "updated_at": "2026-06-14T10:49:07.426Z",
        "is_active": true,
        "module": "email",
        "action": "create",
        "role": 16
    }
},
{
    "model": "users.permission",
    "pk": 1940,
    "fields": {
        "created_at": "2026-06-11T15:17:09.995Z",
        "updated_at": "2026-06-14T10:49:07.428Z",
        "is_active": true,
        "module": "email",
        "action": "read",
        "role": 16
    }
},
{
    "model": "users.permission",
    "pk": 1941,
    "fields": {
        "created_at": "2026-06-11T15:17:09.999Z",
        "updated_at": "2026-06-14T10:49:07.430Z",
        "is_active": true,
        "module": "email",
        "action": "update",
        "role": 16
    }
},
{
    "model": "users.permission",
    "pk": 1942,
    "fields": {
        "created_at": "2026-06-11T15:17:10.000Z",
        "updated_at": "2026-06-14T10:49:07.431Z",
        "is_active": true,
        "module": "email",
        "action": "delete",
        "role": 16
    }
},
{
    "model": "users.permission",
    "pk": 1943,
    "fields": {
        "created_at": "2026-06-11T15:17:10.004Z",
        "updated_at": "2026-06-14T10:49:07.433Z",
        "is_active": true,
        "module": "email",
        "action": "query",
        "role": 16
    }
},
{
    "model": "users.permission",
    "pk": 1944,
    "fields": {
        "created_at": "2026-06-11T15:17:10.006Z",
        "updated_at": "2026-06-14T10:49:07.435Z",
        "is_active": true,
        "module": "settings",
        "action": "read",
        "role": 16
    }
},
{
    "model": "users.permission",
    "pk": 1945,
    "fields": {
        "created_at": "2026-06-11T15:17:10.009Z",
        "updated_at": "2026-06-14T10:49:07.437Z",
        "is_active": true,
        "module": "settings",
        "action": "update",
        "role": 16
    }
},
{
    "model": "users.permission",
    "pk": 3108,
    "fields": {
        "created_at": "2026-06-13T07:33:23.225Z",
        "updated_at": "2026-06-13T07:33:23.225Z",
        "is_active": true,
        "module": "procurement",
        "action": "create",
        "role": 6
    }
},
{
    "model": "users.permission",
    "pk": 3109,
    "fields": {
        "created_at": "2026-06-13T07:33:23.226Z",
        "updated_at": "2026-06-13T07:33:23.226Z",
        "is_active": true,
        "module": "procurement",
        "action": "read",
        "role": 6
    }
},
{
    "model": "users.permission",
    "pk": 3110,
    "fields": {
        "created_at": "2026-06-13T07:33:23.226Z",
        "updated_at": "2026-06-13T07:33:23.226Z",
        "is_active": true,
        "module": "procurement",
        "action": "update",
        "role": 6
    }
},
{
    "model": "users.permission",
    "pk": 3111,
    "fields": {
        "created_at": "2026-06-13T07:33:23.226Z",
        "updated_at": "2026-06-13T07:33:23.226Z",
        "is_active": true,
        "module": "procurement",
        "action": "query",
        "role": 6
    }
},
{
    "model": "users.permission",
    "pk": 3142,
    "fields": {
        "created_at": "2026-06-13T07:33:24.239Z",
        "updated_at": "2026-06-14T10:49:07.194Z",
        "is_active": true,
        "module": "messaging",
        "action": "create",
        "role": 6
    }
},
{
    "model": "users.permission",
    "pk": 3143,
    "fields": {
        "created_at": "2026-06-13T07:33:24.242Z",
        "updated_at": "2026-06-14T10:49:07.196Z",
        "is_active": true,
        "module": "messaging",
        "action": "read",
        "role": 6
    }
},
{
    "model": "users.permission",
    "pk": 3144,
    "fields": {
        "created_at": "2026-06-13T07:33:24.251Z",
        "updated_at": "2026-06-14T10:49:07.198Z",
        "is_active": true,
        "module": "messaging",
        "action": "update",
        "role": 6
    }
},
{
    "model": "users.permission",
    "pk": 3145,
    "fields": {
        "created_at": "2026-06-13T07:33:24.254Z",
        "updated_at": "2026-06-14T10:49:07.200Z",
        "is_active": true,
        "module": "messaging",
        "action": "delete",
        "role": 6
    }
},
{
    "model": "users.permission",
    "pk": 3146,
    "fields": {
        "created_at": "2026-06-13T07:33:24.256Z",
        "updated_at": "2026-06-14T10:49:07.201Z",
        "is_active": true,
        "module": "messaging",
        "action": "query",
        "role": 6
    }
},
{
    "model": "users.permission",
    "pk": 3147,
    "fields": {
        "created_at": "2026-06-13T07:33:24.260Z",
        "updated_at": "2026-06-14T10:49:07.203Z",
        "is_active": true,
        "module": "email",
        "action": "create",
        "role": 6
    }
},
{
    "model": "users.permission",
    "pk": 3148,
    "fields": {
        "created_at": "2026-06-13T07:33:24.263Z",
        "updated_at": "2026-06-14T10:49:07.204Z",
        "is_active": true,
        "module": "email",
        "action": "read",
        "role": 6
    }
},
{
    "model": "users.permission",
    "pk": 3149,
    "fields": {
        "created_at": "2026-06-13T07:33:24.266Z",
        "updated_at": "2026-06-14T10:49:07.205Z",
        "is_active": true,
        "module": "email",
        "action": "update",
        "role": 6
    }
},
{
    "model": "users.permission",
    "pk": 3150,
    "fields": {
        "created_at": "2026-06-13T07:33:24.268Z",
        "updated_at": "2026-06-14T10:49:07.207Z",
        "is_active": true,
        "module": "email",
        "action": "delete",
        "role": 6
    }
},
{
    "model": "users.permission",
    "pk": 3151,
    "fields": {
        "created_at": "2026-06-13T07:33:24.271Z",
        "updated_at": "2026-06-14T10:49:07.209Z",
        "is_active": true,
        "module": "email",
        "action": "query",
        "role": 6
    }
},
{
    "model": "users.permission",
    "pk": 3152,
    "fields": {
        "created_at": "2026-06-13T07:33:24.274Z",
        "updated_at": "2026-06-14T10:49:07.210Z",
        "is_active": true,
        "module": "settings",
        "action": "read",
        "role": 6
    }
},
{
    "model": "users.permission",
    "pk": 3153,
    "fields": {
        "created_at": "2026-06-13T07:33:24.278Z",
        "updated_at": "2026-06-14T10:49:07.212Z",
        "is_active": true,
        "module": "settings",
        "action": "update",
        "role": 6
    }
},
{
    "model": "users.permission",
    "pk": 3596,
    "fields": {
        "created_at": "2026-06-13T19:44:29.688Z",
        "updated_at": "2026-06-14T10:49:07.140Z",
        "is_active": true,
        "module": "inventory",
        "action": "read",
        "role": 17
    }
},
{
    "model": "users.permission",
    "pk": 3597,
    "fields": {
        "created_at": "2026-06-13T19:44:29.695Z",
        "updated_at": "2026-06-14T10:49:07.142Z",
        "is_active": true,
        "module": "inventory",
        "action": "create",
        "role": 17
    }
},
{
    "model": "users.permission",
    "pk": 3624,
    "fields": {
        "created_at": "2026-06-13T19:44:30.009Z",
        "updated_at": "2026-06-14T10:49:07.213Z",
        "is_active": true,
        "module": "inventory",
        "action": "read",
        "role": 6
    }
},
{
    "model": "users.permission",
    "pk": 3625,
    "fields": {
        "created_at": "2026-06-13T19:44:30.017Z",
        "updated_at": "2026-06-14T10:49:07.214Z",
        "is_active": true,
        "module": "inventory",
        "action": "create",
        "role": 6
    }
},
{
    "model": "users.permission",
    "pk": 3716,
    "fields": {
        "created_at": "2026-06-13T19:44:30.831Z",
        "updated_at": "2026-06-14T10:49:07.438Z",
        "is_active": true,
        "module": "inventory",
        "action": "read",
        "role": 16
    }
},
{
    "model": "users.permission",
    "pk": 3717,
    "fields": {
        "created_at": "2026-06-13T19:44:30.834Z",
        "updated_at": "2026-06-14T10:49:07.440Z",
        "is_active": true,
        "module": "inventory",
        "action": "create",
        "role": 16
    }
},
{
    "model": "users.permission",
    "pk": 4530,
    "fields": {
        "created_at": "2026-06-14T10:49:05.877Z",
        "updated_at": "2026-06-14T10:49:07.954Z",
        "is_active": true,
        "module": "inventory",
        "action": "create",
        "role": 1
    }
},
{
    "model": "users.permission",
    "pk": 4531,
    "fields": {
        "created_at": "2026-06-14T10:49:05.878Z",
        "updated_at": "2026-06-14T10:49:07.952Z",
        "is_active": true,
        "module": "inventory",
        "action": "read",
        "role": 1
    }
},
{
    "model": "users.permission",
    "pk": 4532,
    "fields": {
        "created_at": "2026-06-14T10:49:05.878Z",
        "updated_at": "2026-06-14T10:49:05.878Z",
        "is_active": true,
        "module": "inventory",
        "action": "update",
        "role": 1
    }
},
{
    "model": "users.permission",
    "pk": 4533,
    "fields": {
        "created_at": "2026-06-14T10:49:05.879Z",
        "updated_at": "2026-06-14T10:49:05.879Z",
        "is_active": true,
        "module": "inventory",
        "action": "delete",
        "role": 1
    }
},
{
    "model": "users.permission",
    "pk": 4534,
    "fields": {
        "created_at": "2026-06-14T10:49:05.879Z",
        "updated_at": "2026-06-14T10:49:05.879Z",
        "is_active": true,
        "module": "inventory",
        "action": "approve",
        "role": 1
    }
},
{
    "model": "users.permission",
    "pk": 4535,
    "fields": {
        "created_at": "2026-06-14T10:49:05.880Z",
        "updated_at": "2026-06-14T10:49:05.880Z",
        "is_active": true,
        "module": "inventory",
        "action": "query",
        "role": 1
    }
},
{
    "model": "users.permission",
    "pk": 4536,
    "fields": {
        "created_at": "2026-06-14T10:49:05.880Z",
        "updated_at": "2026-06-14T10:49:05.880Z",
        "is_active": true,
        "module": "procurement",
        "action": "create",
        "role": 1
    }
},
{
    "model": "users.permission",
    "pk": 4537,
    "fields": {
        "created_at": "2026-06-14T10:49:05.881Z",
        "updated_at": "2026-06-14T10:49:05.881Z",
        "is_active": true,
        "module": "procurement",
        "action": "read",
        "role": 1
    }
},
{
    "model": "users.permission",
    "pk": 4538,
    "fields": {
        "created_at": "2026-06-14T10:49:05.882Z",
        "updated_at": "2026-06-14T10:49:05.882Z",
        "is_active": true,
        "module": "procurement",
        "action": "update",
        "role": 1
    }
},
{
    "model": "users.permission",
    "pk": 4539,
    "fields": {
        "created_at": "2026-06-14T10:49:05.882Z",
        "updated_at": "2026-06-14T10:49:05.882Z",
        "is_active": true,
        "module": "procurement",
        "action": "delete",
        "role": 1
    }
},
{
    "model": "users.permission",
    "pk": 4540,
    "fields": {
        "created_at": "2026-06-14T10:49:05.883Z",
        "updated_at": "2026-06-14T10:49:05.883Z",
        "is_active": true,
        "module": "procurement",
        "action": "approve",
        "role": 1
    }
},
{
    "model": "users.permission",
    "pk": 4541,
    "fields": {
        "created_at": "2026-06-14T10:49:05.883Z",
        "updated_at": "2026-06-14T10:49:05.883Z",
        "is_active": true,
        "module": "procurement",
        "action": "query",
        "role": 1
    }
},
{
    "model": "users.permission",
    "pk": 4542,
    "fields": {
        "created_at": "2026-06-14T10:49:05.884Z",
        "updated_at": "2026-06-14T10:49:05.884Z",
        "is_active": true,
        "module": "sales",
        "action": "create",
        "role": 1
    }
},
{
    "model": "users.permission",
    "pk": 4543,
    "fields": {
        "created_at": "2026-06-14T10:49:05.884Z",
        "updated_at": "2026-06-14T10:49:05.884Z",
        "is_active": true,
        "module": "sales",
        "action": "read",
        "role": 1
    }
},
{
    "model": "users.permission",
    "pk": 4544,
    "fields": {
        "created_at": "2026-06-14T10:49:05.885Z",
        "updated_at": "2026-06-14T10:49:05.885Z",
        "is_active": true,
        "module": "sales",
        "action": "update",
        "role": 1
    }
},
{
    "model": "users.permission",
    "pk": 4545,
    "fields": {
        "created_at": "2026-06-14T10:49:05.885Z",
        "updated_at": "2026-06-14T10:49:05.885Z",
        "is_active": true,
        "module": "sales",
        "action": "delete",
        "role": 1
    }
},
{
    "model": "users.permission",
    "pk": 4546,
    "fields": {
        "created_at": "2026-06-14T10:49:05.885Z",
        "updated_at": "2026-06-14T10:49:05.885Z",
        "is_active": true,
        "module": "sales",
        "action": "approve",
        "role": 1
    }
},
{
    "model": "users.permission",
    "pk": 4547,
    "fields": {
        "created_at": "2026-06-14T10:49:05.887Z",
        "updated_at": "2026-06-14T10:49:05.887Z",
        "is_active": true,
        "module": "sales",
        "action": "query",
        "role": 1
    }
},
{
    "model": "users.permission",
    "pk": 4548,
    "fields": {
        "created_at": "2026-06-14T10:49:05.887Z",
        "updated_at": "2026-06-14T10:49:05.887Z",
        "is_active": true,
        "module": "logistics",
        "action": "create",
        "role": 1
    }
},
{
    "model": "users.permission",
    "pk": 4549,
    "fields": {
        "created_at": "2026-06-14T10:49:05.888Z",
        "updated_at": "2026-06-14T10:49:05.888Z",
        "is_active": true,
        "module": "logistics",
        "action": "read",
        "role": 1
    }
},
{
    "model": "users.permission",
    "pk": 4550,
    "fields": {
        "created_at": "2026-06-14T10:49:05.888Z",
        "updated_at": "2026-06-14T10:49:05.888Z",
        "is_active": true,
        "module": "logistics",
        "action": "update",
        "role": 1
    }
},
{
    "model": "users.permission",
    "pk": 4551,
    "fields": {
        "created_at": "2026-06-14T10:49:05.889Z",
        "updated_at": "2026-06-14T10:49:05.889Z",
        "is_active": true,
        "module": "logistics",
        "action": "delete",
        "role": 1
    }
},
{
    "model": "users.permission",
    "pk": 4552,
    "fields": {
        "created_at": "2026-06-14T10:49:05.889Z",
        "updated_at": "2026-06-14T10:49:05.889Z",
        "is_active": true,
        "module": "logistics",
        "action": "approve",
        "role": 1
    }
},
{
    "model": "users.permission",
    "pk": 4553,
    "fields": {
        "created_at": "2026-06-14T10:49:05.890Z",
        "updated_at": "2026-06-14T10:49:05.890Z",
        "is_active": true,
        "module": "logistics",
        "action": "query",
        "role": 1
    }
},
{
    "model": "users.permission",
    "pk": 4554,
    "fields": {
        "created_at": "2026-06-14T10:49:05.890Z",
        "updated_at": "2026-06-14T10:49:05.890Z",
        "is_active": true,
        "module": "driver_portal",
        "action": "create",
        "role": 1
    }
},
{
    "model": "users.permission",
    "pk": 4555,
    "fields": {
        "created_at": "2026-06-14T10:49:05.891Z",
        "updated_at": "2026-06-14T10:49:05.891Z",
        "is_active": true,
        "module": "driver_portal",
        "action": "read",
        "role": 1
    }
},
{
    "model": "users.permission",
    "pk": 4556,
    "fields": {
        "created_at": "2026-06-14T10:49:05.891Z",
        "updated_at": "2026-06-14T10:49:05.891Z",
        "is_active": true,
        "module": "driver_portal",
        "action": "update",
        "role": 1
    }
},
{
    "model": "users.permission",
    "pk": 4557,
    "fields": {
        "created_at": "2026-06-14T10:49:05.892Z",
        "updated_at": "2026-06-14T10:49:05.892Z",
        "is_active": true,
        "module": "driver_portal",
        "action": "delete",
        "role": 1
    }
},
{
    "model": "users.permission",
    "pk": 4558,
    "fields": {
        "created_at": "2026-06-14T10:49:05.892Z",
        "updated_at": "2026-06-14T10:49:05.892Z",
        "is_active": true,
        "module": "driver_portal",
        "action": "approve",
        "role": 1
    }
},
{
    "model": "users.permission",
    "pk": 4559,
    "fields": {
        "created_at": "2026-06-14T10:49:05.892Z",
        "updated_at": "2026-06-14T10:49:05.892Z",
        "is_active": true,
        "module": "driver_portal",
        "action": "query",
        "role": 1
    }
},
{
    "model": "users.permission",
    "pk": 4560,
    "fields": {
        "created_at": "2026-06-14T10:49:05.893Z",
        "updated_at": "2026-06-14T10:49:05.893Z",
        "is_active": true,
        "module": "production",
        "action": "create",
        "role": 1
    }
},
{
    "model": "users.permission",
    "pk": 4561,
    "fields": {
        "created_at": "2026-06-14T10:49:05.893Z",
        "updated_at": "2026-06-14T10:49:05.893Z",
        "is_active": true,
        "module": "production",
        "action": "read",
        "role": 1
    }
},
{
    "model": "users.permission",
    "pk": 4562,
    "fields": {
        "created_at": "2026-06-14T10:49:05.894Z",
        "updated_at": "2026-06-14T10:49:05.894Z",
        "is_active": true,
        "module": "production",
        "action": "update",
        "role": 1
    }
},
{
    "model": "users.permission",
    "pk": 4563,
    "fields": {
        "created_at": "2026-06-14T10:49:05.894Z",
        "updated_at": "2026-06-14T10:49:05.894Z",
        "is_active": true,
        "module": "production",
        "action": "delete",
        "role": 1
    }
},
{
    "model": "users.permission",
    "pk": 4564,
    "fields": {
        "created_at": "2026-06-14T10:49:05.895Z",
        "updated_at": "2026-06-14T10:49:05.895Z",
        "is_active": true,
        "module": "production",
        "action": "approve",
        "role": 1
    }
},
{
    "model": "users.permission",
    "pk": 4565,
    "fields": {
        "created_at": "2026-06-14T10:49:05.895Z",
        "updated_at": "2026-06-14T10:49:05.895Z",
        "is_active": true,
        "module": "production",
        "action": "query",
        "role": 1
    }
},
{
    "model": "users.permission",
    "pk": 4566,
    "fields": {
        "created_at": "2026-06-14T10:49:05.896Z",
        "updated_at": "2026-06-14T10:49:05.896Z",
        "is_active": true,
        "module": "finance",
        "action": "create",
        "role": 1
    }
},
{
    "model": "users.permission",
    "pk": 4567,
    "fields": {
        "created_at": "2026-06-14T10:49:05.896Z",
        "updated_at": "2026-06-14T10:49:05.896Z",
        "is_active": true,
        "module": "finance",
        "action": "read",
        "role": 1
    }
},
{
    "model": "users.permission",
    "pk": 4568,
    "fields": {
        "created_at": "2026-06-14T10:49:05.896Z",
        "updated_at": "2026-06-14T10:49:05.896Z",
        "is_active": true,
        "module": "finance",
        "action": "update",
        "role": 1
    }
},
{
    "model": "users.permission",
    "pk": 4569,
    "fields": {
        "created_at": "2026-06-14T10:49:05.897Z",
        "updated_at": "2026-06-14T10:49:05.897Z",
        "is_active": true,
        "module": "finance",
        "action": "delete",
        "role": 1
    }
},
{
    "model": "users.permission",
    "pk": 4570,
    "fields": {
        "created_at": "2026-06-14T10:49:05.897Z",
        "updated_at": "2026-06-14T10:49:05.897Z",
        "is_active": true,
        "module": "finance",
        "action": "approve",
        "role": 1
    }
},
{
    "model": "users.permission",
    "pk": 4571,
    "fields": {
        "created_at": "2026-06-14T10:49:05.899Z",
        "updated_at": "2026-06-14T10:49:05.899Z",
        "is_active": true,
        "module": "finance",
        "action": "query",
        "role": 1
    }
},
{
    "model": "users.permission",
    "pk": 4572,
    "fields": {
        "created_at": "2026-06-14T10:49:05.899Z",
        "updated_at": "2026-06-14T10:49:05.899Z",
        "is_active": true,
        "module": "hr",
        "action": "create",
        "role": 1
    }
},
{
    "model": "users.permission",
    "pk": 4573,
    "fields": {
        "created_at": "2026-06-14T10:49:05.900Z",
        "updated_at": "2026-06-14T10:49:05.900Z",
        "is_active": true,
        "module": "hr",
        "action": "read",
        "role": 1
    }
},
{
    "model": "users.permission",
    "pk": 4574,
    "fields": {
        "created_at": "2026-06-14T10:49:05.900Z",
        "updated_at": "2026-06-14T10:49:05.900Z",
        "is_active": true,
        "module": "hr",
        "action": "update",
        "role": 1
    }
},
{
    "model": "users.permission",
    "pk": 4575,
    "fields": {
        "created_at": "2026-06-14T10:49:05.901Z",
        "updated_at": "2026-06-14T10:49:05.901Z",
        "is_active": true,
        "module": "hr",
        "action": "delete",
        "role": 1
    }
},
{
    "model": "users.permission",
    "pk": 4576,
    "fields": {
        "created_at": "2026-06-14T10:49:05.901Z",
        "updated_at": "2026-06-14T10:49:05.901Z",
        "is_active": true,
        "module": "hr",
        "action": "approve",
        "role": 1
    }
},
{
    "model": "users.permission",
    "pk": 4577,
    "fields": {
        "created_at": "2026-06-14T10:49:05.901Z",
        "updated_at": "2026-06-14T10:49:05.901Z",
        "is_active": true,
        "module": "hr",
        "action": "query",
        "role": 1
    }
},
{
    "model": "users.permission",
    "pk": 4578,
    "fields": {
        "created_at": "2026-06-14T10:49:05.902Z",
        "updated_at": "2026-06-14T10:49:05.902Z",
        "is_active": true,
        "module": "safety",
        "action": "create",
        "role": 1
    }
},
{
    "model": "users.permission",
    "pk": 4579,
    "fields": {
        "created_at": "2026-06-14T10:49:05.902Z",
        "updated_at": "2026-06-14T10:49:05.902Z",
        "is_active": true,
        "module": "safety",
        "action": "read",
        "role": 1
    }
},
{
    "model": "users.permission",
    "pk": 4580,
    "fields": {
        "created_at": "2026-06-14T10:49:05.903Z",
        "updated_at": "2026-06-14T10:49:05.903Z",
        "is_active": true,
        "module": "safety",
        "action": "update",
        "role": 1
    }
},
{
    "model": "users.permission",
    "pk": 4581,
    "fields": {
        "created_at": "2026-06-14T10:49:05.903Z",
        "updated_at": "2026-06-14T10:49:05.903Z",
        "is_active": true,
        "module": "safety",
        "action": "delete",
        "role": 1
    }
},
{
    "model": "users.permission",
    "pk": 4582,
    "fields": {
        "created_at": "2026-06-14T10:49:05.904Z",
        "updated_at": "2026-06-14T10:49:05.904Z",
        "is_active": true,
        "module": "safety",
        "action": "approve",
        "role": 1
    }
},
{
    "model": "users.permission",
    "pk": 4583,
    "fields": {
        "created_at": "2026-06-14T10:49:05.904Z",
        "updated_at": "2026-06-14T10:49:05.904Z",
        "is_active": true,
        "module": "safety",
        "action": "query",
        "role": 1
    }
},
{
    "model": "users.permission",
    "pk": 4584,
    "fields": {
        "created_at": "2026-06-14T10:49:05.905Z",
        "updated_at": "2026-06-14T10:49:07.925Z",
        "is_active": true,
        "module": "messaging",
        "action": "create",
        "role": 1
    }
},
{
    "model": "users.permission",
    "pk": 4585,
    "fields": {
        "created_at": "2026-06-14T10:49:05.905Z",
        "updated_at": "2026-06-14T10:49:07.927Z",
        "is_active": true,
        "module": "messaging",
        "action": "read",
        "role": 1
    }
},
{
    "model": "users.permission",
    "pk": 4586,
    "fields": {
        "created_at": "2026-06-14T10:49:05.906Z",
        "updated_at": "2026-06-14T10:49:07.929Z",
        "is_active": true,
        "module": "messaging",
        "action": "update",
        "role": 1
    }
},
{
    "model": "users.permission",
    "pk": 4587,
    "fields": {
        "created_at": "2026-06-14T10:49:05.906Z",
        "updated_at": "2026-06-14T10:49:07.933Z",
        "is_active": true,
        "module": "messaging",
        "action": "delete",
        "role": 1
    }
},
{
    "model": "users.permission",
    "pk": 4588,
    "fields": {
        "created_at": "2026-06-14T10:49:05.907Z",
        "updated_at": "2026-06-14T10:49:05.907Z",
        "is_active": true,
        "module": "messaging",
        "action": "approve",
        "role": 1
    }
},
{
    "model": "users.permission",
    "pk": 4589,
    "fields": {
        "created_at": "2026-06-14T10:49:05.907Z",
        "updated_at": "2026-06-14T10:49:07.935Z",
        "is_active": true,
        "module": "messaging",
        "action": "query",
        "role": 1
    }
},
{
    "model": "users.permission",
    "pk": 4590,
    "fields": {
        "created_at": "2026-06-14T10:49:05.908Z",
        "updated_at": "2026-06-14T10:49:07.937Z",
        "is_active": true,
        "module": "email",
        "action": "create",
        "role": 1
    }
},
{
    "model": "users.permission",
    "pk": 4591,
    "fields": {
        "created_at": "2026-06-14T10:49:05.908Z",
        "updated_at": "2026-06-14T10:49:07.938Z",
        "is_active": true,
        "module": "email",
        "action": "read",
        "role": 1
    }
},
{
    "model": "users.permission",
    "pk": 4592,
    "fields": {
        "created_at": "2026-06-14T10:49:05.908Z",
        "updated_at": "2026-06-14T10:49:07.940Z",
        "is_active": true,
        "module": "email",
        "action": "update",
        "role": 1
    }
},
{
    "model": "users.permission",
    "pk": 4593,
    "fields": {
        "created_at": "2026-06-14T10:49:05.909Z",
        "updated_at": "2026-06-14T10:49:07.942Z",
        "is_active": true,
        "module": "email",
        "action": "delete",
        "role": 1
    }
},
{
    "model": "users.permission",
    "pk": 4594,
    "fields": {
        "created_at": "2026-06-14T10:49:05.909Z",
        "updated_at": "2026-06-14T10:49:05.909Z",
        "is_active": true,
        "module": "email",
        "action": "approve",
        "role": 1
    }
},
{
    "model": "users.permission",
    "pk": 4595,
    "fields": {
        "created_at": "2026-06-14T10:49:05.910Z",
        "updated_at": "2026-06-14T10:49:07.944Z",
        "is_active": true,
        "module": "email",
        "action": "query",
        "role": 1
    }
},
{
    "model": "users.permission",
    "pk": 4596,
    "fields": {
        "created_at": "2026-06-14T10:49:05.910Z",
        "updated_at": "2026-06-14T10:49:05.910Z",
        "is_active": true,
        "module": "users",
        "action": "create",
        "role": 1
    }
},
{
    "model": "users.permission",
    "pk": 4597,
    "fields": {
        "created_at": "2026-06-14T10:49:05.911Z",
        "updated_at": "2026-06-14T10:49:05.911Z",
        "is_active": true,
        "module": "users",
        "action": "read",
        "role": 1
    }
},
{
    "model": "users.permission",
    "pk": 4598,
    "fields": {
        "created_at": "2026-06-14T10:49:05.911Z",
        "updated_at": "2026-06-14T10:49:05.911Z",
        "is_active": true,
        "module": "users",
        "action": "update",
        "role": 1
    }
},
{
    "model": "users.permission",
    "pk": 4599,
    "fields": {
        "created_at": "2026-06-14T10:49:05.912Z",
        "updated_at": "2026-06-14T10:49:05.912Z",
        "is_active": true,
        "module": "users",
        "action": "delete",
        "role": 1
    }
},
{
    "model": "users.permission",
    "pk": 4600,
    "fields": {
        "created_at": "2026-06-14T10:49:05.912Z",
        "updated_at": "2026-06-14T10:49:05.912Z",
        "is_active": true,
        "module": "users",
        "action": "approve",
        "role": 1
    }
},
{
    "model": "users.permission",
    "pk": 4601,
    "fields": {
        "created_at": "2026-06-14T10:49:05.912Z",
        "updated_at": "2026-06-14T10:49:05.912Z",
        "is_active": true,
        "module": "users",
        "action": "query",
        "role": 1
    }
},
{
    "model": "users.permission",
    "pk": 4602,
    "fields": {
        "created_at": "2026-06-14T10:49:05.913Z",
        "updated_at": "2026-06-14T10:49:05.913Z",
        "is_active": true,
        "module": "settings",
        "action": "create",
        "role": 1
    }
},
{
    "model": "users.permission",
    "pk": 4603,
    "fields": {
        "created_at": "2026-06-14T10:49:05.913Z",
        "updated_at": "2026-06-14T10:49:07.946Z",
        "is_active": true,
        "module": "settings",
        "action": "read",
        "role": 1
    }
},
{
    "model": "users.permission",
    "pk": 4604,
    "fields": {
        "created_at": "2026-06-14T10:49:05.914Z",
        "updated_at": "2026-06-14T10:49:07.949Z",
        "is_active": true,
        "module": "settings",
        "action": "update",
        "role": 1
    }
},
{
    "model": "users.permission",
    "pk": 4605,
    "fields": {
        "created_at": "2026-06-14T10:49:05.914Z",
        "updated_at": "2026-06-14T10:49:05.914Z",
        "is_active": true,
        "module": "settings",
        "action": "delete",
        "role": 1
    }
},
{
    "model": "users.permission",
    "pk": 4606,
    "fields": {
        "created_at": "2026-06-14T10:49:05.915Z",
        "updated_at": "2026-06-14T10:49:05.915Z",
        "is_active": true,
        "module": "settings",
        "action": "approve",
        "role": 1
    }
},
{
    "model": "users.permission",
    "pk": 4607,
    "fields": {
        "created_at": "2026-06-14T10:49:05.915Z",
        "updated_at": "2026-06-14T10:49:05.915Z",
        "is_active": true,
        "module": "settings",
        "action": "query",
        "role": 1
    }
},
{
    "model": "users.permission",
    "pk": 4686,
    "fields": {
        "created_at": "2026-06-14T10:49:06.049Z",
        "updated_at": "2026-06-14T10:49:07.463Z",
        "is_active": true,
        "module": "inventory",
        "action": "read",
        "role": 3
    }
},
{
    "model": "users.permission",
    "pk": 4687,
    "fields": {
        "created_at": "2026-06-14T10:49:06.049Z",
        "updated_at": "2026-06-14T10:49:06.049Z",
        "is_active": true,
        "module": "inventory",
        "action": "query",
        "role": 3
    }
},
{
    "model": "users.permission",
    "pk": 4688,
    "fields": {
        "created_at": "2026-06-14T10:49:06.050Z",
        "updated_at": "2026-06-14T10:49:06.050Z",
        "is_active": true,
        "module": "procurement",
        "action": "read",
        "role": 3
    }
},
{
    "model": "users.permission",
    "pk": 4689,
    "fields": {
        "created_at": "2026-06-14T10:49:06.050Z",
        "updated_at": "2026-06-14T10:49:06.050Z",
        "is_active": true,
        "module": "procurement",
        "action": "query",
        "role": 3
    }
},
{
    "model": "users.permission",
    "pk": 4690,
    "fields": {
        "created_at": "2026-06-14T10:49:06.051Z",
        "updated_at": "2026-06-14T10:49:06.051Z",
        "is_active": true,
        "module": "sales",
        "action": "read",
        "role": 3
    }
},
{
    "model": "users.permission",
    "pk": 4691,
    "fields": {
        "created_at": "2026-06-14T10:49:06.051Z",
        "updated_at": "2026-06-14T10:49:06.051Z",
        "is_active": true,
        "module": "sales",
        "action": "query",
        "role": 3
    }
},
{
    "model": "users.permission",
    "pk": 4692,
    "fields": {
        "created_at": "2026-06-14T10:49:06.051Z",
        "updated_at": "2026-06-14T10:49:06.051Z",
        "is_active": true,
        "module": "logistics",
        "action": "read",
        "role": 3
    }
},
{
    "model": "users.permission",
    "pk": 4693,
    "fields": {
        "created_at": "2026-06-14T10:49:06.052Z",
        "updated_at": "2026-06-14T10:49:06.052Z",
        "is_active": true,
        "module": "logistics",
        "action": "query",
        "role": 3
    }
},
{
    "model": "users.permission",
    "pk": 4694,
    "fields": {
        "created_at": "2026-06-14T10:49:06.052Z",
        "updated_at": "2026-06-14T10:49:06.052Z",
        "is_active": true,
        "module": "driver_portal",
        "action": "read",
        "role": 3
    }
},
{
    "model": "users.permission",
    "pk": 4695,
    "fields": {
        "created_at": "2026-06-14T10:49:06.052Z",
        "updated_at": "2026-06-14T10:49:06.052Z",
        "is_active": true,
        "module": "driver_portal",
        "action": "query",
        "role": 3
    }
},
{
    "model": "users.permission",
    "pk": 4696,
    "fields": {
        "created_at": "2026-06-14T10:49:06.054Z",
        "updated_at": "2026-06-14T10:49:06.054Z",
        "is_active": true,
        "module": "production",
        "action": "read",
        "role": 3
    }
},
{
    "model": "users.permission",
    "pk": 4697,
    "fields": {
        "created_at": "2026-06-14T10:49:06.054Z",
        "updated_at": "2026-06-14T10:49:06.054Z",
        "is_active": true,
        "module": "production",
        "action": "query",
        "role": 3
    }
},
{
    "model": "users.permission",
    "pk": 4698,
    "fields": {
        "created_at": "2026-06-14T10:49:06.055Z",
        "updated_at": "2026-06-14T10:49:06.055Z",
        "is_active": true,
        "module": "finance",
        "action": "read",
        "role": 3
    }
},
{
    "model": "users.permission",
    "pk": 4699,
    "fields": {
        "created_at": "2026-06-14T10:49:06.055Z",
        "updated_at": "2026-06-14T10:49:06.055Z",
        "is_active": true,
        "module": "finance",
        "action": "query",
        "role": 3
    }
},
{
    "model": "users.permission",
    "pk": 4700,
    "fields": {
        "created_at": "2026-06-14T10:49:06.056Z",
        "updated_at": "2026-06-14T10:49:06.056Z",
        "is_active": true,
        "module": "hr",
        "action": "read",
        "role": 3
    }
},
{
    "model": "users.permission",
    "pk": 4701,
    "fields": {
        "created_at": "2026-06-14T10:49:06.056Z",
        "updated_at": "2026-06-14T10:49:06.056Z",
        "is_active": true,
        "module": "hr",
        "action": "query",
        "role": 3
    }
},
{
    "model": "users.permission",
    "pk": 4702,
    "fields": {
        "created_at": "2026-06-14T10:49:06.056Z",
        "updated_at": "2026-06-14T10:49:06.056Z",
        "is_active": true,
        "module": "safety",
        "action": "read",
        "role": 3
    }
},
{
    "model": "users.permission",
    "pk": 4703,
    "fields": {
        "created_at": "2026-06-14T10:49:06.057Z",
        "updated_at": "2026-06-14T10:49:06.057Z",
        "is_active": true,
        "module": "safety",
        "action": "query",
        "role": 3
    }
},
{
    "model": "users.permission",
    "pk": 4704,
    "fields": {
        "created_at": "2026-06-14T10:49:06.057Z",
        "updated_at": "2026-06-14T10:49:07.443Z",
        "is_active": true,
        "module": "messaging",
        "action": "read",
        "role": 3
    }
},
{
    "model": "users.permission",
    "pk": 4705,
    "fields": {
        "created_at": "2026-06-14T10:49:06.058Z",
        "updated_at": "2026-06-14T10:49:07.449Z",
        "is_active": true,
        "module": "messaging",
        "action": "query",
        "role": 3
    }
},
{
    "model": "users.permission",
    "pk": 4706,
    "fields": {
        "created_at": "2026-06-14T10:49:06.058Z",
        "updated_at": "2026-06-14T10:49:07.453Z",
        "is_active": true,
        "module": "email",
        "action": "read",
        "role": 3
    }
},
{
    "model": "users.permission",
    "pk": 4707,
    "fields": {
        "created_at": "2026-06-14T10:49:06.059Z",
        "updated_at": "2026-06-14T10:49:07.459Z",
        "is_active": true,
        "module": "email",
        "action": "query",
        "role": 3
    }
},
{
    "model": "users.permission",
    "pk": 4708,
    "fields": {
        "created_at": "2026-06-14T10:49:06.059Z",
        "updated_at": "2026-06-14T10:49:06.059Z",
        "is_active": true,
        "module": "users",
        "action": "read",
        "role": 3
    }
},
{
    "model": "users.permission",
    "pk": 4709,
    "fields": {
        "created_at": "2026-06-14T10:49:06.059Z",
        "updated_at": "2026-06-14T10:49:06.059Z",
        "is_active": true,
        "module": "users",
        "action": "query",
        "role": 3
    }
},
{
    "model": "users.permission",
    "pk": 4710,
    "fields": {
        "created_at": "2026-06-14T10:49:06.060Z",
        "updated_at": "2026-06-14T10:49:07.460Z",
        "is_active": true,
        "module": "settings",
        "action": "read",
        "role": 3
    }
},
{
    "model": "users.permission",
    "pk": 4711,
    "fields": {
        "created_at": "2026-06-14T10:49:06.060Z",
        "updated_at": "2026-06-14T10:49:06.060Z",
        "is_active": true,
        "module": "settings",
        "action": "query",
        "role": 3
    }
},
{
    "model": "users.permission",
    "pk": 4712,
    "fields": {
        "created_at": "2026-06-14T10:49:06.061Z",
        "updated_at": "2026-06-14T10:49:06.061Z",
        "is_active": true,
        "module": "finance",
        "action": "create",
        "role": 4
    }
},
{
    "model": "users.permission",
    "pk": 4713,
    "fields": {
        "created_at": "2026-06-14T10:49:06.062Z",
        "updated_at": "2026-06-14T10:49:06.062Z",
        "is_active": true,
        "module": "finance",
        "action": "read",
        "role": 4
    }
},
{
    "model": "users.permission",
    "pk": 4714,
    "fields": {
        "created_at": "2026-06-14T10:49:06.062Z",
        "updated_at": "2026-06-14T10:49:06.062Z",
        "is_active": true,
        "module": "finance",
        "action": "update",
        "role": 4
    }
},
{
    "model": "users.permission",
    "pk": 4715,
    "fields": {
        "created_at": "2026-06-14T10:49:06.063Z",
        "updated_at": "2026-06-14T10:49:06.063Z",
        "is_active": true,
        "module": "finance",
        "action": "delete",
        "role": 4
    }
},
{
    "model": "users.permission",
    "pk": 4716,
    "fields": {
        "created_at": "2026-06-14T10:49:06.063Z",
        "updated_at": "2026-06-14T10:49:06.063Z",
        "is_active": true,
        "module": "finance",
        "action": "approve",
        "role": 4
    }
},
{
    "model": "users.permission",
    "pk": 4717,
    "fields": {
        "created_at": "2026-06-14T10:49:06.063Z",
        "updated_at": "2026-06-14T10:49:06.063Z",
        "is_active": true,
        "module": "finance",
        "action": "query",
        "role": 4
    }
},
{
    "model": "users.permission",
    "pk": 4718,
    "fields": {
        "created_at": "2026-06-14T10:49:06.064Z",
        "updated_at": "2026-06-14T10:49:06.064Z",
        "is_active": true,
        "module": "procurement",
        "action": "create",
        "role": 5
    }
},
{
    "model": "users.permission",
    "pk": 4719,
    "fields": {
        "created_at": "2026-06-14T10:49:06.064Z",
        "updated_at": "2026-06-14T10:49:06.064Z",
        "is_active": true,
        "module": "procurement",
        "action": "read",
        "role": 5
    }
},
{
    "model": "users.permission",
    "pk": 4720,
    "fields": {
        "created_at": "2026-06-14T10:49:06.065Z",
        "updated_at": "2026-06-14T10:49:06.065Z",
        "is_active": true,
        "module": "procurement",
        "action": "update",
        "role": 5
    }
},
{
    "model": "users.permission",
    "pk": 4721,
    "fields": {
        "created_at": "2026-06-14T10:49:06.065Z",
        "updated_at": "2026-06-14T10:49:06.065Z",
        "is_active": true,
        "module": "procurement",
        "action": "delete",
        "role": 5
    }
},
{
    "model": "users.permission",
    "pk": 4722,
    "fields": {
        "created_at": "2026-06-14T10:49:06.066Z",
        "updated_at": "2026-06-14T10:49:06.066Z",
        "is_active": true,
        "module": "procurement",
        "action": "approve",
        "role": 5
    }
},
{
    "model": "users.permission",
    "pk": 4723,
    "fields": {
        "created_at": "2026-06-14T10:49:06.066Z",
        "updated_at": "2026-06-14T10:49:06.066Z",
        "is_active": true,
        "module": "procurement",
        "action": "query",
        "role": 5
    }
},
{
    "model": "users.permission",
    "pk": 4724,
    "fields": {
        "created_at": "2026-06-14T10:49:06.067Z",
        "updated_at": "2026-06-14T10:49:07.360Z",
        "is_active": true,
        "module": "inventory",
        "action": "create",
        "role": 5
    }
},
{
    "model": "users.permission",
    "pk": 4725,
    "fields": {
        "created_at": "2026-06-14T10:49:06.067Z",
        "updated_at": "2026-06-14T10:49:07.359Z",
        "is_active": true,
        "module": "inventory",
        "action": "read",
        "role": 5
    }
},
{
    "model": "users.permission",
    "pk": 4726,
    "fields": {
        "created_at": "2026-06-14T10:49:06.067Z",
        "updated_at": "2026-06-14T10:49:06.067Z",
        "is_active": true,
        "module": "inventory",
        "action": "update",
        "role": 5
    }
},
{
    "model": "users.permission",
    "pk": 4727,
    "fields": {
        "created_at": "2026-06-14T10:49:06.069Z",
        "updated_at": "2026-06-14T10:49:06.069Z",
        "is_active": true,
        "module": "inventory",
        "action": "delete",
        "role": 5
    }
},
{
    "model": "users.permission",
    "pk": 4728,
    "fields": {
        "created_at": "2026-06-14T10:49:06.069Z",
        "updated_at": "2026-06-14T10:49:06.069Z",
        "is_active": true,
        "module": "inventory",
        "action": "approve",
        "role": 5
    }
},
{
    "model": "users.permission",
    "pk": 4729,
    "fields": {
        "created_at": "2026-06-14T10:49:06.070Z",
        "updated_at": "2026-06-14T10:49:06.070Z",
        "is_active": true,
        "module": "inventory",
        "action": "query",
        "role": 5
    }
},
{
    "model": "users.permission",
    "pk": 4730,
    "fields": {
        "created_at": "2026-06-14T10:49:06.100Z",
        "updated_at": "2026-06-14T10:49:06.100Z",
        "is_active": true,
        "module": "sales",
        "action": "create",
        "role": 8
    }
},
{
    "model": "users.permission",
    "pk": 4731,
    "fields": {
        "created_at": "2026-06-14T10:49:06.100Z",
        "updated_at": "2026-06-14T10:49:06.100Z",
        "is_active": true,
        "module": "sales",
        "action": "read",
        "role": 8
    }
},
{
    "model": "users.permission",
    "pk": 4732,
    "fields": {
        "created_at": "2026-06-14T10:49:06.101Z",
        "updated_at": "2026-06-14T10:49:06.101Z",
        "is_active": true,
        "module": "sales",
        "action": "update",
        "role": 8
    }
},
{
    "model": "users.permission",
    "pk": 4733,
    "fields": {
        "created_at": "2026-06-14T10:49:06.102Z",
        "updated_at": "2026-06-14T10:49:06.102Z",
        "is_active": true,
        "module": "sales",
        "action": "delete",
        "role": 8
    }
},
{
    "model": "users.permission",
    "pk": 4734,
    "fields": {
        "created_at": "2026-06-14T10:49:06.103Z",
        "updated_at": "2026-06-14T10:49:06.103Z",
        "is_active": true,
        "module": "sales",
        "action": "approve",
        "role": 8
    }
},
{
    "model": "users.permission",
    "pk": 4735,
    "fields": {
        "created_at": "2026-06-14T10:49:06.104Z",
        "updated_at": "2026-06-14T10:49:06.104Z",
        "is_active": true,
        "module": "sales",
        "action": "query",
        "role": 8
    }
},
{
    "model": "users.permission",
    "pk": 4736,
    "fields": {
        "created_at": "2026-06-14T10:49:06.105Z",
        "updated_at": "2026-06-14T10:49:06.105Z",
        "is_active": true,
        "module": "logistics",
        "action": "create",
        "role": 10
    }
},
{
    "model": "users.permission",
    "pk": 4737,
    "fields": {
        "created_at": "2026-06-14T10:49:06.106Z",
        "updated_at": "2026-06-14T10:49:06.106Z",
        "is_active": true,
        "module": "logistics",
        "action": "read",
        "role": 10
    }
},
{
    "model": "users.permission",
    "pk": 4738,
    "fields": {
        "created_at": "2026-06-14T10:49:06.107Z",
        "updated_at": "2026-06-14T10:49:06.107Z",
        "is_active": true,
        "module": "logistics",
        "action": "update",
        "role": 10
    }
},
{
    "model": "users.permission",
    "pk": 4739,
    "fields": {
        "created_at": "2026-06-14T10:49:06.107Z",
        "updated_at": "2026-06-14T10:49:06.107Z",
        "is_active": true,
        "module": "logistics",
        "action": "delete",
        "role": 10
    }
},
{
    "model": "users.permission",
    "pk": 4740,
    "fields": {
        "created_at": "2026-06-14T10:49:06.108Z",
        "updated_at": "2026-06-14T10:49:06.108Z",
        "is_active": true,
        "module": "logistics",
        "action": "approve",
        "role": 10
    }
},
{
    "model": "users.permission",
    "pk": 4741,
    "fields": {
        "created_at": "2026-06-14T10:49:06.110Z",
        "updated_at": "2026-06-14T10:49:06.110Z",
        "is_active": true,
        "module": "logistics",
        "action": "query",
        "role": 10
    }
},
{
    "model": "users.permission",
    "pk": 4742,
    "fields": {
        "created_at": "2026-06-14T10:49:06.111Z",
        "updated_at": "2026-06-14T10:49:06.111Z",
        "is_active": true,
        "module": "production",
        "action": "create",
        "role": 12
    }
},
{
    "model": "users.permission",
    "pk": 4743,
    "fields": {
        "created_at": "2026-06-14T10:49:06.112Z",
        "updated_at": "2026-06-14T10:49:06.112Z",
        "is_active": true,
        "module": "production",
        "action": "read",
        "role": 12
    }
},
{
    "model": "users.permission",
    "pk": 4744,
    "fields": {
        "created_at": "2026-06-14T10:49:06.112Z",
        "updated_at": "2026-06-14T10:49:06.112Z",
        "is_active": true,
        "module": "production",
        "action": "update",
        "role": 12
    }
},
{
    "model": "users.permission",
    "pk": 4745,
    "fields": {
        "created_at": "2026-06-14T10:49:06.113Z",
        "updated_at": "2026-06-14T10:49:06.113Z",
        "is_active": true,
        "module": "production",
        "action": "delete",
        "role": 12
    }
},
{
    "model": "users.permission",
    "pk": 4746,
    "fields": {
        "created_at": "2026-06-14T10:49:06.114Z",
        "updated_at": "2026-06-14T10:49:06.114Z",
        "is_active": true,
        "module": "production",
        "action": "approve",
        "role": 12
    }
},
{
    "model": "users.permission",
    "pk": 4747,
    "fields": {
        "created_at": "2026-06-14T10:49:06.114Z",
        "updated_at": "2026-06-14T10:49:06.114Z",
        "is_active": true,
        "module": "production",
        "action": "query",
        "role": 12
    }
},
{
    "model": "users.permission",
    "pk": 4748,
    "fields": {
        "created_at": "2026-06-14T10:49:06.115Z",
        "updated_at": "2026-06-14T10:49:07.541Z",
        "is_active": true,
        "module": "inventory",
        "action": "create",
        "role": 12
    }
},
{
    "model": "users.permission",
    "pk": 4749,
    "fields": {
        "created_at": "2026-06-14T10:49:06.115Z",
        "updated_at": "2026-06-14T10:49:07.540Z",
        "is_active": true,
        "module": "inventory",
        "action": "read",
        "role": 12
    }
},
{
    "model": "users.permission",
    "pk": 4750,
    "fields": {
        "created_at": "2026-06-14T10:49:06.117Z",
        "updated_at": "2026-06-14T10:49:06.117Z",
        "is_active": true,
        "module": "inventory",
        "action": "update",
        "role": 12
    }
},
{
    "model": "users.permission",
    "pk": 4751,
    "fields": {
        "created_at": "2026-06-14T10:49:06.117Z",
        "updated_at": "2026-06-14T10:49:06.117Z",
        "is_active": true,
        "module": "inventory",
        "action": "delete",
        "role": 12
    }
},
{
    "model": "users.permission",
    "pk": 4752,
    "fields": {
        "created_at": "2026-06-14T10:49:06.118Z",
        "updated_at": "2026-06-14T10:49:06.118Z",
        "is_active": true,
        "module": "inventory",
        "action": "approve",
        "role": 12
    }
},
{
    "model": "users.permission",
    "pk": 4753,
    "fields": {
        "created_at": "2026-06-14T10:49:06.118Z",
        "updated_at": "2026-06-14T10:49:06.118Z",
        "is_active": true,
        "module": "inventory",
        "action": "query",
        "role": 12
    }
},
{
    "model": "users.permission",
    "pk": 4760,
    "fields": {
        "created_at": "2026-06-14T10:49:06.123Z",
        "updated_at": "2026-06-14T10:49:06.123Z",
        "is_active": true,
        "module": "hr",
        "action": "create",
        "role": 14
    }
},
{
    "model": "users.permission",
    "pk": 4761,
    "fields": {
        "created_at": "2026-06-14T10:49:06.124Z",
        "updated_at": "2026-06-14T10:49:06.124Z",
        "is_active": true,
        "module": "hr",
        "action": "read",
        "role": 14
    }
},
{
    "model": "users.permission",
    "pk": 4762,
    "fields": {
        "created_at": "2026-06-14T10:49:06.124Z",
        "updated_at": "2026-06-14T10:49:06.124Z",
        "is_active": true,
        "module": "hr",
        "action": "update",
        "role": 14
    }
},
{
    "model": "users.permission",
    "pk": 4763,
    "fields": {
        "created_at": "2026-06-14T10:49:06.125Z",
        "updated_at": "2026-06-14T10:49:06.125Z",
        "is_active": true,
        "module": "hr",
        "action": "delete",
        "role": 14
    }
},
{
    "model": "users.permission",
    "pk": 4764,
    "fields": {
        "created_at": "2026-06-14T10:49:06.125Z",
        "updated_at": "2026-06-14T10:49:06.125Z",
        "is_active": true,
        "module": "hr",
        "action": "approve",
        "role": 14
    }
},
{
    "model": "users.permission",
    "pk": 4765,
    "fields": {
        "created_at": "2026-06-14T10:49:06.126Z",
        "updated_at": "2026-06-14T10:49:06.126Z",
        "is_active": true,
        "module": "hr",
        "action": "query",
        "role": 14
    }
},
{
    "model": "users.permission",
    "pk": 4766,
    "fields": {
        "created_at": "2026-06-14T10:49:06.126Z",
        "updated_at": "2026-06-14T10:49:06.126Z",
        "is_active": true,
        "module": "users",
        "action": "create",
        "role": 14
    }
},
{
    "model": "users.permission",
    "pk": 4767,
    "fields": {
        "created_at": "2026-06-14T10:49:06.127Z",
        "updated_at": "2026-06-14T10:49:06.127Z",
        "is_active": true,
        "module": "users",
        "action": "read",
        "role": 14
    }
},
{
    "model": "users.permission",
    "pk": 4768,
    "fields": {
        "created_at": "2026-06-14T10:49:06.127Z",
        "updated_at": "2026-06-14T10:49:06.127Z",
        "is_active": true,
        "module": "users",
        "action": "update",
        "role": 14
    }
},
{
    "model": "users.permission",
    "pk": 4769,
    "fields": {
        "created_at": "2026-06-14T10:49:06.128Z",
        "updated_at": "2026-06-14T10:49:06.128Z",
        "is_active": true,
        "module": "users",
        "action": "delete",
        "role": 14
    }
},
{
    "model": "users.permission",
    "pk": 4770,
    "fields": {
        "created_at": "2026-06-14T10:49:06.128Z",
        "updated_at": "2026-06-14T10:49:06.128Z",
        "is_active": true,
        "module": "users",
        "action": "approve",
        "role": 14
    }
},
{
    "model": "users.permission",
    "pk": 4771,
    "fields": {
        "created_at": "2026-06-14T10:49:06.129Z",
        "updated_at": "2026-06-14T10:49:06.129Z",
        "is_active": true,
        "module": "users",
        "action": "query",
        "role": 14
    }
},
{
    "model": "users.permission",
    "pk": 4772,
    "fields": {
        "created_at": "2026-06-14T10:49:06.130Z",
        "updated_at": "2026-06-14T10:49:06.130Z",
        "is_active": true,
        "module": "safety",
        "action": "create",
        "role": 15
    }
},
{
    "model": "users.permission",
    "pk": 4773,
    "fields": {
        "created_at": "2026-06-14T10:49:06.130Z",
        "updated_at": "2026-06-14T10:49:06.130Z",
        "is_active": true,
        "module": "safety",
        "action": "read",
        "role": 15
    }
},
{
    "model": "users.permission",
    "pk": 4774,
    "fields": {
        "created_at": "2026-06-14T10:49:06.131Z",
        "updated_at": "2026-06-14T10:49:06.131Z",
        "is_active": true,
        "module": "safety",
        "action": "update",
        "role": 15
    }
},
{
    "model": "users.permission",
    "pk": 4775,
    "fields": {
        "created_at": "2026-06-14T10:49:06.131Z",
        "updated_at": "2026-06-14T10:49:06.131Z",
        "is_active": true,
        "module": "safety",
        "action": "delete",
        "role": 15
    }
},
{
    "model": "users.permission",
    "pk": 4776,
    "fields": {
        "created_at": "2026-06-14T10:49:06.132Z",
        "updated_at": "2026-06-14T10:49:06.132Z",
        "is_active": true,
        "module": "safety",
        "action": "approve",
        "role": 15
    }
},
{
    "model": "users.permission",
    "pk": 4777,
    "fields": {
        "created_at": "2026-06-14T10:49:06.132Z",
        "updated_at": "2026-06-14T10:49:06.132Z",
        "is_active": true,
        "module": "safety",
        "action": "query",
        "role": 15
    }
},
{
    "model": "users.permission",
    "pk": 4778,
    "fields": {
        "created_at": "2026-06-14T10:49:06.133Z",
        "updated_at": "2026-06-14T10:49:06.133Z",
        "is_active": true,
        "module": "safety",
        "action": "create",
        "role": 19
    }
},
{
    "model": "users.permission",
    "pk": 4779,
    "fields": {
        "created_at": "2026-06-14T10:49:06.134Z",
        "updated_at": "2026-06-14T10:49:06.134Z",
        "is_active": true,
        "module": "safety",
        "action": "read",
        "role": 19
    }
},
{
    "model": "users.permission",
    "pk": 4780,
    "fields": {
        "created_at": "2026-06-14T10:49:06.134Z",
        "updated_at": "2026-06-14T10:49:06.134Z",
        "is_active": true,
        "module": "safety",
        "action": "update",
        "role": 19
    }
},
{
    "model": "users.permission",
    "pk": 4781,
    "fields": {
        "created_at": "2026-06-14T10:49:06.134Z",
        "updated_at": "2026-06-14T10:49:06.134Z",
        "is_active": true,
        "module": "safety",
        "action": "delete",
        "role": 19
    }
},
{
    "model": "users.permission",
    "pk": 4782,
    "fields": {
        "created_at": "2026-06-14T10:49:06.135Z",
        "updated_at": "2026-06-14T10:49:06.135Z",
        "is_active": true,
        "module": "safety",
        "action": "approve",
        "role": 19
    }
},
{
    "model": "users.permission",
    "pk": 4783,
    "fields": {
        "created_at": "2026-06-14T10:49:06.135Z",
        "updated_at": "2026-06-14T10:49:06.135Z",
        "is_active": true,
        "module": "safety",
        "action": "query",
        "role": 19
    }
},
{
    "model": "users.permission",
    "pk": 4784,
    "fields": {
        "created_at": "2026-06-14T10:49:06.136Z",
        "updated_at": "2026-06-14T10:49:06.136Z",
        "is_active": true,
        "module": "safety",
        "action": "create",
        "role": 20
    }
},
{
    "model": "users.permission",
    "pk": 4785,
    "fields": {
        "created_at": "2026-06-14T10:49:06.137Z",
        "updated_at": "2026-06-14T10:49:06.137Z",
        "is_active": true,
        "module": "safety",
        "action": "read",
        "role": 20
    }
},
{
    "model": "users.permission",
    "pk": 4786,
    "fields": {
        "created_at": "2026-06-14T10:49:06.137Z",
        "updated_at": "2026-06-14T10:49:06.137Z",
        "is_active": true,
        "module": "safety",
        "action": "update",
        "role": 20
    }
},
{
    "model": "users.permission",
    "pk": 4787,
    "fields": {
        "created_at": "2026-06-14T10:49:06.138Z",
        "updated_at": "2026-06-14T10:49:06.138Z",
        "is_active": true,
        "module": "safety",
        "action": "delete",
        "role": 20
    }
},
{
    "model": "users.permission",
    "pk": 4788,
    "fields": {
        "created_at": "2026-06-14T10:49:06.138Z",
        "updated_at": "2026-06-14T10:49:06.138Z",
        "is_active": true,
        "module": "safety",
        "action": "approve",
        "role": 20
    }
},
{
    "model": "users.permission",
    "pk": 4789,
    "fields": {
        "created_at": "2026-06-14T10:49:06.139Z",
        "updated_at": "2026-06-14T10:49:06.139Z",
        "is_active": true,
        "module": "safety",
        "action": "query",
        "role": 20
    }
},
{
    "model": "users.permission",
    "pk": 4790,
    "fields": {
        "created_at": "2026-06-14T10:49:06.140Z",
        "updated_at": "2026-06-14T10:49:06.140Z",
        "is_active": true,
        "module": "safety",
        "action": "create",
        "role": 21
    }
},
{
    "model": "users.permission",
    "pk": 4791,
    "fields": {
        "created_at": "2026-06-14T10:49:06.140Z",
        "updated_at": "2026-06-14T10:49:06.140Z",
        "is_active": true,
        "module": "safety",
        "action": "read",
        "role": 21
    }
},
{
    "model": "users.permission",
    "pk": 4792,
    "fields": {
        "created_at": "2026-06-14T10:49:06.140Z",
        "updated_at": "2026-06-14T10:49:06.140Z",
        "is_active": true,
        "module": "safety",
        "action": "update",
        "role": 21
    }
},
{
    "model": "users.permission",
    "pk": 4793,
    "fields": {
        "created_at": "2026-06-14T10:49:06.142Z",
        "updated_at": "2026-06-14T10:49:06.142Z",
        "is_active": true,
        "module": "safety",
        "action": "delete",
        "role": 21
    }
},
{
    "model": "users.permission",
    "pk": 4794,
    "fields": {
        "created_at": "2026-06-14T10:49:06.142Z",
        "updated_at": "2026-06-14T10:49:06.142Z",
        "is_active": true,
        "module": "safety",
        "action": "approve",
        "role": 21
    }
},
{
    "model": "users.permission",
    "pk": 4795,
    "fields": {
        "created_at": "2026-06-14T10:49:06.143Z",
        "updated_at": "2026-06-14T10:49:06.143Z",
        "is_active": true,
        "module": "safety",
        "action": "query",
        "role": 21
    }
},
{
    "model": "users.permission",
    "pk": 4796,
    "fields": {
        "created_at": "2026-06-14T10:49:06.144Z",
        "updated_at": "2026-06-14T10:49:08.902Z",
        "is_active": true,
        "module": "inventory",
        "action": "create",
        "role": 7
    }
},
{
    "model": "users.permission",
    "pk": 4797,
    "fields": {
        "created_at": "2026-06-14T10:49:06.144Z",
        "updated_at": "2026-06-14T10:49:08.905Z",
        "is_active": true,
        "module": "inventory",
        "action": "read",
        "role": 7
    }
},
{
    "model": "users.permission",
    "pk": 4798,
    "fields": {
        "created_at": "2026-06-14T10:49:06.145Z",
        "updated_at": "2026-06-14T10:49:08.907Z",
        "is_active": true,
        "module": "inventory",
        "action": "update",
        "role": 7
    }
},
{
    "model": "users.permission",
    "pk": 4799,
    "fields": {
        "created_at": "2026-06-14T10:49:06.145Z",
        "updated_at": "2026-06-14T10:49:08.908Z",
        "is_active": true,
        "module": "inventory",
        "action": "query",
        "role": 7
    }
},
{
    "model": "users.permission",
    "pk": 4800,
    "fields": {
        "created_at": "2026-06-14T10:49:06.146Z",
        "updated_at": "2026-06-14T10:49:06.146Z",
        "is_active": true,
        "module": "procurement",
        "action": "create",
        "role": 22
    }
},
{
    "model": "users.permission",
    "pk": 4801,
    "fields": {
        "created_at": "2026-06-14T10:49:06.146Z",
        "updated_at": "2026-06-14T10:49:06.146Z",
        "is_active": true,
        "module": "procurement",
        "action": "read",
        "role": 22
    }
},
{
    "model": "users.permission",
    "pk": 4802,
    "fields": {
        "created_at": "2026-06-14T10:49:06.146Z",
        "updated_at": "2026-06-14T10:49:06.146Z",
        "is_active": true,
        "module": "procurement",
        "action": "update",
        "role": 22
    }
},
{
    "model": "users.permission",
    "pk": 4803,
    "fields": {
        "created_at": "2026-06-14T10:49:06.147Z",
        "updated_at": "2026-06-14T10:49:06.147Z",
        "is_active": true,
        "module": "procurement",
        "action": "approve",
        "role": 22
    }
},
{
    "model": "users.permission",
    "pk": 4804,
    "fields": {
        "created_at": "2026-06-14T10:49:06.147Z",
        "updated_at": "2026-06-14T10:49:06.147Z",
        "is_active": true,
        "module": "procurement",
        "action": "query",
        "role": 22
    }
},
{
    "model": "users.permission",
    "pk": 4805,
    "fields": {
        "created_at": "2026-06-14T10:49:06.148Z",
        "updated_at": "2026-06-14T10:49:07.168Z",
        "is_active": true,
        "module": "inventory",
        "action": "create",
        "role": 22
    }
},
{
    "model": "users.permission",
    "pk": 4806,
    "fields": {
        "created_at": "2026-06-14T10:49:06.148Z",
        "updated_at": "2026-06-14T10:49:07.167Z",
        "is_active": true,
        "module": "inventory",
        "action": "read",
        "role": 22
    }
},
{
    "model": "users.permission",
    "pk": 4807,
    "fields": {
        "created_at": "2026-06-14T10:49:06.149Z",
        "updated_at": "2026-06-14T10:49:06.149Z",
        "is_active": true,
        "module": "inventory",
        "action": "update",
        "role": 22
    }
},
{
    "model": "users.permission",
    "pk": 4808,
    "fields": {
        "created_at": "2026-06-14T10:49:06.149Z",
        "updated_at": "2026-06-14T10:49:06.149Z",
        "is_active": true,
        "module": "inventory",
        "action": "approve",
        "role": 22
    }
},
{
    "model": "users.permission",
    "pk": 4809,
    "fields": {
        "created_at": "2026-06-14T10:49:06.150Z",
        "updated_at": "2026-06-14T10:49:06.150Z",
        "is_active": true,
        "module": "inventory",
        "action": "query",
        "role": 22
    }
},
{
    "model": "users.permission",
    "pk": 4810,
    "fields": {
        "created_at": "2026-06-14T10:49:06.151Z",
        "updated_at": "2026-06-14T10:49:07.879Z",
        "is_active": true,
        "module": "inventory",
        "action": "create",
        "role": 23
    }
},
{
    "model": "users.permission",
    "pk": 4811,
    "fields": {
        "created_at": "2026-06-14T10:49:06.151Z",
        "updated_at": "2026-06-14T10:49:07.878Z",
        "is_active": true,
        "module": "inventory",
        "action": "read",
        "role": 23
    }
},
{
    "model": "users.permission",
    "pk": 4812,
    "fields": {
        "created_at": "2026-06-14T10:49:06.152Z",
        "updated_at": "2026-06-14T10:49:06.152Z",
        "is_active": true,
        "module": "inventory",
        "action": "update",
        "role": 23
    }
},
{
    "model": "users.permission",
    "pk": 4813,
    "fields": {
        "created_at": "2026-06-14T10:49:06.152Z",
        "updated_at": "2026-06-14T10:49:06.152Z",
        "is_active": true,
        "module": "inventory",
        "action": "approve",
        "role": 23
    }
},
{
    "model": "users.permission",
    "pk": 4814,
    "fields": {
        "created_at": "2026-06-14T10:49:06.152Z",
        "updated_at": "2026-06-14T10:49:06.152Z",
        "is_active": true,
        "module": "inventory",
        "action": "query",
        "role": 23
    }
},
{
    "model": "users.permission",
    "pk": 4815,
    "fields": {
        "created_at": "2026-06-14T10:49:06.153Z",
        "updated_at": "2026-06-14T10:49:06.153Z",
        "is_active": true,
        "module": "procurement",
        "action": "create",
        "role": 23
    }
},
{
    "model": "users.permission",
    "pk": 4816,
    "fields": {
        "created_at": "2026-06-14T10:49:06.153Z",
        "updated_at": "2026-06-14T10:49:06.153Z",
        "is_active": true,
        "module": "procurement",
        "action": "read",
        "role": 23
    }
},
{
    "model": "users.permission",
    "pk": 4817,
    "fields": {
        "created_at": "2026-06-14T10:49:06.154Z",
        "updated_at": "2026-06-14T10:49:06.154Z",
        "is_active": true,
        "module": "procurement",
        "action": "update",
        "role": 23
    }
},
{
    "model": "users.permission",
    "pk": 4818,
    "fields": {
        "created_at": "2026-06-14T10:49:06.154Z",
        "updated_at": "2026-06-14T10:49:06.154Z",
        "is_active": true,
        "module": "procurement",
        "action": "query",
        "role": 23
    }
},
{
    "model": "users.permission",
    "pk": 4819,
    "fields": {
        "created_at": "2026-06-14T10:49:06.183Z",
        "updated_at": "2026-06-14T10:49:06.183Z",
        "is_active": true,
        "module": "sales",
        "action": "create",
        "role": 9
    }
},
{
    "model": "users.permission",
    "pk": 4820,
    "fields": {
        "created_at": "2026-06-14T10:49:06.185Z",
        "updated_at": "2026-06-14T10:49:06.185Z",
        "is_active": true,
        "module": "sales",
        "action": "read",
        "role": 9
    }
},
{
    "model": "users.permission",
    "pk": 4821,
    "fields": {
        "created_at": "2026-06-14T10:49:06.186Z",
        "updated_at": "2026-06-14T10:49:06.186Z",
        "is_active": true,
        "module": "sales",
        "action": "update",
        "role": 9
    }
},
{
    "model": "users.permission",
    "pk": 4822,
    "fields": {
        "created_at": "2026-06-14T10:49:06.188Z",
        "updated_at": "2026-06-14T10:49:06.188Z",
        "is_active": true,
        "module": "sales",
        "action": "query",
        "role": 9
    }
},
{
    "model": "users.permission",
    "pk": 4823,
    "fields": {
        "created_at": "2026-06-14T10:49:06.191Z",
        "updated_at": "2026-06-14T10:49:06.191Z",
        "is_active": true,
        "module": "logistics",
        "action": "create",
        "role": 11
    }
},
{
    "model": "users.permission",
    "pk": 4824,
    "fields": {
        "created_at": "2026-06-14T10:49:06.192Z",
        "updated_at": "2026-06-14T10:49:06.192Z",
        "is_active": true,
        "module": "logistics",
        "action": "read",
        "role": 11
    }
},
{
    "model": "users.permission",
    "pk": 4825,
    "fields": {
        "created_at": "2026-06-14T10:49:06.193Z",
        "updated_at": "2026-06-14T10:49:06.193Z",
        "is_active": true,
        "module": "logistics",
        "action": "update",
        "role": 11
    }
},
{
    "model": "users.permission",
    "pk": 4826,
    "fields": {
        "created_at": "2026-06-14T10:49:06.194Z",
        "updated_at": "2026-06-14T10:49:06.194Z",
        "is_active": true,
        "module": "logistics",
        "action": "query",
        "role": 11
    }
},
{
    "model": "users.permission",
    "pk": 4827,
    "fields": {
        "created_at": "2026-06-14T10:49:06.197Z",
        "updated_at": "2026-06-14T10:49:06.197Z",
        "is_active": true,
        "module": "driver_portal",
        "action": "create",
        "role": 18
    }
},
{
    "model": "users.permission",
    "pk": 4828,
    "fields": {
        "created_at": "2026-06-14T10:49:06.199Z",
        "updated_at": "2026-06-14T10:49:06.199Z",
        "is_active": true,
        "module": "driver_portal",
        "action": "read",
        "role": 18
    }
},
{
    "model": "users.permission",
    "pk": 4829,
    "fields": {
        "created_at": "2026-06-14T10:49:06.200Z",
        "updated_at": "2026-06-14T10:49:06.201Z",
        "is_active": true,
        "module": "driver_portal",
        "action": "update",
        "role": 18
    }
},
{
    "model": "users.permission",
    "pk": 4830,
    "fields": {
        "created_at": "2026-06-14T10:49:06.202Z",
        "updated_at": "2026-06-14T10:49:06.202Z",
        "is_active": true,
        "module": "driver_portal",
        "action": "query",
        "role": 18
    }
},
{
    "model": "users.permission",
    "pk": 4831,
    "fields": {
        "created_at": "2026-06-14T10:49:06.204Z",
        "updated_at": "2026-06-14T10:49:06.205Z",
        "is_active": true,
        "module": "production",
        "action": "read",
        "role": 13
    }
},
{
    "model": "users.permission",
    "pk": 4832,
    "fields": {
        "created_at": "2026-06-14T10:49:06.206Z",
        "updated_at": "2026-06-14T10:49:06.206Z",
        "is_active": true,
        "module": "production",
        "action": "update",
        "role": 13
    }
},
{
    "model": "users.permission",
    "pk": 4833,
    "fields": {
        "created_at": "2026-06-14T10:49:06.207Z",
        "updated_at": "2026-06-14T10:49:06.207Z",
        "is_active": true,
        "module": "production",
        "action": "query",
        "role": 13
    }
},
{
    "model": "users.permission",
    "pk": 4834,
    "fields": {
        "created_at": "2026-06-14T10:49:06.212Z",
        "updated_at": "2026-06-14T10:49:06.212Z",
        "is_active": true,
        "module": "production",
        "action": "create",
        "role": 24
    }
},
{
    "model": "users.permission",
    "pk": 4835,
    "fields": {
        "created_at": "2026-06-14T10:49:06.213Z",
        "updated_at": "2026-06-14T10:49:06.214Z",
        "is_active": true,
        "module": "production",
        "action": "read",
        "role": 24
    }
},
{
    "model": "users.permission",
    "pk": 4836,
    "fields": {
        "created_at": "2026-06-14T10:49:06.215Z",
        "updated_at": "2026-06-14T10:49:06.215Z",
        "is_active": true,
        "module": "production",
        "action": "update",
        "role": 24
    }
},
{
    "model": "users.permission",
    "pk": 4837,
    "fields": {
        "created_at": "2026-06-14T10:49:06.216Z",
        "updated_at": "2026-06-14T10:49:06.216Z",
        "is_active": true,
        "module": "production",
        "action": "approve",
        "role": 24
    }
},
{
    "model": "users.permission",
    "pk": 4838,
    "fields": {
        "created_at": "2026-06-14T10:49:06.217Z",
        "updated_at": "2026-06-14T10:49:06.217Z",
        "is_active": true,
        "module": "production",
        "action": "query",
        "role": 24
    }
},
{
    "model": "users.permission",
    "pk": 4839,
    "fields": {
        "created_at": "2026-06-14T10:49:07.144Z",
        "updated_at": "2026-06-14T10:49:07.144Z",
        "is_active": true,
        "module": "messaging",
        "action": "create",
        "role": 22
    }
},
{
    "model": "users.permission",
    "pk": 4840,
    "fields": {
        "created_at": "2026-06-14T10:49:07.146Z",
        "updated_at": "2026-06-14T10:49:07.146Z",
        "is_active": true,
        "module": "messaging",
        "action": "read",
        "role": 22
    }
},
{
    "model": "users.permission",
    "pk": 4841,
    "fields": {
        "created_at": "2026-06-14T10:49:07.147Z",
        "updated_at": "2026-06-14T10:49:07.147Z",
        "is_active": true,
        "module": "messaging",
        "action": "update",
        "role": 22
    }
},
{
    "model": "users.permission",
    "pk": 4842,
    "fields": {
        "created_at": "2026-06-14T10:49:07.149Z",
        "updated_at": "2026-06-14T10:49:07.149Z",
        "is_active": true,
        "module": "messaging",
        "action": "delete",
        "role": 22
    }
},
{
    "model": "users.permission",
    "pk": 4843,
    "fields": {
        "created_at": "2026-06-14T10:49:07.151Z",
        "updated_at": "2026-06-14T10:49:07.151Z",
        "is_active": true,
        "module": "messaging",
        "action": "query",
        "role": 22
    }
},
{
    "model": "users.permission",
    "pk": 4844,
    "fields": {
        "created_at": "2026-06-14T10:49:07.154Z",
        "updated_at": "2026-06-14T10:49:07.154Z",
        "is_active": true,
        "module": "email",
        "action": "create",
        "role": 22
    }
},
{
    "model": "users.permission",
    "pk": 4845,
    "fields": {
        "created_at": "2026-06-14T10:49:07.156Z",
        "updated_at": "2026-06-14T10:49:07.156Z",
        "is_active": true,
        "module": "email",
        "action": "read",
        "role": 22
    }
},
{
    "model": "users.permission",
    "pk": 4846,
    "fields": {
        "created_at": "2026-06-14T10:49:07.157Z",
        "updated_at": "2026-06-14T10:49:07.157Z",
        "is_active": true,
        "module": "email",
        "action": "update",
        "role": 22
    }
},
{
    "model": "users.permission",
    "pk": 4847,
    "fields": {
        "created_at": "2026-06-14T10:49:07.159Z",
        "updated_at": "2026-06-14T10:49:07.159Z",
        "is_active": true,
        "module": "email",
        "action": "delete",
        "role": 22
    }
},
{
    "model": "users.permission",
    "pk": 4848,
    "fields": {
        "created_at": "2026-06-14T10:49:07.161Z",
        "updated_at": "2026-06-14T10:49:07.161Z",
        "is_active": true,
        "module": "email",
        "action": "query",
        "role": 22
    }
},
{
    "model": "users.permission",
    "pk": 4849,
    "fields": {
        "created_at": "2026-06-14T10:49:07.162Z",
        "updated_at": "2026-06-14T10:49:07.162Z",
        "is_active": true,
        "module": "settings",
        "action": "read",
        "role": 22
    }
},
{
    "model": "users.permission",
    "pk": 4850,
    "fields": {
        "created_at": "2026-06-14T10:49:07.165Z",
        "updated_at": "2026-06-14T10:49:07.165Z",
        "is_active": true,
        "module": "settings",
        "action": "update",
        "role": 22
    }
},
{
    "model": "users.permission",
    "pk": 4851,
    "fields": {
        "created_at": "2026-06-14T10:49:07.170Z",
        "updated_at": "2026-06-14T10:49:07.170Z",
        "is_active": true,
        "module": "messaging",
        "action": "create",
        "role": 19
    }
},
{
    "model": "users.permission",
    "pk": 4852,
    "fields": {
        "created_at": "2026-06-14T10:49:07.171Z",
        "updated_at": "2026-06-14T10:49:07.171Z",
        "is_active": true,
        "module": "messaging",
        "action": "read",
        "role": 19
    }
},
{
    "model": "users.permission",
    "pk": 4853,
    "fields": {
        "created_at": "2026-06-14T10:49:07.174Z",
        "updated_at": "2026-06-14T10:49:07.174Z",
        "is_active": true,
        "module": "messaging",
        "action": "update",
        "role": 19
    }
},
{
    "model": "users.permission",
    "pk": 4854,
    "fields": {
        "created_at": "2026-06-14T10:49:07.175Z",
        "updated_at": "2026-06-14T10:49:07.175Z",
        "is_active": true,
        "module": "messaging",
        "action": "delete",
        "role": 19
    }
},
{
    "model": "users.permission",
    "pk": 4855,
    "fields": {
        "created_at": "2026-06-14T10:49:07.177Z",
        "updated_at": "2026-06-14T10:49:07.177Z",
        "is_active": true,
        "module": "messaging",
        "action": "query",
        "role": 19
    }
},
{
    "model": "users.permission",
    "pk": 4856,
    "fields": {
        "created_at": "2026-06-14T10:49:07.179Z",
        "updated_at": "2026-06-14T10:49:07.179Z",
        "is_active": true,
        "module": "email",
        "action": "create",
        "role": 19
    }
},
{
    "model": "users.permission",
    "pk": 4857,
    "fields": {
        "created_at": "2026-06-14T10:49:07.181Z",
        "updated_at": "2026-06-14T10:49:07.181Z",
        "is_active": true,
        "module": "email",
        "action": "read",
        "role": 19
    }
},
{
    "model": "users.permission",
    "pk": 4858,
    "fields": {
        "created_at": "2026-06-14T10:49:07.183Z",
        "updated_at": "2026-06-14T10:49:07.183Z",
        "is_active": true,
        "module": "email",
        "action": "update",
        "role": 19
    }
},
{
    "model": "users.permission",
    "pk": 4859,
    "fields": {
        "created_at": "2026-06-14T10:49:07.184Z",
        "updated_at": "2026-06-14T10:49:07.184Z",
        "is_active": true,
        "module": "email",
        "action": "delete",
        "role": 19
    }
},
{
    "model": "users.permission",
    "pk": 4860,
    "fields": {
        "created_at": "2026-06-14T10:49:07.186Z",
        "updated_at": "2026-06-14T10:49:07.186Z",
        "is_active": true,
        "module": "email",
        "action": "query",
        "role": 19
    }
},
{
    "model": "users.permission",
    "pk": 4861,
    "fields": {
        "created_at": "2026-06-14T10:49:07.187Z",
        "updated_at": "2026-06-14T10:49:07.187Z",
        "is_active": true,
        "module": "settings",
        "action": "read",
        "role": 19
    }
},
{
    "model": "users.permission",
    "pk": 4862,
    "fields": {
        "created_at": "2026-06-14T10:49:07.190Z",
        "updated_at": "2026-06-14T10:49:07.190Z",
        "is_active": true,
        "module": "settings",
        "action": "update",
        "role": 19
    }
},
{
    "model": "users.permission",
    "pk": 4863,
    "fields": {
        "created_at": "2026-06-14T10:49:07.191Z",
        "updated_at": "2026-06-14T10:49:07.191Z",
        "is_active": true,
        "module": "inventory",
        "action": "read",
        "role": 19
    }
},
{
    "model": "users.permission",
    "pk": 4864,
    "fields": {
        "created_at": "2026-06-14T10:49:07.193Z",
        "updated_at": "2026-06-14T10:49:07.193Z",
        "is_active": true,
        "module": "inventory",
        "action": "create",
        "role": 19
    }
},
{
    "model": "users.permission",
    "pk": 4865,
    "fields": {
        "created_at": "2026-06-14T10:49:07.216Z",
        "updated_at": "2026-06-14T10:49:07.216Z",
        "is_active": true,
        "module": "messaging",
        "action": "create",
        "role": 18
    }
},
{
    "model": "users.permission",
    "pk": 4866,
    "fields": {
        "created_at": "2026-06-14T10:49:07.219Z",
        "updated_at": "2026-06-14T10:49:07.219Z",
        "is_active": true,
        "module": "messaging",
        "action": "read",
        "role": 18
    }
},
{
    "model": "users.permission",
    "pk": 4867,
    "fields": {
        "created_at": "2026-06-14T10:49:07.220Z",
        "updated_at": "2026-06-14T10:49:07.220Z",
        "is_active": true,
        "module": "messaging",
        "action": "update",
        "role": 18
    }
},
{
    "model": "users.permission",
    "pk": 4868,
    "fields": {
        "created_at": "2026-06-14T10:49:07.222Z",
        "updated_at": "2026-06-14T10:49:07.222Z",
        "is_active": true,
        "module": "messaging",
        "action": "delete",
        "role": 18
    }
},
{
    "model": "users.permission",
    "pk": 4869,
    "fields": {
        "created_at": "2026-06-14T10:49:07.224Z",
        "updated_at": "2026-06-14T10:49:07.224Z",
        "is_active": true,
        "module": "messaging",
        "action": "query",
        "role": 18
    }
},
{
    "model": "users.permission",
    "pk": 4870,
    "fields": {
        "created_at": "2026-06-14T10:49:07.226Z",
        "updated_at": "2026-06-14T10:49:07.226Z",
        "is_active": true,
        "module": "email",
        "action": "create",
        "role": 18
    }
},
{
    "model": "users.permission",
    "pk": 4871,
    "fields": {
        "created_at": "2026-06-14T10:49:07.227Z",
        "updated_at": "2026-06-14T10:49:07.227Z",
        "is_active": true,
        "module": "email",
        "action": "read",
        "role": 18
    }
},
{
    "model": "users.permission",
    "pk": 4872,
    "fields": {
        "created_at": "2026-06-14T10:49:07.229Z",
        "updated_at": "2026-06-14T10:49:07.229Z",
        "is_active": true,
        "module": "email",
        "action": "update",
        "role": 18
    }
},
{
    "model": "users.permission",
    "pk": 4873,
    "fields": {
        "created_at": "2026-06-14T10:49:07.230Z",
        "updated_at": "2026-06-14T10:49:07.230Z",
        "is_active": true,
        "module": "email",
        "action": "delete",
        "role": 18
    }
},
{
    "model": "users.permission",
    "pk": 4874,
    "fields": {
        "created_at": "2026-06-14T10:49:07.232Z",
        "updated_at": "2026-06-14T10:49:07.232Z",
        "is_active": true,
        "module": "email",
        "action": "query",
        "role": 18
    }
},
{
    "model": "users.permission",
    "pk": 4875,
    "fields": {
        "created_at": "2026-06-14T10:49:07.234Z",
        "updated_at": "2026-06-14T10:49:07.234Z",
        "is_active": true,
        "module": "settings",
        "action": "read",
        "role": 18
    }
},
{
    "model": "users.permission",
    "pk": 4876,
    "fields": {
        "created_at": "2026-06-14T10:49:07.235Z",
        "updated_at": "2026-06-14T10:49:07.235Z",
        "is_active": true,
        "module": "settings",
        "action": "update",
        "role": 18
    }
},
{
    "model": "users.permission",
    "pk": 4877,
    "fields": {
        "created_at": "2026-06-14T10:49:07.237Z",
        "updated_at": "2026-06-14T10:49:07.237Z",
        "is_active": true,
        "module": "inventory",
        "action": "read",
        "role": 18
    }
},
{
    "model": "users.permission",
    "pk": 4878,
    "fields": {
        "created_at": "2026-06-14T10:49:07.240Z",
        "updated_at": "2026-06-14T10:49:07.240Z",
        "is_active": true,
        "module": "inventory",
        "action": "create",
        "role": 18
    }
},
{
    "model": "users.permission",
    "pk": 4879,
    "fields": {
        "created_at": "2026-06-14T10:49:07.268Z",
        "updated_at": "2026-06-14T10:49:07.268Z",
        "is_active": true,
        "module": "messaging",
        "action": "create",
        "role": 4
    }
},
{
    "model": "users.permission",
    "pk": 4880,
    "fields": {
        "created_at": "2026-06-14T10:49:07.270Z",
        "updated_at": "2026-06-14T10:49:07.270Z",
        "is_active": true,
        "module": "messaging",
        "action": "read",
        "role": 4
    }
},
{
    "model": "users.permission",
    "pk": 4881,
    "fields": {
        "created_at": "2026-06-14T10:49:07.272Z",
        "updated_at": "2026-06-14T10:49:07.272Z",
        "is_active": true,
        "module": "messaging",
        "action": "update",
        "role": 4
    }
},
{
    "model": "users.permission",
    "pk": 4882,
    "fields": {
        "created_at": "2026-06-14T10:49:07.274Z",
        "updated_at": "2026-06-14T10:49:07.274Z",
        "is_active": true,
        "module": "messaging",
        "action": "delete",
        "role": 4
    }
},
{
    "model": "users.permission",
    "pk": 4883,
    "fields": {
        "created_at": "2026-06-14T10:49:07.277Z",
        "updated_at": "2026-06-14T10:49:07.277Z",
        "is_active": true,
        "module": "messaging",
        "action": "query",
        "role": 4
    }
},
{
    "model": "users.permission",
    "pk": 4884,
    "fields": {
        "created_at": "2026-06-14T10:49:07.279Z",
        "updated_at": "2026-06-14T10:49:07.279Z",
        "is_active": true,
        "module": "email",
        "action": "create",
        "role": 4
    }
},
{
    "model": "users.permission",
    "pk": 4885,
    "fields": {
        "created_at": "2026-06-14T10:49:07.281Z",
        "updated_at": "2026-06-14T10:49:07.281Z",
        "is_active": true,
        "module": "email",
        "action": "read",
        "role": 4
    }
},
{
    "model": "users.permission",
    "pk": 4886,
    "fields": {
        "created_at": "2026-06-14T10:49:07.283Z",
        "updated_at": "2026-06-14T10:49:07.283Z",
        "is_active": true,
        "module": "email",
        "action": "update",
        "role": 4
    }
},
{
    "model": "users.permission",
    "pk": 4887,
    "fields": {
        "created_at": "2026-06-14T10:49:07.286Z",
        "updated_at": "2026-06-14T10:49:07.286Z",
        "is_active": true,
        "module": "email",
        "action": "delete",
        "role": 4
    }
},
{
    "model": "users.permission",
    "pk": 4888,
    "fields": {
        "created_at": "2026-06-14T10:49:07.289Z",
        "updated_at": "2026-06-14T10:49:07.289Z",
        "is_active": true,
        "module": "email",
        "action": "query",
        "role": 4
    }
},
{
    "model": "users.permission",
    "pk": 4889,
    "fields": {
        "created_at": "2026-06-14T10:49:07.291Z",
        "updated_at": "2026-06-14T10:49:07.291Z",
        "is_active": true,
        "module": "settings",
        "action": "read",
        "role": 4
    }
},
{
    "model": "users.permission",
    "pk": 4890,
    "fields": {
        "created_at": "2026-06-14T10:49:07.293Z",
        "updated_at": "2026-06-14T10:49:07.293Z",
        "is_active": true,
        "module": "settings",
        "action": "update",
        "role": 4
    }
},
{
    "model": "users.permission",
    "pk": 4891,
    "fields": {
        "created_at": "2026-06-14T10:49:07.295Z",
        "updated_at": "2026-06-14T10:49:07.295Z",
        "is_active": true,
        "module": "inventory",
        "action": "read",
        "role": 4
    }
},
{
    "model": "users.permission",
    "pk": 4892,
    "fields": {
        "created_at": "2026-06-14T10:49:07.298Z",
        "updated_at": "2026-06-14T10:49:07.298Z",
        "is_active": true,
        "module": "inventory",
        "action": "create",
        "role": 4
    }
},
{
    "model": "users.permission",
    "pk": 4893,
    "fields": {
        "created_at": "2026-06-14T10:49:07.300Z",
        "updated_at": "2026-06-14T10:49:07.300Z",
        "is_active": true,
        "module": "messaging",
        "action": "create",
        "role": 10
    }
},
{
    "model": "users.permission",
    "pk": 4894,
    "fields": {
        "created_at": "2026-06-14T10:49:07.302Z",
        "updated_at": "2026-06-14T10:49:07.302Z",
        "is_active": true,
        "module": "messaging",
        "action": "read",
        "role": 10
    }
},
{
    "model": "users.permission",
    "pk": 4895,
    "fields": {
        "created_at": "2026-06-14T10:49:07.304Z",
        "updated_at": "2026-06-14T10:49:07.304Z",
        "is_active": true,
        "module": "messaging",
        "action": "update",
        "role": 10
    }
},
{
    "model": "users.permission",
    "pk": 4896,
    "fields": {
        "created_at": "2026-06-14T10:49:07.307Z",
        "updated_at": "2026-06-14T10:49:07.307Z",
        "is_active": true,
        "module": "messaging",
        "action": "delete",
        "role": 10
    }
},
{
    "model": "users.permission",
    "pk": 4897,
    "fields": {
        "created_at": "2026-06-14T10:49:07.309Z",
        "updated_at": "2026-06-14T10:49:07.309Z",
        "is_active": true,
        "module": "messaging",
        "action": "query",
        "role": 10
    }
},
{
    "model": "users.permission",
    "pk": 4898,
    "fields": {
        "created_at": "2026-06-14T10:49:07.312Z",
        "updated_at": "2026-06-14T10:49:07.312Z",
        "is_active": true,
        "module": "email",
        "action": "create",
        "role": 10
    }
},
{
    "model": "users.permission",
    "pk": 4899,
    "fields": {
        "created_at": "2026-06-14T10:49:07.314Z",
        "updated_at": "2026-06-14T10:49:07.314Z",
        "is_active": true,
        "module": "email",
        "action": "read",
        "role": 10
    }
},
{
    "model": "users.permission",
    "pk": 4900,
    "fields": {
        "created_at": "2026-06-14T10:49:07.316Z",
        "updated_at": "2026-06-14T10:49:07.316Z",
        "is_active": true,
        "module": "email",
        "action": "update",
        "role": 10
    }
},
{
    "model": "users.permission",
    "pk": 4901,
    "fields": {
        "created_at": "2026-06-14T10:49:07.319Z",
        "updated_at": "2026-06-14T10:49:07.319Z",
        "is_active": true,
        "module": "email",
        "action": "delete",
        "role": 10
    }
},
{
    "model": "users.permission",
    "pk": 4902,
    "fields": {
        "created_at": "2026-06-14T10:49:07.321Z",
        "updated_at": "2026-06-14T10:49:07.321Z",
        "is_active": true,
        "module": "email",
        "action": "query",
        "role": 10
    }
},
{
    "model": "users.permission",
    "pk": 4903,
    "fields": {
        "created_at": "2026-06-14T10:49:07.323Z",
        "updated_at": "2026-06-14T10:49:07.323Z",
        "is_active": true,
        "module": "settings",
        "action": "read",
        "role": 10
    }
},
{
    "model": "users.permission",
    "pk": 4904,
    "fields": {
        "created_at": "2026-06-14T10:49:07.326Z",
        "updated_at": "2026-06-14T10:49:07.326Z",
        "is_active": true,
        "module": "settings",
        "action": "update",
        "role": 10
    }
},
{
    "model": "users.permission",
    "pk": 4905,
    "fields": {
        "created_at": "2026-06-14T10:49:07.329Z",
        "updated_at": "2026-06-14T10:49:07.329Z",
        "is_active": true,
        "module": "inventory",
        "action": "read",
        "role": 10
    }
},
{
    "model": "users.permission",
    "pk": 4906,
    "fields": {
        "created_at": "2026-06-14T10:49:07.332Z",
        "updated_at": "2026-06-14T10:49:07.332Z",
        "is_active": true,
        "module": "inventory",
        "action": "create",
        "role": 10
    }
},
{
    "model": "users.permission",
    "pk": 4907,
    "fields": {
        "created_at": "2026-06-14T10:49:07.334Z",
        "updated_at": "2026-06-14T10:49:07.334Z",
        "is_active": true,
        "module": "messaging",
        "action": "create",
        "role": 5
    }
},
{
    "model": "users.permission",
    "pk": 4908,
    "fields": {
        "created_at": "2026-06-14T10:49:07.336Z",
        "updated_at": "2026-06-14T10:49:07.336Z",
        "is_active": true,
        "module": "messaging",
        "action": "read",
        "role": 5
    }
},
{
    "model": "users.permission",
    "pk": 4909,
    "fields": {
        "created_at": "2026-06-14T10:49:07.338Z",
        "updated_at": "2026-06-14T10:49:07.338Z",
        "is_active": true,
        "module": "messaging",
        "action": "update",
        "role": 5
    }
},
{
    "model": "users.permission",
    "pk": 4910,
    "fields": {
        "created_at": "2026-06-14T10:49:07.341Z",
        "updated_at": "2026-06-14T10:49:07.341Z",
        "is_active": true,
        "module": "messaging",
        "action": "delete",
        "role": 5
    }
},
{
    "model": "users.permission",
    "pk": 4911,
    "fields": {
        "created_at": "2026-06-14T10:49:07.343Z",
        "updated_at": "2026-06-14T10:49:07.343Z",
        "is_active": true,
        "module": "messaging",
        "action": "query",
        "role": 5
    }
},
{
    "model": "users.permission",
    "pk": 4912,
    "fields": {
        "created_at": "2026-06-14T10:49:07.345Z",
        "updated_at": "2026-06-14T10:49:07.345Z",
        "is_active": true,
        "module": "email",
        "action": "create",
        "role": 5
    }
},
{
    "model": "users.permission",
    "pk": 4913,
    "fields": {
        "created_at": "2026-06-14T10:49:07.346Z",
        "updated_at": "2026-06-14T10:49:07.346Z",
        "is_active": true,
        "module": "email",
        "action": "read",
        "role": 5
    }
},
{
    "model": "users.permission",
    "pk": 4914,
    "fields": {
        "created_at": "2026-06-14T10:49:07.349Z",
        "updated_at": "2026-06-14T10:49:07.349Z",
        "is_active": true,
        "module": "email",
        "action": "update",
        "role": 5
    }
},
{
    "model": "users.permission",
    "pk": 4915,
    "fields": {
        "created_at": "2026-06-14T10:49:07.351Z",
        "updated_at": "2026-06-14T10:49:07.351Z",
        "is_active": true,
        "module": "email",
        "action": "delete",
        "role": 5
    }
},
{
    "model": "users.permission",
    "pk": 4916,
    "fields": {
        "created_at": "2026-06-14T10:49:07.353Z",
        "updated_at": "2026-06-14T10:49:07.353Z",
        "is_active": true,
        "module": "email",
        "action": "query",
        "role": 5
    }
},
{
    "model": "users.permission",
    "pk": 4917,
    "fields": {
        "created_at": "2026-06-14T10:49:07.355Z",
        "updated_at": "2026-06-14T10:49:07.355Z",
        "is_active": true,
        "module": "settings",
        "action": "read",
        "role": 5
    }
},
{
    "model": "users.permission",
    "pk": 4918,
    "fields": {
        "created_at": "2026-06-14T10:49:07.358Z",
        "updated_at": "2026-06-14T10:49:07.358Z",
        "is_active": true,
        "module": "settings",
        "action": "update",
        "role": 5
    }
},
{
    "model": "users.permission",
    "pk": 4919,
    "fields": {
        "created_at": "2026-06-14T10:49:07.363Z",
        "updated_at": "2026-06-14T10:49:07.363Z",
        "is_active": true,
        "module": "messaging",
        "action": "create",
        "role": 8
    }
},
{
    "model": "users.permission",
    "pk": 4920,
    "fields": {
        "created_at": "2026-06-14T10:49:07.365Z",
        "updated_at": "2026-06-14T10:49:07.365Z",
        "is_active": true,
        "module": "messaging",
        "action": "read",
        "role": 8
    }
},
{
    "model": "users.permission",
    "pk": 4921,
    "fields": {
        "created_at": "2026-06-14T10:49:07.367Z",
        "updated_at": "2026-06-14T10:49:07.367Z",
        "is_active": true,
        "module": "messaging",
        "action": "update",
        "role": 8
    }
},
{
    "model": "users.permission",
    "pk": 4922,
    "fields": {
        "created_at": "2026-06-14T10:49:07.369Z",
        "updated_at": "2026-06-14T10:49:07.369Z",
        "is_active": true,
        "module": "messaging",
        "action": "delete",
        "role": 8
    }
},
{
    "model": "users.permission",
    "pk": 4923,
    "fields": {
        "created_at": "2026-06-14T10:49:07.370Z",
        "updated_at": "2026-06-14T10:49:07.370Z",
        "is_active": true,
        "module": "messaging",
        "action": "query",
        "role": 8
    }
},
{
    "model": "users.permission",
    "pk": 4924,
    "fields": {
        "created_at": "2026-06-14T10:49:07.373Z",
        "updated_at": "2026-06-14T10:49:07.373Z",
        "is_active": true,
        "module": "email",
        "action": "create",
        "role": 8
    }
},
{
    "model": "users.permission",
    "pk": 4925,
    "fields": {
        "created_at": "2026-06-14T10:49:07.375Z",
        "updated_at": "2026-06-14T10:49:07.375Z",
        "is_active": true,
        "module": "email",
        "action": "read",
        "role": 8
    }
},
{
    "model": "users.permission",
    "pk": 4926,
    "fields": {
        "created_at": "2026-06-14T10:49:07.376Z",
        "updated_at": "2026-06-14T10:49:07.376Z",
        "is_active": true,
        "module": "email",
        "action": "update",
        "role": 8
    }
},
{
    "model": "users.permission",
    "pk": 4927,
    "fields": {
        "created_at": "2026-06-14T10:49:07.379Z",
        "updated_at": "2026-06-14T10:49:07.379Z",
        "is_active": true,
        "module": "email",
        "action": "delete",
        "role": 8
    }
},
{
    "model": "users.permission",
    "pk": 4928,
    "fields": {
        "created_at": "2026-06-14T10:49:07.380Z",
        "updated_at": "2026-06-14T10:49:07.380Z",
        "is_active": true,
        "module": "email",
        "action": "query",
        "role": 8
    }
},
{
    "model": "users.permission",
    "pk": 4929,
    "fields": {
        "created_at": "2026-06-14T10:49:07.382Z",
        "updated_at": "2026-06-14T10:49:07.382Z",
        "is_active": true,
        "module": "settings",
        "action": "read",
        "role": 8
    }
},
{
    "model": "users.permission",
    "pk": 4930,
    "fields": {
        "created_at": "2026-06-14T10:49:07.384Z",
        "updated_at": "2026-06-14T10:49:07.384Z",
        "is_active": true,
        "module": "settings",
        "action": "update",
        "role": 8
    }
},
{
    "model": "users.permission",
    "pk": 4931,
    "fields": {
        "created_at": "2026-06-14T10:49:07.386Z",
        "updated_at": "2026-06-14T10:49:07.386Z",
        "is_active": true,
        "module": "inventory",
        "action": "read",
        "role": 8
    }
},
{
    "model": "users.permission",
    "pk": 4932,
    "fields": {
        "created_at": "2026-06-14T10:49:07.388Z",
        "updated_at": "2026-06-14T10:49:07.388Z",
        "is_active": true,
        "module": "inventory",
        "action": "create",
        "role": 8
    }
},
{
    "model": "users.permission",
    "pk": 4933,
    "fields": {
        "created_at": "2026-06-14T10:49:07.390Z",
        "updated_at": "2026-06-14T10:49:07.390Z",
        "is_active": true,
        "module": "messaging",
        "action": "create",
        "role": 14
    }
},
{
    "model": "users.permission",
    "pk": 4934,
    "fields": {
        "created_at": "2026-06-14T10:49:07.391Z",
        "updated_at": "2026-06-14T10:49:07.391Z",
        "is_active": true,
        "module": "messaging",
        "action": "read",
        "role": 14
    }
},
{
    "model": "users.permission",
    "pk": 4935,
    "fields": {
        "created_at": "2026-06-14T10:49:07.393Z",
        "updated_at": "2026-06-14T10:49:07.393Z",
        "is_active": true,
        "module": "messaging",
        "action": "update",
        "role": 14
    }
},
{
    "model": "users.permission",
    "pk": 4936,
    "fields": {
        "created_at": "2026-06-14T10:49:07.396Z",
        "updated_at": "2026-06-14T10:49:07.396Z",
        "is_active": true,
        "module": "messaging",
        "action": "delete",
        "role": 14
    }
},
{
    "model": "users.permission",
    "pk": 4937,
    "fields": {
        "created_at": "2026-06-14T10:49:07.398Z",
        "updated_at": "2026-06-14T10:49:07.398Z",
        "is_active": true,
        "module": "messaging",
        "action": "query",
        "role": 14
    }
},
{
    "model": "users.permission",
    "pk": 4938,
    "fields": {
        "created_at": "2026-06-14T10:49:07.400Z",
        "updated_at": "2026-06-14T10:49:07.400Z",
        "is_active": true,
        "module": "email",
        "action": "create",
        "role": 14
    }
},
{
    "model": "users.permission",
    "pk": 4939,
    "fields": {
        "created_at": "2026-06-14T10:49:07.402Z",
        "updated_at": "2026-06-14T10:49:07.402Z",
        "is_active": true,
        "module": "email",
        "action": "read",
        "role": 14
    }
},
{
    "model": "users.permission",
    "pk": 4940,
    "fields": {
        "created_at": "2026-06-14T10:49:07.404Z",
        "updated_at": "2026-06-14T10:49:07.404Z",
        "is_active": true,
        "module": "email",
        "action": "update",
        "role": 14
    }
},
{
    "model": "users.permission",
    "pk": 4941,
    "fields": {
        "created_at": "2026-06-14T10:49:07.407Z",
        "updated_at": "2026-06-14T10:49:07.407Z",
        "is_active": true,
        "module": "email",
        "action": "delete",
        "role": 14
    }
},
{
    "model": "users.permission",
    "pk": 4942,
    "fields": {
        "created_at": "2026-06-14T10:49:07.408Z",
        "updated_at": "2026-06-14T10:49:07.408Z",
        "is_active": true,
        "module": "email",
        "action": "query",
        "role": 14
    }
},
{
    "model": "users.permission",
    "pk": 4943,
    "fields": {
        "created_at": "2026-06-14T10:49:07.410Z",
        "updated_at": "2026-06-14T10:49:07.410Z",
        "is_active": true,
        "module": "settings",
        "action": "read",
        "role": 14
    }
},
{
    "model": "users.permission",
    "pk": 4944,
    "fields": {
        "created_at": "2026-06-14T10:49:07.412Z",
        "updated_at": "2026-06-14T10:49:07.412Z",
        "is_active": true,
        "module": "settings",
        "action": "update",
        "role": 14
    }
},
{
    "model": "users.permission",
    "pk": 4945,
    "fields": {
        "created_at": "2026-06-14T10:49:07.413Z",
        "updated_at": "2026-06-14T10:49:07.413Z",
        "is_active": true,
        "module": "inventory",
        "action": "read",
        "role": 14
    }
},
{
    "model": "users.permission",
    "pk": 4946,
    "fields": {
        "created_at": "2026-06-14T10:49:07.416Z",
        "updated_at": "2026-06-14T10:49:07.416Z",
        "is_active": true,
        "module": "inventory",
        "action": "create",
        "role": 14
    }
},
{
    "model": "users.permission",
    "pk": 4947,
    "fields": {
        "created_at": "2026-06-14T10:49:07.442Z",
        "updated_at": "2026-06-14T10:49:07.442Z",
        "is_active": true,
        "module": "messaging",
        "action": "create",
        "role": 3
    }
},
{
    "model": "users.permission",
    "pk": 4948,
    "fields": {
        "created_at": "2026-06-14T10:49:07.444Z",
        "updated_at": "2026-06-14T10:49:07.444Z",
        "is_active": true,
        "module": "messaging",
        "action": "update",
        "role": 3
    }
},
{
    "model": "users.permission",
    "pk": 4949,
    "fields": {
        "created_at": "2026-06-14T10:49:07.447Z",
        "updated_at": "2026-06-14T10:49:07.447Z",
        "is_active": true,
        "module": "messaging",
        "action": "delete",
        "role": 3
    }
},
{
    "model": "users.permission",
    "pk": 4950,
    "fields": {
        "created_at": "2026-06-14T10:49:07.451Z",
        "updated_at": "2026-06-14T10:49:07.451Z",
        "is_active": true,
        "module": "email",
        "action": "create",
        "role": 3
    }
},
{
    "model": "users.permission",
    "pk": 4951,
    "fields": {
        "created_at": "2026-06-14T10:49:07.455Z",
        "updated_at": "2026-06-14T10:49:07.455Z",
        "is_active": true,
        "module": "email",
        "action": "update",
        "role": 3
    }
},
{
    "model": "users.permission",
    "pk": 4952,
    "fields": {
        "created_at": "2026-06-14T10:49:07.456Z",
        "updated_at": "2026-06-14T10:49:07.456Z",
        "is_active": true,
        "module": "email",
        "action": "delete",
        "role": 3
    }
},
{
    "model": "users.permission",
    "pk": 4953,
    "fields": {
        "created_at": "2026-06-14T10:49:07.461Z",
        "updated_at": "2026-06-14T10:49:07.461Z",
        "is_active": true,
        "module": "settings",
        "action": "update",
        "role": 3
    }
},
{
    "model": "users.permission",
    "pk": 4954,
    "fields": {
        "created_at": "2026-06-14T10:49:07.466Z",
        "updated_at": "2026-06-14T10:49:07.466Z",
        "is_active": true,
        "module": "inventory",
        "action": "create",
        "role": 3
    }
},
{
    "model": "users.permission",
    "pk": 4955,
    "fields": {
        "created_at": "2026-06-14T10:49:07.468Z",
        "updated_at": "2026-06-14T10:49:07.468Z",
        "is_active": true,
        "module": "messaging",
        "action": "create",
        "role": 11
    }
},
{
    "model": "users.permission",
    "pk": 4956,
    "fields": {
        "created_at": "2026-06-14T10:49:07.470Z",
        "updated_at": "2026-06-14T10:49:07.470Z",
        "is_active": true,
        "module": "messaging",
        "action": "read",
        "role": 11
    }
},
{
    "model": "users.permission",
    "pk": 4957,
    "fields": {
        "created_at": "2026-06-14T10:49:07.471Z",
        "updated_at": "2026-06-14T10:49:07.471Z",
        "is_active": true,
        "module": "messaging",
        "action": "update",
        "role": 11
    }
},
{
    "model": "users.permission",
    "pk": 4958,
    "fields": {
        "created_at": "2026-06-14T10:49:07.473Z",
        "updated_at": "2026-06-14T10:49:07.473Z",
        "is_active": true,
        "module": "messaging",
        "action": "delete",
        "role": 11
    }
},
{
    "model": "users.permission",
    "pk": 4959,
    "fields": {
        "created_at": "2026-06-14T10:49:07.475Z",
        "updated_at": "2026-06-14T10:49:07.475Z",
        "is_active": true,
        "module": "messaging",
        "action": "query",
        "role": 11
    }
},
{
    "model": "users.permission",
    "pk": 4960,
    "fields": {
        "created_at": "2026-06-14T10:49:07.477Z",
        "updated_at": "2026-06-14T10:49:07.477Z",
        "is_active": true,
        "module": "email",
        "action": "create",
        "role": 11
    }
},
{
    "model": "users.permission",
    "pk": 4961,
    "fields": {
        "created_at": "2026-06-14T10:49:07.479Z",
        "updated_at": "2026-06-14T10:49:07.479Z",
        "is_active": true,
        "module": "email",
        "action": "read",
        "role": 11
    }
},
{
    "model": "users.permission",
    "pk": 4962,
    "fields": {
        "created_at": "2026-06-14T10:49:07.481Z",
        "updated_at": "2026-06-14T10:49:07.481Z",
        "is_active": true,
        "module": "email",
        "action": "update",
        "role": 11
    }
},
{
    "model": "users.permission",
    "pk": 4963,
    "fields": {
        "created_at": "2026-06-14T10:49:07.483Z",
        "updated_at": "2026-06-14T10:49:07.483Z",
        "is_active": true,
        "module": "email",
        "action": "delete",
        "role": 11
    }
},
{
    "model": "users.permission",
    "pk": 4964,
    "fields": {
        "created_at": "2026-06-14T10:49:07.485Z",
        "updated_at": "2026-06-14T10:49:07.485Z",
        "is_active": true,
        "module": "email",
        "action": "query",
        "role": 11
    }
},
{
    "model": "users.permission",
    "pk": 4965,
    "fields": {
        "created_at": "2026-06-14T10:49:07.486Z",
        "updated_at": "2026-06-14T10:49:07.486Z",
        "is_active": true,
        "module": "settings",
        "action": "read",
        "role": 11
    }
},
{
    "model": "users.permission",
    "pk": 4966,
    "fields": {
        "created_at": "2026-06-14T10:49:07.489Z",
        "updated_at": "2026-06-14T10:49:07.489Z",
        "is_active": true,
        "module": "settings",
        "action": "update",
        "role": 11
    }
},
{
    "model": "users.permission",
    "pk": 4967,
    "fields": {
        "created_at": "2026-06-14T10:49:07.491Z",
        "updated_at": "2026-06-14T10:49:07.491Z",
        "is_active": true,
        "module": "inventory",
        "action": "read",
        "role": 11
    }
},
{
    "model": "users.permission",
    "pk": 4968,
    "fields": {
        "created_at": "2026-06-14T10:49:07.492Z",
        "updated_at": "2026-06-14T10:49:07.492Z",
        "is_active": true,
        "module": "inventory",
        "action": "create",
        "role": 11
    }
},
{
    "model": "users.permission",
    "pk": 4969,
    "fields": {
        "created_at": "2026-06-14T10:49:07.494Z",
        "updated_at": "2026-06-14T10:49:07.494Z",
        "is_active": true,
        "module": "messaging",
        "action": "create",
        "role": 13
    }
},
{
    "model": "users.permission",
    "pk": 4970,
    "fields": {
        "created_at": "2026-06-14T10:49:07.496Z",
        "updated_at": "2026-06-14T10:49:07.496Z",
        "is_active": true,
        "module": "messaging",
        "action": "read",
        "role": 13
    }
},
{
    "model": "users.permission",
    "pk": 4971,
    "fields": {
        "created_at": "2026-06-14T10:49:07.497Z",
        "updated_at": "2026-06-14T10:49:07.497Z",
        "is_active": true,
        "module": "messaging",
        "action": "update",
        "role": 13
    }
},
{
    "model": "users.permission",
    "pk": 4972,
    "fields": {
        "created_at": "2026-06-14T10:49:07.500Z",
        "updated_at": "2026-06-14T10:49:07.500Z",
        "is_active": true,
        "module": "messaging",
        "action": "delete",
        "role": 13
    }
},
{
    "model": "users.permission",
    "pk": 4973,
    "fields": {
        "created_at": "2026-06-14T10:49:07.502Z",
        "updated_at": "2026-06-14T10:49:07.502Z",
        "is_active": true,
        "module": "messaging",
        "action": "query",
        "role": 13
    }
},
{
    "model": "users.permission",
    "pk": 4974,
    "fields": {
        "created_at": "2026-06-14T10:49:07.504Z",
        "updated_at": "2026-06-14T10:49:07.504Z",
        "is_active": true,
        "module": "email",
        "action": "create",
        "role": 13
    }
},
{
    "model": "users.permission",
    "pk": 4975,
    "fields": {
        "created_at": "2026-06-14T10:49:07.506Z",
        "updated_at": "2026-06-14T10:49:07.506Z",
        "is_active": true,
        "module": "email",
        "action": "read",
        "role": 13
    }
},
{
    "model": "users.permission",
    "pk": 4976,
    "fields": {
        "created_at": "2026-06-14T10:49:07.508Z",
        "updated_at": "2026-06-14T10:49:07.508Z",
        "is_active": true,
        "module": "email",
        "action": "update",
        "role": 13
    }
},
{
    "model": "users.permission",
    "pk": 4977,
    "fields": {
        "created_at": "2026-06-14T10:49:07.509Z",
        "updated_at": "2026-06-14T10:49:07.509Z",
        "is_active": true,
        "module": "email",
        "action": "delete",
        "role": 13
    }
},
{
    "model": "users.permission",
    "pk": 4978,
    "fields": {
        "created_at": "2026-06-14T10:49:07.511Z",
        "updated_at": "2026-06-14T10:49:07.511Z",
        "is_active": true,
        "module": "email",
        "action": "query",
        "role": 13
    }
},
{
    "model": "users.permission",
    "pk": 4979,
    "fields": {
        "created_at": "2026-06-14T10:49:07.512Z",
        "updated_at": "2026-06-14T10:49:07.512Z",
        "is_active": true,
        "module": "settings",
        "action": "read",
        "role": 13
    }
},
{
    "model": "users.permission",
    "pk": 4980,
    "fields": {
        "created_at": "2026-06-14T10:49:07.514Z",
        "updated_at": "2026-06-14T10:49:07.514Z",
        "is_active": true,
        "module": "settings",
        "action": "update",
        "role": 13
    }
},
{
    "model": "users.permission",
    "pk": 4981,
    "fields": {
        "created_at": "2026-06-14T10:49:07.517Z",
        "updated_at": "2026-06-14T10:49:07.517Z",
        "is_active": true,
        "module": "messaging",
        "action": "create",
        "role": 12
    }
},
{
    "model": "users.permission",
    "pk": 4982,
    "fields": {
        "created_at": "2026-06-14T10:49:07.518Z",
        "updated_at": "2026-06-14T10:49:07.518Z",
        "is_active": true,
        "module": "messaging",
        "action": "read",
        "role": 12
    }
},
{
    "model": "users.permission",
    "pk": 4983,
    "fields": {
        "created_at": "2026-06-14T10:49:07.521Z",
        "updated_at": "2026-06-14T10:49:07.521Z",
        "is_active": true,
        "module": "messaging",
        "action": "update",
        "role": 12
    }
},
{
    "model": "users.permission",
    "pk": 4984,
    "fields": {
        "created_at": "2026-06-14T10:49:07.522Z",
        "updated_at": "2026-06-14T10:49:07.522Z",
        "is_active": true,
        "module": "messaging",
        "action": "delete",
        "role": 12
    }
},
{
    "model": "users.permission",
    "pk": 4985,
    "fields": {
        "created_at": "2026-06-14T10:49:07.525Z",
        "updated_at": "2026-06-14T10:49:07.525Z",
        "is_active": true,
        "module": "messaging",
        "action": "query",
        "role": 12
    }
},
{
    "model": "users.permission",
    "pk": 4986,
    "fields": {
        "created_at": "2026-06-14T10:49:07.526Z",
        "updated_at": "2026-06-14T10:49:07.526Z",
        "is_active": true,
        "module": "email",
        "action": "create",
        "role": 12
    }
},
{
    "model": "users.permission",
    "pk": 4987,
    "fields": {
        "created_at": "2026-06-14T10:49:07.529Z",
        "updated_at": "2026-06-14T10:49:07.529Z",
        "is_active": true,
        "module": "email",
        "action": "read",
        "role": 12
    }
},
{
    "model": "users.permission",
    "pk": 4988,
    "fields": {
        "created_at": "2026-06-14T10:49:07.530Z",
        "updated_at": "2026-06-14T10:49:07.530Z",
        "is_active": true,
        "module": "email",
        "action": "update",
        "role": 12
    }
},
{
    "model": "users.permission",
    "pk": 4989,
    "fields": {
        "created_at": "2026-06-14T10:49:07.532Z",
        "updated_at": "2026-06-14T10:49:07.532Z",
        "is_active": true,
        "module": "email",
        "action": "delete",
        "role": 12
    }
},
{
    "model": "users.permission",
    "pk": 4990,
    "fields": {
        "created_at": "2026-06-14T10:49:07.534Z",
        "updated_at": "2026-06-14T10:49:07.534Z",
        "is_active": true,
        "module": "email",
        "action": "query",
        "role": 12
    }
},
{
    "model": "users.permission",
    "pk": 4991,
    "fields": {
        "created_at": "2026-06-14T10:49:07.536Z",
        "updated_at": "2026-06-14T10:49:07.536Z",
        "is_active": true,
        "module": "settings",
        "action": "read",
        "role": 12
    }
},
{
    "model": "users.permission",
    "pk": 4992,
    "fields": {
        "created_at": "2026-06-14T10:49:07.537Z",
        "updated_at": "2026-06-14T10:49:07.537Z",
        "is_active": true,
        "module": "settings",
        "action": "update",
        "role": 12
    }
},
{
    "model": "users.permission",
    "pk": 4993,
    "fields": {
        "created_at": "2026-06-14T10:49:07.543Z",
        "updated_at": "2026-06-14T10:49:07.543Z",
        "is_active": true,
        "module": "messaging",
        "action": "create",
        "role": 24
    }
},
{
    "model": "users.permission",
    "pk": 4994,
    "fields": {
        "created_at": "2026-06-14T10:49:07.545Z",
        "updated_at": "2026-06-14T10:49:07.545Z",
        "is_active": true,
        "module": "messaging",
        "action": "read",
        "role": 24
    }
},
{
    "model": "users.permission",
    "pk": 4995,
    "fields": {
        "created_at": "2026-06-14T10:49:07.546Z",
        "updated_at": "2026-06-14T10:49:07.546Z",
        "is_active": true,
        "module": "messaging",
        "action": "update",
        "role": 24
    }
},
{
    "model": "users.permission",
    "pk": 4996,
    "fields": {
        "created_at": "2026-06-14T10:49:07.549Z",
        "updated_at": "2026-06-14T10:49:07.549Z",
        "is_active": true,
        "module": "messaging",
        "action": "delete",
        "role": 24
    }
},
{
    "model": "users.permission",
    "pk": 4997,
    "fields": {
        "created_at": "2026-06-14T10:49:07.550Z",
        "updated_at": "2026-06-14T10:49:07.550Z",
        "is_active": true,
        "module": "messaging",
        "action": "query",
        "role": 24
    }
},
{
    "model": "users.permission",
    "pk": 4998,
    "fields": {
        "created_at": "2026-06-14T10:49:07.552Z",
        "updated_at": "2026-06-14T10:49:07.552Z",
        "is_active": true,
        "module": "email",
        "action": "create",
        "role": 24
    }
},
{
    "model": "users.permission",
    "pk": 4999,
    "fields": {
        "created_at": "2026-06-14T10:49:07.554Z",
        "updated_at": "2026-06-14T10:49:07.554Z",
        "is_active": true,
        "module": "email",
        "action": "read",
        "role": 24
    }
},
{
    "model": "users.permission",
    "pk": 5000,
    "fields": {
        "created_at": "2026-06-14T10:49:07.556Z",
        "updated_at": "2026-06-14T10:49:07.556Z",
        "is_active": true,
        "module": "email",
        "action": "update",
        "role": 24
    }
},
{
    "model": "users.permission",
    "pk": 5001,
    "fields": {
        "created_at": "2026-06-14T10:49:07.557Z",
        "updated_at": "2026-06-14T10:49:07.557Z",
        "is_active": true,
        "module": "email",
        "action": "delete",
        "role": 24
    }
},
{
    "model": "users.permission",
    "pk": 5002,
    "fields": {
        "created_at": "2026-06-14T10:49:07.559Z",
        "updated_at": "2026-06-14T10:49:07.559Z",
        "is_active": true,
        "module": "email",
        "action": "query",
        "role": 24
    }
},
{
    "model": "users.permission",
    "pk": 5003,
    "fields": {
        "created_at": "2026-06-14T10:49:07.561Z",
        "updated_at": "2026-06-14T10:49:07.561Z",
        "is_active": true,
        "module": "settings",
        "action": "read",
        "role": 24
    }
},
{
    "model": "users.permission",
    "pk": 5004,
    "fields": {
        "created_at": "2026-06-14T10:49:07.563Z",
        "updated_at": "2026-06-14T10:49:07.563Z",
        "is_active": true,
        "module": "settings",
        "action": "update",
        "role": 24
    }
},
{
    "model": "users.permission",
    "pk": 5005,
    "fields": {
        "created_at": "2026-06-14T10:49:07.565Z",
        "updated_at": "2026-06-14T10:49:07.565Z",
        "is_active": true,
        "module": "inventory",
        "action": "read",
        "role": 24
    }
},
{
    "model": "users.permission",
    "pk": 5006,
    "fields": {
        "created_at": "2026-06-14T10:49:07.567Z",
        "updated_at": "2026-06-14T10:49:07.567Z",
        "is_active": true,
        "module": "inventory",
        "action": "create",
        "role": 24
    }
},
{
    "model": "users.permission",
    "pk": 5007,
    "fields": {
        "created_at": "2026-06-14T10:49:07.568Z",
        "updated_at": "2026-06-14T10:49:07.568Z",
        "is_active": true,
        "module": "messaging",
        "action": "create",
        "role": 15
    }
},
{
    "model": "users.permission",
    "pk": 5008,
    "fields": {
        "created_at": "2026-06-14T10:49:07.570Z",
        "updated_at": "2026-06-14T10:49:07.570Z",
        "is_active": true,
        "module": "messaging",
        "action": "read",
        "role": 15
    }
},
{
    "model": "users.permission",
    "pk": 5009,
    "fields": {
        "created_at": "2026-06-14T10:49:07.572Z",
        "updated_at": "2026-06-14T10:49:07.572Z",
        "is_active": true,
        "module": "messaging",
        "action": "update",
        "role": 15
    }
},
{
    "model": "users.permission",
    "pk": 5010,
    "fields": {
        "created_at": "2026-06-14T10:49:07.573Z",
        "updated_at": "2026-06-14T10:49:07.573Z",
        "is_active": true,
        "module": "messaging",
        "action": "delete",
        "role": 15
    }
},
{
    "model": "users.permission",
    "pk": 5011,
    "fields": {
        "created_at": "2026-06-14T10:49:07.575Z",
        "updated_at": "2026-06-14T10:49:07.575Z",
        "is_active": true,
        "module": "messaging",
        "action": "query",
        "role": 15
    }
},
{
    "model": "users.permission",
    "pk": 5012,
    "fields": {
        "created_at": "2026-06-14T10:49:07.577Z",
        "updated_at": "2026-06-14T10:49:07.577Z",
        "is_active": true,
        "module": "email",
        "action": "create",
        "role": 15
    }
},
{
    "model": "users.permission",
    "pk": 5013,
    "fields": {
        "created_at": "2026-06-14T10:49:07.579Z",
        "updated_at": "2026-06-14T10:49:07.579Z",
        "is_active": true,
        "module": "email",
        "action": "read",
        "role": 15
    }
},
{
    "model": "users.permission",
    "pk": 5014,
    "fields": {
        "created_at": "2026-06-14T10:49:07.581Z",
        "updated_at": "2026-06-14T10:49:07.581Z",
        "is_active": true,
        "module": "email",
        "action": "update",
        "role": 15
    }
},
{
    "model": "users.permission",
    "pk": 5015,
    "fields": {
        "created_at": "2026-06-14T10:49:07.583Z",
        "updated_at": "2026-06-14T10:49:07.583Z",
        "is_active": true,
        "module": "email",
        "action": "delete",
        "role": 15
    }
},
{
    "model": "users.permission",
    "pk": 5016,
    "fields": {
        "created_at": "2026-06-14T10:49:07.585Z",
        "updated_at": "2026-06-14T10:49:07.585Z",
        "is_active": true,
        "module": "email",
        "action": "query",
        "role": 15
    }
},
{
    "model": "users.permission",
    "pk": 5017,
    "fields": {
        "created_at": "2026-06-14T10:49:07.587Z",
        "updated_at": "2026-06-14T10:49:07.587Z",
        "is_active": true,
        "module": "settings",
        "action": "read",
        "role": 15
    }
},
{
    "model": "users.permission",
    "pk": 5018,
    "fields": {
        "created_at": "2026-06-14T10:49:07.589Z",
        "updated_at": "2026-06-14T10:49:07.589Z",
        "is_active": true,
        "module": "settings",
        "action": "update",
        "role": 15
    }
},
{
    "model": "users.permission",
    "pk": 5019,
    "fields": {
        "created_at": "2026-06-14T10:49:07.591Z",
        "updated_at": "2026-06-14T10:49:07.591Z",
        "is_active": true,
        "module": "inventory",
        "action": "read",
        "role": 15
    }
},
{
    "model": "users.permission",
    "pk": 5020,
    "fields": {
        "created_at": "2026-06-14T10:49:07.592Z",
        "updated_at": "2026-06-14T10:49:07.592Z",
        "is_active": true,
        "module": "inventory",
        "action": "create",
        "role": 15
    }
},
{
    "model": "users.permission",
    "pk": 5021,
    "fields": {
        "created_at": "2026-06-14T10:49:07.594Z",
        "updated_at": "2026-06-14T10:49:07.594Z",
        "is_active": true,
        "module": "messaging",
        "action": "create",
        "role": 9
    }
},
{
    "model": "users.permission",
    "pk": 5022,
    "fields": {
        "created_at": "2026-06-14T10:49:07.596Z",
        "updated_at": "2026-06-14T10:49:07.596Z",
        "is_active": true,
        "module": "messaging",
        "action": "read",
        "role": 9
    }
},
{
    "model": "users.permission",
    "pk": 5023,
    "fields": {
        "created_at": "2026-06-14T10:49:07.598Z",
        "updated_at": "2026-06-14T10:49:07.598Z",
        "is_active": true,
        "module": "messaging",
        "action": "update",
        "role": 9
    }
},
{
    "model": "users.permission",
    "pk": 5024,
    "fields": {
        "created_at": "2026-06-14T10:49:07.600Z",
        "updated_at": "2026-06-14T10:49:07.600Z",
        "is_active": true,
        "module": "messaging",
        "action": "delete",
        "role": 9
    }
},
{
    "model": "users.permission",
    "pk": 5025,
    "fields": {
        "created_at": "2026-06-14T10:49:07.601Z",
        "updated_at": "2026-06-14T10:49:07.601Z",
        "is_active": true,
        "module": "messaging",
        "action": "query",
        "role": 9
    }
},
{
    "model": "users.permission",
    "pk": 5026,
    "fields": {
        "created_at": "2026-06-14T10:49:07.604Z",
        "updated_at": "2026-06-14T10:49:07.604Z",
        "is_active": true,
        "module": "email",
        "action": "create",
        "role": 9
    }
},
{
    "model": "users.permission",
    "pk": 5027,
    "fields": {
        "created_at": "2026-06-14T10:49:07.606Z",
        "updated_at": "2026-06-14T10:49:07.606Z",
        "is_active": true,
        "module": "email",
        "action": "read",
        "role": 9
    }
},
{
    "model": "users.permission",
    "pk": 5028,
    "fields": {
        "created_at": "2026-06-14T10:49:07.607Z",
        "updated_at": "2026-06-14T10:49:07.607Z",
        "is_active": true,
        "module": "email",
        "action": "update",
        "role": 9
    }
},
{
    "model": "users.permission",
    "pk": 5029,
    "fields": {
        "created_at": "2026-06-14T10:49:07.609Z",
        "updated_at": "2026-06-14T10:49:07.609Z",
        "is_active": true,
        "module": "email",
        "action": "delete",
        "role": 9
    }
},
{
    "model": "users.permission",
    "pk": 5030,
    "fields": {
        "created_at": "2026-06-14T10:49:07.622Z",
        "updated_at": "2026-06-14T10:49:07.622Z",
        "is_active": true,
        "module": "email",
        "action": "query",
        "role": 9
    }
},
{
    "model": "users.permission",
    "pk": 5031,
    "fields": {
        "created_at": "2026-06-14T10:49:07.629Z",
        "updated_at": "2026-06-14T10:49:07.629Z",
        "is_active": true,
        "module": "settings",
        "action": "read",
        "role": 9
    }
},
{
    "model": "users.permission",
    "pk": 5032,
    "fields": {
        "created_at": "2026-06-14T10:49:07.636Z",
        "updated_at": "2026-06-14T10:49:07.636Z",
        "is_active": true,
        "module": "settings",
        "action": "update",
        "role": 9
    }
},
{
    "model": "users.permission",
    "pk": 5033,
    "fields": {
        "created_at": "2026-06-14T10:49:07.641Z",
        "updated_at": "2026-06-14T10:49:07.641Z",
        "is_active": true,
        "module": "inventory",
        "action": "read",
        "role": 9
    }
},
{
    "model": "users.permission",
    "pk": 5034,
    "fields": {
        "created_at": "2026-06-14T10:49:07.648Z",
        "updated_at": "2026-06-14T10:49:07.648Z",
        "is_active": true,
        "module": "inventory",
        "action": "create",
        "role": 9
    }
},
{
    "model": "users.permission",
    "pk": 5035,
    "fields": {
        "created_at": "2026-06-14T10:49:07.654Z",
        "updated_at": "2026-06-14T10:49:07.654Z",
        "is_active": true,
        "module": "messaging",
        "action": "create",
        "role": 21
    }
},
{
    "model": "users.permission",
    "pk": 5036,
    "fields": {
        "created_at": "2026-06-14T10:49:07.661Z",
        "updated_at": "2026-06-14T10:49:07.661Z",
        "is_active": true,
        "module": "messaging",
        "action": "read",
        "role": 21
    }
},
{
    "model": "users.permission",
    "pk": 5037,
    "fields": {
        "created_at": "2026-06-14T10:49:07.667Z",
        "updated_at": "2026-06-14T10:49:07.667Z",
        "is_active": true,
        "module": "messaging",
        "action": "update",
        "role": 21
    }
},
{
    "model": "users.permission",
    "pk": 5038,
    "fields": {
        "created_at": "2026-06-14T10:49:07.674Z",
        "updated_at": "2026-06-14T10:49:07.674Z",
        "is_active": true,
        "module": "messaging",
        "action": "delete",
        "role": 21
    }
},
{
    "model": "users.permission",
    "pk": 5039,
    "fields": {
        "created_at": "2026-06-14T10:49:07.680Z",
        "updated_at": "2026-06-14T10:49:07.680Z",
        "is_active": true,
        "module": "messaging",
        "action": "query",
        "role": 21
    }
},
{
    "model": "users.permission",
    "pk": 5040,
    "fields": {
        "created_at": "2026-06-14T10:49:07.686Z",
        "updated_at": "2026-06-14T10:49:07.686Z",
        "is_active": true,
        "module": "email",
        "action": "create",
        "role": 21
    }
},
{
    "model": "users.permission",
    "pk": 5041,
    "fields": {
        "created_at": "2026-06-14T10:49:07.693Z",
        "updated_at": "2026-06-14T10:49:07.693Z",
        "is_active": true,
        "module": "email",
        "action": "read",
        "role": 21
    }
},
{
    "model": "users.permission",
    "pk": 5042,
    "fields": {
        "created_at": "2026-06-14T10:49:07.700Z",
        "updated_at": "2026-06-14T10:49:07.700Z",
        "is_active": true,
        "module": "email",
        "action": "update",
        "role": 21
    }
},
{
    "model": "users.permission",
    "pk": 5043,
    "fields": {
        "created_at": "2026-06-14T10:49:07.706Z",
        "updated_at": "2026-06-14T10:49:07.706Z",
        "is_active": true,
        "module": "email",
        "action": "delete",
        "role": 21
    }
},
{
    "model": "users.permission",
    "pk": 5044,
    "fields": {
        "created_at": "2026-06-14T10:49:07.711Z",
        "updated_at": "2026-06-14T10:49:07.711Z",
        "is_active": true,
        "module": "email",
        "action": "query",
        "role": 21
    }
},
{
    "model": "users.permission",
    "pk": 5045,
    "fields": {
        "created_at": "2026-06-14T10:49:07.718Z",
        "updated_at": "2026-06-14T10:49:07.718Z",
        "is_active": true,
        "module": "settings",
        "action": "read",
        "role": 21
    }
},
{
    "model": "users.permission",
    "pk": 5046,
    "fields": {
        "created_at": "2026-06-14T10:49:07.724Z",
        "updated_at": "2026-06-14T10:49:07.724Z",
        "is_active": true,
        "module": "settings",
        "action": "update",
        "role": 21
    }
},
{
    "model": "users.permission",
    "pk": 5047,
    "fields": {
        "created_at": "2026-06-14T10:49:07.731Z",
        "updated_at": "2026-06-14T10:49:07.731Z",
        "is_active": true,
        "module": "inventory",
        "action": "read",
        "role": 21
    }
},
{
    "model": "users.permission",
    "pk": 5048,
    "fields": {
        "created_at": "2026-06-14T10:49:07.738Z",
        "updated_at": "2026-06-14T10:49:07.738Z",
        "is_active": true,
        "module": "inventory",
        "action": "create",
        "role": 21
    }
},
{
    "model": "users.permission",
    "pk": 5049,
    "fields": {
        "created_at": "2026-06-14T10:49:07.744Z",
        "updated_at": "2026-06-14T10:49:07.744Z",
        "is_active": true,
        "module": "messaging",
        "action": "create",
        "role": 20
    }
},
{
    "model": "users.permission",
    "pk": 5050,
    "fields": {
        "created_at": "2026-06-14T10:49:07.751Z",
        "updated_at": "2026-06-14T10:49:07.751Z",
        "is_active": true,
        "module": "messaging",
        "action": "read",
        "role": 20
    }
},
{
    "model": "users.permission",
    "pk": 5051,
    "fields": {
        "created_at": "2026-06-14T10:49:07.758Z",
        "updated_at": "2026-06-14T10:49:07.758Z",
        "is_active": true,
        "module": "messaging",
        "action": "update",
        "role": 20
    }
},
{
    "model": "users.permission",
    "pk": 5052,
    "fields": {
        "created_at": "2026-06-14T10:49:07.765Z",
        "updated_at": "2026-06-14T10:49:07.765Z",
        "is_active": true,
        "module": "messaging",
        "action": "delete",
        "role": 20
    }
},
{
    "model": "users.permission",
    "pk": 5053,
    "fields": {
        "created_at": "2026-06-14T10:49:07.771Z",
        "updated_at": "2026-06-14T10:49:07.771Z",
        "is_active": true,
        "module": "messaging",
        "action": "query",
        "role": 20
    }
},
{
    "model": "users.permission",
    "pk": 5054,
    "fields": {
        "created_at": "2026-06-14T10:49:07.779Z",
        "updated_at": "2026-06-14T10:49:07.779Z",
        "is_active": true,
        "module": "email",
        "action": "create",
        "role": 20
    }
},
{
    "model": "users.permission",
    "pk": 5055,
    "fields": {
        "created_at": "2026-06-14T10:49:07.785Z",
        "updated_at": "2026-06-14T10:49:07.785Z",
        "is_active": true,
        "module": "email",
        "action": "read",
        "role": 20
    }
},
{
    "model": "users.permission",
    "pk": 5056,
    "fields": {
        "created_at": "2026-06-14T10:49:07.791Z",
        "updated_at": "2026-06-14T10:49:07.791Z",
        "is_active": true,
        "module": "email",
        "action": "update",
        "role": 20
    }
},
{
    "model": "users.permission",
    "pk": 5057,
    "fields": {
        "created_at": "2026-06-14T10:49:07.797Z",
        "updated_at": "2026-06-14T10:49:07.797Z",
        "is_active": true,
        "module": "email",
        "action": "delete",
        "role": 20
    }
},
{
    "model": "users.permission",
    "pk": 5058,
    "fields": {
        "created_at": "2026-06-14T10:49:07.804Z",
        "updated_at": "2026-06-14T10:49:07.804Z",
        "is_active": true,
        "module": "email",
        "action": "query",
        "role": 20
    }
},
{
    "model": "users.permission",
    "pk": 5059,
    "fields": {
        "created_at": "2026-06-14T10:49:07.811Z",
        "updated_at": "2026-06-14T10:49:07.811Z",
        "is_active": true,
        "module": "settings",
        "action": "read",
        "role": 20
    }
},
{
    "model": "users.permission",
    "pk": 5060,
    "fields": {
        "created_at": "2026-06-14T10:49:07.819Z",
        "updated_at": "2026-06-14T10:49:07.819Z",
        "is_active": true,
        "module": "settings",
        "action": "update",
        "role": 20
    }
},
{
    "model": "users.permission",
    "pk": 5061,
    "fields": {
        "created_at": "2026-06-14T10:49:07.828Z",
        "updated_at": "2026-06-14T10:49:07.828Z",
        "is_active": true,
        "module": "inventory",
        "action": "read",
        "role": 20
    }
},
{
    "model": "users.permission",
    "pk": 5062,
    "fields": {
        "created_at": "2026-06-14T10:49:07.838Z",
        "updated_at": "2026-06-14T10:49:07.838Z",
        "is_active": true,
        "module": "inventory",
        "action": "create",
        "role": 20
    }
},
{
    "model": "users.permission",
    "pk": 5063,
    "fields": {
        "created_at": "2026-06-14T10:49:07.843Z",
        "updated_at": "2026-06-14T10:49:07.843Z",
        "is_active": true,
        "module": "messaging",
        "action": "create",
        "role": 23
    }
},
{
    "model": "users.permission",
    "pk": 5064,
    "fields": {
        "created_at": "2026-06-14T10:49:07.847Z",
        "updated_at": "2026-06-14T10:49:07.847Z",
        "is_active": true,
        "module": "messaging",
        "action": "read",
        "role": 23
    }
},
{
    "model": "users.permission",
    "pk": 5065,
    "fields": {
        "created_at": "2026-06-14T10:49:07.852Z",
        "updated_at": "2026-06-14T10:49:07.852Z",
        "is_active": true,
        "module": "messaging",
        "action": "update",
        "role": 23
    }
},
{
    "model": "users.permission",
    "pk": 5066,
    "fields": {
        "created_at": "2026-06-14T10:49:07.855Z",
        "updated_at": "2026-06-14T10:49:07.855Z",
        "is_active": true,
        "module": "messaging",
        "action": "delete",
        "role": 23
    }
},
{
    "model": "users.permission",
    "pk": 5067,
    "fields": {
        "created_at": "2026-06-14T10:49:07.858Z",
        "updated_at": "2026-06-14T10:49:07.858Z",
        "is_active": true,
        "module": "messaging",
        "action": "query",
        "role": 23
    }
},
{
    "model": "users.permission",
    "pk": 5068,
    "fields": {
        "created_at": "2026-06-14T10:49:07.860Z",
        "updated_at": "2026-06-14T10:49:07.860Z",
        "is_active": true,
        "module": "email",
        "action": "create",
        "role": 23
    }
},
{
    "model": "users.permission",
    "pk": 5069,
    "fields": {
        "created_at": "2026-06-14T10:49:07.863Z",
        "updated_at": "2026-06-14T10:49:07.863Z",
        "is_active": true,
        "module": "email",
        "action": "read",
        "role": 23
    }
},
{
    "model": "users.permission",
    "pk": 5070,
    "fields": {
        "created_at": "2026-06-14T10:49:07.866Z",
        "updated_at": "2026-06-14T10:49:07.866Z",
        "is_active": true,
        "module": "email",
        "action": "update",
        "role": 23
    }
},
{
    "model": "users.permission",
    "pk": 5071,
    "fields": {
        "created_at": "2026-06-14T10:49:07.868Z",
        "updated_at": "2026-06-14T10:49:07.868Z",
        "is_active": true,
        "module": "email",
        "action": "delete",
        "role": 23
    }
},
{
    "model": "users.permission",
    "pk": 5072,
    "fields": {
        "created_at": "2026-06-14T10:49:07.871Z",
        "updated_at": "2026-06-14T10:49:07.871Z",
        "is_active": true,
        "module": "email",
        "action": "query",
        "role": 23
    }
},
{
    "model": "users.permission",
    "pk": 5073,
    "fields": {
        "created_at": "2026-06-14T10:49:07.873Z",
        "updated_at": "2026-06-14T10:49:07.873Z",
        "is_active": true,
        "module": "settings",
        "action": "read",
        "role": 23
    }
},
{
    "model": "users.permission",
    "pk": 5074,
    "fields": {
        "created_at": "2026-06-14T10:49:07.876Z",
        "updated_at": "2026-06-14T10:49:07.876Z",
        "is_active": true,
        "module": "settings",
        "action": "update",
        "role": 23
    }
},
{
    "model": "users.permission",
    "pk": 5075,
    "fields": {
        "created_at": "2026-06-14T10:49:07.883Z",
        "updated_at": "2026-06-14T10:49:07.883Z",
        "is_active": true,
        "module": "messaging",
        "action": "create",
        "role": 7
    }
},
{
    "model": "users.permission",
    "pk": 5076,
    "fields": {
        "created_at": "2026-06-14T10:49:07.886Z",
        "updated_at": "2026-06-14T10:49:07.886Z",
        "is_active": true,
        "module": "messaging",
        "action": "read",
        "role": 7
    }
},
{
    "model": "users.permission",
    "pk": 5077,
    "fields": {
        "created_at": "2026-06-14T10:49:07.888Z",
        "updated_at": "2026-06-14T10:49:07.888Z",
        "is_active": true,
        "module": "messaging",
        "action": "update",
        "role": 7
    }
},
{
    "model": "users.permission",
    "pk": 5078,
    "fields": {
        "created_at": "2026-06-14T10:49:07.891Z",
        "updated_at": "2026-06-14T10:49:07.891Z",
        "is_active": true,
        "module": "messaging",
        "action": "delete",
        "role": 7
    }
},
{
    "model": "users.permission",
    "pk": 5079,
    "fields": {
        "created_at": "2026-06-14T10:49:07.893Z",
        "updated_at": "2026-06-14T10:49:07.893Z",
        "is_active": true,
        "module": "messaging",
        "action": "query",
        "role": 7
    }
},
{
    "model": "users.permission",
    "pk": 5080,
    "fields": {
        "created_at": "2026-06-14T10:49:07.895Z",
        "updated_at": "2026-06-14T10:49:07.895Z",
        "is_active": true,
        "module": "email",
        "action": "create",
        "role": 7
    }
},
{
    "model": "users.permission",
    "pk": 5081,
    "fields": {
        "created_at": "2026-06-14T10:49:07.897Z",
        "updated_at": "2026-06-14T10:49:07.898Z",
        "is_active": true,
        "module": "email",
        "action": "read",
        "role": 7
    }
},
{
    "model": "users.permission",
    "pk": 5082,
    "fields": {
        "created_at": "2026-06-14T10:49:07.901Z",
        "updated_at": "2026-06-14T10:49:07.901Z",
        "is_active": true,
        "module": "email",
        "action": "update",
        "role": 7
    }
},
{
    "model": "users.permission",
    "pk": 5083,
    "fields": {
        "created_at": "2026-06-14T10:49:07.903Z",
        "updated_at": "2026-06-14T10:49:07.903Z",
        "is_active": true,
        "module": "email",
        "action": "delete",
        "role": 7
    }
},
{
    "model": "users.permission",
    "pk": 5084,
    "fields": {
        "created_at": "2026-06-14T10:49:07.913Z",
        "updated_at": "2026-06-14T10:49:07.913Z",
        "is_active": true,
        "module": "email",
        "action": "query",
        "role": 7
    }
},
{
    "model": "users.permission",
    "pk": 5085,
    "fields": {
        "created_at": "2026-06-14T10:49:07.917Z",
        "updated_at": "2026-06-14T10:49:07.917Z",
        "is_active": true,
        "module": "settings",
        "action": "read",
        "role": 7
    }
},
{
    "model": "users.permission",
    "pk": 5086,
    "fields": {
        "created_at": "2026-06-14T10:49:07.920Z",
        "updated_at": "2026-06-14T10:49:07.920Z",
        "is_active": true,
        "module": "settings",
        "action": "update",
        "role": 7
    }
},
{
    "model": "users.permission",
    "pk": 5087,
    "fields": {
        "created_at": "2026-06-14T10:49:09.828Z",
        "updated_at": "2026-06-14T10:49:09.829Z",
        "is_active": true,
        "module": "inventory",
        "action": "create",
        "role": 2
    }
},
{
    "model": "users.permission",
    "pk": 5088,
    "fields": {
        "created_at": "2026-06-14T10:49:09.832Z",
        "updated_at": "2026-06-14T10:49:09.832Z",
        "is_active": true,
        "module": "inventory",
        "action": "read",
        "role": 2
    }
},
{
    "model": "users.permission",
    "pk": 5089,
    "fields": {
        "created_at": "2026-06-14T10:49:09.834Z",
        "updated_at": "2026-06-14T10:49:09.834Z",
        "is_active": true,
        "module": "inventory",
        "action": "update",
        "role": 2
    }
},
{
    "model": "users.permission",
    "pk": 5090,
    "fields": {
        "created_at": "2026-06-14T10:49:09.836Z",
        "updated_at": "2026-06-14T10:49:09.836Z",
        "is_active": true,
        "module": "inventory",
        "action": "delete",
        "role": 2
    }
},
{
    "model": "users.permission",
    "pk": 5091,
    "fields": {
        "created_at": "2026-06-14T10:49:09.838Z",
        "updated_at": "2026-06-14T10:49:09.838Z",
        "is_active": true,
        "module": "inventory",
        "action": "approve",
        "role": 2
    }
},
{
    "model": "users.permission",
    "pk": 5092,
    "fields": {
        "created_at": "2026-06-14T10:49:09.840Z",
        "updated_at": "2026-06-14T10:49:09.840Z",
        "is_active": true,
        "module": "inventory",
        "action": "query",
        "role": 2
    }
},
{
    "model": "users.permission",
    "pk": 5093,
    "fields": {
        "created_at": "2026-06-14T10:49:09.842Z",
        "updated_at": "2026-06-14T10:49:09.842Z",
        "is_active": true,
        "module": "procurement",
        "action": "create",
        "role": 2
    }
},
{
    "model": "users.permission",
    "pk": 5094,
    "fields": {
        "created_at": "2026-06-14T10:49:09.844Z",
        "updated_at": "2026-06-14T10:49:09.844Z",
        "is_active": true,
        "module": "procurement",
        "action": "read",
        "role": 2
    }
},
{
    "model": "users.permission",
    "pk": 5095,
    "fields": {
        "created_at": "2026-06-14T10:49:09.846Z",
        "updated_at": "2026-06-14T10:49:09.846Z",
        "is_active": true,
        "module": "procurement",
        "action": "update",
        "role": 2
    }
},
{
    "model": "users.permission",
    "pk": 5096,
    "fields": {
        "created_at": "2026-06-14T10:49:09.850Z",
        "updated_at": "2026-06-14T10:49:09.850Z",
        "is_active": true,
        "module": "procurement",
        "action": "delete",
        "role": 2
    }
},
{
    "model": "users.permission",
    "pk": 5097,
    "fields": {
        "created_at": "2026-06-14T10:49:09.851Z",
        "updated_at": "2026-06-14T10:49:09.851Z",
        "is_active": true,
        "module": "procurement",
        "action": "approve",
        "role": 2
    }
},
{
    "model": "users.permission",
    "pk": 5098,
    "fields": {
        "created_at": "2026-06-14T10:49:09.853Z",
        "updated_at": "2026-06-14T10:49:09.853Z",
        "is_active": true,
        "module": "procurement",
        "action": "query",
        "role": 2
    }
},
{
    "model": "users.permission",
    "pk": 5099,
    "fields": {
        "created_at": "2026-06-14T10:49:09.855Z",
        "updated_at": "2026-06-14T10:49:09.855Z",
        "is_active": true,
        "module": "sales",
        "action": "create",
        "role": 2
    }
},
{
    "model": "users.permission",
    "pk": 5100,
    "fields": {
        "created_at": "2026-06-14T10:49:09.858Z",
        "updated_at": "2026-06-14T10:49:09.858Z",
        "is_active": true,
        "module": "sales",
        "action": "read",
        "role": 2
    }
},
{
    "model": "users.permission",
    "pk": 5101,
    "fields": {
        "created_at": "2026-06-14T10:49:09.860Z",
        "updated_at": "2026-06-14T10:49:09.860Z",
        "is_active": true,
        "module": "sales",
        "action": "update",
        "role": 2
    }
},
{
    "model": "users.permission",
    "pk": 5102,
    "fields": {
        "created_at": "2026-06-14T10:49:09.861Z",
        "updated_at": "2026-06-14T10:49:09.861Z",
        "is_active": true,
        "module": "sales",
        "action": "delete",
        "role": 2
    }
},
{
    "model": "users.permission",
    "pk": 5103,
    "fields": {
        "created_at": "2026-06-14T10:49:09.864Z",
        "updated_at": "2026-06-14T10:49:09.864Z",
        "is_active": true,
        "module": "sales",
        "action": "approve",
        "role": 2
    }
},
{
    "model": "users.permission",
    "pk": 5104,
    "fields": {
        "created_at": "2026-06-14T10:49:09.867Z",
        "updated_at": "2026-06-14T10:49:09.867Z",
        "is_active": true,
        "module": "sales",
        "action": "query",
        "role": 2
    }
},
{
    "model": "users.permission",
    "pk": 5105,
    "fields": {
        "created_at": "2026-06-14T10:49:09.868Z",
        "updated_at": "2026-06-14T10:49:09.868Z",
        "is_active": true,
        "module": "logistics",
        "action": "create",
        "role": 2
    }
},
{
    "model": "users.permission",
    "pk": 5106,
    "fields": {
        "created_at": "2026-06-14T10:49:09.871Z",
        "updated_at": "2026-06-14T10:49:09.871Z",
        "is_active": true,
        "module": "logistics",
        "action": "read",
        "role": 2
    }
},
{
    "model": "users.permission",
    "pk": 5107,
    "fields": {
        "created_at": "2026-06-14T10:49:09.873Z",
        "updated_at": "2026-06-14T10:49:09.873Z",
        "is_active": true,
        "module": "logistics",
        "action": "update",
        "role": 2
    }
},
{
    "model": "users.permission",
    "pk": 5108,
    "fields": {
        "created_at": "2026-06-14T10:49:09.875Z",
        "updated_at": "2026-06-14T10:49:09.875Z",
        "is_active": true,
        "module": "logistics",
        "action": "delete",
        "role": 2
    }
},
{
    "model": "users.permission",
    "pk": 5109,
    "fields": {
        "created_at": "2026-06-14T10:49:09.877Z",
        "updated_at": "2026-06-14T10:49:09.877Z",
        "is_active": true,
        "module": "logistics",
        "action": "approve",
        "role": 2
    }
},
{
    "model": "users.permission",
    "pk": 5110,
    "fields": {
        "created_at": "2026-06-14T10:49:09.879Z",
        "updated_at": "2026-06-14T10:49:09.879Z",
        "is_active": true,
        "module": "logistics",
        "action": "query",
        "role": 2
    }
},
{
    "model": "users.permission",
    "pk": 5111,
    "fields": {
        "created_at": "2026-06-14T10:49:09.881Z",
        "updated_at": "2026-06-14T10:49:09.881Z",
        "is_active": true,
        "module": "driver_portal",
        "action": "create",
        "role": 2
    }
},
{
    "model": "users.permission",
    "pk": 5112,
    "fields": {
        "created_at": "2026-06-14T10:49:09.883Z",
        "updated_at": "2026-06-14T10:49:09.883Z",
        "is_active": true,
        "module": "driver_portal",
        "action": "read",
        "role": 2
    }
},
{
    "model": "users.permission",
    "pk": 5113,
    "fields": {
        "created_at": "2026-06-14T10:49:09.884Z",
        "updated_at": "2026-06-14T10:49:09.884Z",
        "is_active": true,
        "module": "driver_portal",
        "action": "update",
        "role": 2
    }
},
{
    "model": "users.permission",
    "pk": 5114,
    "fields": {
        "created_at": "2026-06-14T10:49:09.886Z",
        "updated_at": "2026-06-14T10:49:09.886Z",
        "is_active": true,
        "module": "driver_portal",
        "action": "delete",
        "role": 2
    }
},
{
    "model": "users.permission",
    "pk": 5115,
    "fields": {
        "created_at": "2026-06-14T10:49:09.888Z",
        "updated_at": "2026-06-14T10:49:09.888Z",
        "is_active": true,
        "module": "driver_portal",
        "action": "approve",
        "role": 2
    }
},
{
    "model": "users.permission",
    "pk": 5116,
    "fields": {
        "created_at": "2026-06-14T10:49:09.890Z",
        "updated_at": "2026-06-14T10:49:09.890Z",
        "is_active": true,
        "module": "driver_portal",
        "action": "query",
        "role": 2
    }
},
{
    "model": "users.permission",
    "pk": 5117,
    "fields": {
        "created_at": "2026-06-14T10:49:09.892Z",
        "updated_at": "2026-06-14T10:49:09.892Z",
        "is_active": true,
        "module": "production",
        "action": "create",
        "role": 2
    }
},
{
    "model": "users.permission",
    "pk": 5118,
    "fields": {
        "created_at": "2026-06-14T10:49:09.893Z",
        "updated_at": "2026-06-14T10:49:09.893Z",
        "is_active": true,
        "module": "production",
        "action": "read",
        "role": 2
    }
},
{
    "model": "users.permission",
    "pk": 5119,
    "fields": {
        "created_at": "2026-06-14T10:49:09.896Z",
        "updated_at": "2026-06-14T10:49:09.896Z",
        "is_active": true,
        "module": "production",
        "action": "update",
        "role": 2
    }
},
{
    "model": "users.permission",
    "pk": 5120,
    "fields": {
        "created_at": "2026-06-14T10:49:09.898Z",
        "updated_at": "2026-06-14T10:49:09.898Z",
        "is_active": true,
        "module": "production",
        "action": "delete",
        "role": 2
    }
},
{
    "model": "users.permission",
    "pk": 5121,
    "fields": {
        "created_at": "2026-06-14T10:49:09.900Z",
        "updated_at": "2026-06-14T10:49:09.900Z",
        "is_active": true,
        "module": "production",
        "action": "approve",
        "role": 2
    }
},
{
    "model": "users.permission",
    "pk": 5122,
    "fields": {
        "created_at": "2026-06-14T10:49:09.902Z",
        "updated_at": "2026-06-14T10:49:09.902Z",
        "is_active": true,
        "module": "production",
        "action": "query",
        "role": 2
    }
},
{
    "model": "users.permission",
    "pk": 5123,
    "fields": {
        "created_at": "2026-06-14T10:49:09.904Z",
        "updated_at": "2026-06-14T10:49:09.904Z",
        "is_active": true,
        "module": "finance",
        "action": "create",
        "role": 2
    }
},
{
    "model": "users.permission",
    "pk": 5124,
    "fields": {
        "created_at": "2026-06-14T10:49:09.906Z",
        "updated_at": "2026-06-14T10:49:09.906Z",
        "is_active": true,
        "module": "finance",
        "action": "read",
        "role": 2
    }
},
{
    "model": "users.permission",
    "pk": 5125,
    "fields": {
        "created_at": "2026-06-14T10:49:09.908Z",
        "updated_at": "2026-06-14T10:49:09.908Z",
        "is_active": true,
        "module": "finance",
        "action": "update",
        "role": 2
    }
},
{
    "model": "users.permission",
    "pk": 5126,
    "fields": {
        "created_at": "2026-06-14T10:49:09.909Z",
        "updated_at": "2026-06-14T10:49:09.909Z",
        "is_active": true,
        "module": "finance",
        "action": "delete",
        "role": 2
    }
},
{
    "model": "users.permission",
    "pk": 5127,
    "fields": {
        "created_at": "2026-06-14T10:49:09.912Z",
        "updated_at": "2026-06-14T10:49:09.912Z",
        "is_active": true,
        "module": "finance",
        "action": "approve",
        "role": 2
    }
},
{
    "model": "users.permission",
    "pk": 5128,
    "fields": {
        "created_at": "2026-06-14T10:49:09.913Z",
        "updated_at": "2026-06-14T10:49:09.913Z",
        "is_active": true,
        "module": "finance",
        "action": "query",
        "role": 2
    }
},
{
    "model": "users.permission",
    "pk": 5129,
    "fields": {
        "created_at": "2026-06-14T10:49:09.916Z",
        "updated_at": "2026-06-14T10:49:09.916Z",
        "is_active": true,
        "module": "hr",
        "action": "create",
        "role": 2
    }
},
{
    "model": "users.permission",
    "pk": 5130,
    "fields": {
        "created_at": "2026-06-14T10:49:09.918Z",
        "updated_at": "2026-06-14T10:49:09.918Z",
        "is_active": true,
        "module": "hr",
        "action": "read",
        "role": 2
    }
},
{
    "model": "users.permission",
    "pk": 5131,
    "fields": {
        "created_at": "2026-06-14T10:49:09.919Z",
        "updated_at": "2026-06-14T10:49:09.919Z",
        "is_active": true,
        "module": "hr",
        "action": "update",
        "role": 2
    }
},
{
    "model": "users.permission",
    "pk": 5132,
    "fields": {
        "created_at": "2026-06-14T10:49:09.921Z",
        "updated_at": "2026-06-14T10:49:09.921Z",
        "is_active": true,
        "module": "hr",
        "action": "delete",
        "role": 2
    }
},
{
    "model": "users.permission",
    "pk": 5133,
    "fields": {
        "created_at": "2026-06-14T10:49:09.923Z",
        "updated_at": "2026-06-14T10:49:09.923Z",
        "is_active": true,
        "module": "hr",
        "action": "approve",
        "role": 2
    }
},
{
    "model": "users.permission",
    "pk": 5134,
    "fields": {
        "created_at": "2026-06-14T10:49:09.925Z",
        "updated_at": "2026-06-14T10:49:09.925Z",
        "is_active": true,
        "module": "hr",
        "action": "query",
        "role": 2
    }
},
{
    "model": "users.permission",
    "pk": 5135,
    "fields": {
        "created_at": "2026-06-14T10:49:09.927Z",
        "updated_at": "2026-06-14T10:49:09.927Z",
        "is_active": true,
        "module": "safety",
        "action": "create",
        "role": 2
    }
},
{
    "model": "users.permission",
    "pk": 5136,
    "fields": {
        "created_at": "2026-06-14T10:49:09.929Z",
        "updated_at": "2026-06-14T10:49:09.929Z",
        "is_active": true,
        "module": "safety",
        "action": "read",
        "role": 2
    }
},
{
    "model": "users.permission",
    "pk": 5137,
    "fields": {
        "created_at": "2026-06-14T10:49:09.930Z",
        "updated_at": "2026-06-14T10:49:09.930Z",
        "is_active": true,
        "module": "safety",
        "action": "update",
        "role": 2
    }
},
{
    "model": "users.permission",
    "pk": 5138,
    "fields": {
        "created_at": "2026-06-14T10:49:09.932Z",
        "updated_at": "2026-06-14T10:49:09.932Z",
        "is_active": true,
        "module": "safety",
        "action": "delete",
        "role": 2
    }
},
{
    "model": "users.permission",
    "pk": 5139,
    "fields": {
        "created_at": "2026-06-14T10:49:09.935Z",
        "updated_at": "2026-06-14T10:49:09.935Z",
        "is_active": true,
        "module": "safety",
        "action": "approve",
        "role": 2
    }
},
{
    "model": "users.permission",
    "pk": 5140,
    "fields": {
        "created_at": "2026-06-14T10:49:09.936Z",
        "updated_at": "2026-06-14T10:49:09.936Z",
        "is_active": true,
        "module": "safety",
        "action": "query",
        "role": 2
    }
},
{
    "model": "users.permission",
    "pk": 5141,
    "fields": {
        "created_at": "2026-06-14T10:49:09.938Z",
        "updated_at": "2026-06-14T10:49:09.938Z",
        "is_active": true,
        "module": "messaging",
        "action": "create",
        "role": 2
    }
},
{
    "model": "users.permission",
    "pk": 5142,
    "fields": {
        "created_at": "2026-06-14T10:49:09.940Z",
        "updated_at": "2026-06-14T10:49:09.940Z",
        "is_active": true,
        "module": "messaging",
        "action": "read",
        "role": 2
    }
},
{
    "model": "users.permission",
    "pk": 5143,
    "fields": {
        "created_at": "2026-06-14T10:49:09.941Z",
        "updated_at": "2026-06-14T10:49:09.941Z",
        "is_active": true,
        "module": "messaging",
        "action": "update",
        "role": 2
    }
},
{
    "model": "users.permission",
    "pk": 5144,
    "fields": {
        "created_at": "2026-06-14T10:49:09.944Z",
        "updated_at": "2026-06-14T10:49:09.944Z",
        "is_active": true,
        "module": "messaging",
        "action": "delete",
        "role": 2
    }
},
{
    "model": "users.permission",
    "pk": 5145,
    "fields": {
        "created_at": "2026-06-14T10:49:09.945Z",
        "updated_at": "2026-06-14T10:49:09.945Z",
        "is_active": true,
        "module": "messaging",
        "action": "approve",
        "role": 2
    }
},
{
    "model": "users.permission",
    "pk": 5146,
    "fields": {
        "created_at": "2026-06-14T10:49:09.948Z",
        "updated_at": "2026-06-14T10:49:09.948Z",
        "is_active": true,
        "module": "messaging",
        "action": "query",
        "role": 2
    }
},
{
    "model": "users.permission",
    "pk": 5147,
    "fields": {
        "created_at": "2026-06-14T10:49:09.950Z",
        "updated_at": "2026-06-14T10:49:09.950Z",
        "is_active": true,
        "module": "email",
        "action": "create",
        "role": 2
    }
},
{
    "model": "users.permission",
    "pk": 5148,
    "fields": {
        "created_at": "2026-06-14T10:49:09.952Z",
        "updated_at": "2026-06-14T10:49:09.952Z",
        "is_active": true,
        "module": "email",
        "action": "read",
        "role": 2
    }
},
{
    "model": "users.permission",
    "pk": 5149,
    "fields": {
        "created_at": "2026-06-14T10:49:09.954Z",
        "updated_at": "2026-06-14T10:49:09.954Z",
        "is_active": true,
        "module": "email",
        "action": "update",
        "role": 2
    }
},
{
    "model": "users.permission",
    "pk": 5150,
    "fields": {
        "created_at": "2026-06-14T10:49:09.956Z",
        "updated_at": "2026-06-14T10:49:09.956Z",
        "is_active": true,
        "module": "email",
        "action": "delete",
        "role": 2
    }
},
{
    "model": "users.permission",
    "pk": 5151,
    "fields": {
        "created_at": "2026-06-14T10:49:09.958Z",
        "updated_at": "2026-06-14T10:49:09.958Z",
        "is_active": true,
        "module": "email",
        "action": "approve",
        "role": 2
    }
},
{
    "model": "users.permission",
    "pk": 5152,
    "fields": {
        "created_at": "2026-06-14T10:49:09.959Z",
        "updated_at": "2026-06-14T10:49:09.959Z",
        "is_active": true,
        "module": "email",
        "action": "query",
        "role": 2
    }
},
{
    "model": "users.permission",
    "pk": 5153,
    "fields": {
        "created_at": "2026-06-14T10:49:09.961Z",
        "updated_at": "2026-06-14T10:49:09.961Z",
        "is_active": true,
        "module": "users",
        "action": "create",
        "role": 2
    }
},
{
    "model": "users.permission",
    "pk": 5154,
    "fields": {
        "created_at": "2026-06-14T10:49:09.963Z",
        "updated_at": "2026-06-14T10:49:09.963Z",
        "is_active": true,
        "module": "users",
        "action": "read",
        "role": 2
    }
},
{
    "model": "users.permission",
    "pk": 5155,
    "fields": {
        "created_at": "2026-06-14T10:49:09.966Z",
        "updated_at": "2026-06-14T10:49:09.966Z",
        "is_active": true,
        "module": "users",
        "action": "update",
        "role": 2
    }
},
{
    "model": "users.permission",
    "pk": 5156,
    "fields": {
        "created_at": "2026-06-14T10:49:09.967Z",
        "updated_at": "2026-06-14T10:49:09.967Z",
        "is_active": true,
        "module": "users",
        "action": "delete",
        "role": 2
    }
},
{
    "model": "users.permission",
    "pk": 5157,
    "fields": {
        "created_at": "2026-06-14T10:49:09.970Z",
        "updated_at": "2026-06-14T10:49:09.970Z",
        "is_active": true,
        "module": "users",
        "action": "approve",
        "role": 2
    }
},
{
    "model": "users.permission",
    "pk": 5158,
    "fields": {
        "created_at": "2026-06-14T10:49:09.972Z",
        "updated_at": "2026-06-14T10:49:09.972Z",
        "is_active": true,
        "module": "users",
        "action": "query",
        "role": 2
    }
},
{
    "model": "users.permission",
    "pk": 5159,
    "fields": {
        "created_at": "2026-06-14T10:49:09.973Z",
        "updated_at": "2026-06-14T10:49:09.973Z",
        "is_active": true,
        "module": "settings",
        "action": "create",
        "role": 2
    }
},
{
    "model": "users.permission",
    "pk": 5160,
    "fields": {
        "created_at": "2026-06-14T10:49:09.976Z",
        "updated_at": "2026-06-14T10:49:09.976Z",
        "is_active": true,
        "module": "settings",
        "action": "read",
        "role": 2
    }
},
{
    "model": "users.permission",
    "pk": 5161,
    "fields": {
        "created_at": "2026-06-14T10:49:09.977Z",
        "updated_at": "2026-06-14T10:49:09.977Z",
        "is_active": true,
        "module": "settings",
        "action": "update",
        "role": 2
    }
},
{
    "model": "users.permission",
    "pk": 5162,
    "fields": {
        "created_at": "2026-06-14T10:49:09.979Z",
        "updated_at": "2026-06-14T10:49:09.979Z",
        "is_active": true,
        "module": "settings",
        "action": "delete",
        "role": 2
    }
},
{
    "model": "users.permission",
    "pk": 5163,
    "fields": {
        "created_at": "2026-06-14T10:49:09.981Z",
        "updated_at": "2026-06-14T10:49:09.981Z",
        "is_active": true,
        "module": "settings",
        "action": "approve",
        "role": 2
    }
},
{
    "model": "users.permission",
    "pk": 5164,
    "fields": {
        "created_at": "2026-06-14T10:49:09.983Z",
        "updated_at": "2026-06-14T10:49:09.983Z",
        "is_active": true,
        "module": "settings",
        "action": "query",
        "role": 2
    }
},
{
    "model": "users.approvalthreshold",
    "pk": 1,
    "fields": {
        "created_at": "2026-06-13T19:44:28.181Z",
        "updated_at": "2026-06-14T10:49:06.173Z",
        "is_active": true,
        "department": 2,
        "module": "inventory",
        "min_amount": "0.00",
        "max_amount": "500000.00",
        "approver_role": 22
    }
},
{
    "model": "users.approvalthreshold",
    "pk": 2,
    "fields": {
        "created_at": "2026-06-13T19:44:28.229Z",
        "updated_at": "2026-06-14T10:49:06.180Z",
        "is_active": true,
        "department": 2,
        "module": "inventory",
        "min_amount": "500000.01",
        "max_amount": null,
        "approver_role": 5
    }
},
{
    "model": "users.user",
    "pk": 1,
    "fields": {
        "password": "pbkdf2_sha256$1200000$KPRpfE8WSFaFLnYCK5Qzas$Ws0coIVYymHqVY7eXtHUpqq/SyL62tyTPWM+h0w3xKY=",
        "last_login": "2026-06-13T20:09:00.297Z",
        "is_superuser": true,
        "created_at": "2026-06-09T20:39:08.683Z",
        "updated_at": "2026-06-14T10:49:07.097Z",
        "is_active": true,
        "first_name": "System",
        "last_name": "Administrator",
        "email": "admin@rocksolutions.co.tz",
        "phone": "",
        "profile_photo": "",
        "department": null,
        "role": 1,
        "is_multi_department": false,
        "is_staff": true,
        "language": "en",
        "theme": "light",
        "groups": [],
        "user_permissions": []
    }
},
{
    "model": "users.user",
    "pk": 2,
    "fields": {
        "password": "pbkdf2_sha256$1200000$ZdRIZE4qvylsdsZgV3nd5B$KHsnMg6IkflTymDDzBkZ+sV2F++kDFqeggHyQcPaoyY=",
        "last_login": null,
        "is_superuser": false,
        "created_at": "2026-06-10T04:42:35.634Z",
        "updated_at": "2026-06-12T13:51:30.851Z",
        "is_active": true,
        "first_name": "innocent",
        "last_name": "philbert",
        "email": "innocent@rsl.ac.tz",
        "phone": "",
        "profile_photo": "",
        "department": 2,
        "role": 5,
        "is_multi_department": false,
        "is_staff": true,
        "language": "en",
        "theme": "dark",
        "groups": [],
        "user_permissions": [
            441,
            442,
            443,
            444,
            445,
            446,
            447,
            448,
            453,
            454,
            455,
            456,
            449,
            450,
            451,
            452,
            73,
            74,
            75,
            76,
            69,
            70,
            71,
            72,
            61,
            62,
            63,
            64,
            65,
            66,
            67,
            68,
            77,
            78,
            79,
            80,
            57,
            58,
            59,
            60,
            429,
            430,
            431,
            432,
            81,
            82,
            83,
            84,
            457,
            458,
            459,
            460,
            461,
            462,
            463,
            464,
            433,
            434,
            435,
            436,
            437,
            438,
            439,
            440,
            85,
            86,
            87,
            88,
            137,
            138,
            139,
            140,
            105,
            106,
            107,
            108,
            113,
            114,
            115,
            116,
            93,
            94,
            95,
            96,
            141,
            142,
            143,
            144,
            133,
            134,
            135,
            136,
            121,
            122,
            123,
            124,
            117,
            118,
            119,
            120,
            129,
            130,
            131,
            132,
            97,
            98,
            99,
            100,
            109,
            110,
            111,
            112,
            125,
            126,
            127,
            128,
            101,
            102,
            103,
            104,
            177,
            178,
            179,
            180,
            89,
            90,
            91,
            92,
            173,
            174,
            175,
            176,
            153,
            154,
            155,
            156,
            169,
            170,
            171,
            172,
            149,
            150,
            151,
            152,
            165,
            166,
            167,
            168,
            465,
            466,
            467,
            468,
            477,
            478,
            479,
            480,
            161,
            162,
            163,
            164,
            469,
            470,
            471,
            472,
            473,
            474,
            475,
            476,
            145,
            146,
            147,
            148,
            157,
            158,
            159,
            160
        ]
    }
},
{
    "model": "users.user",
    "pk": 3,
    "fields": {
        "password": "pbkdf2_sha256$1200000$iQSzmYyjZASkgFTYA3MKkH$b1JvDOfs9XI60U/nZZUxUhT6NXUPH/FkABWZiuaBru4=",
        "last_login": null,
        "is_superuser": false,
        "created_at": "2026-06-10T12:23:46.085Z",
        "updated_at": "2026-06-11T14:56:01.349Z",
        "is_active": true,
        "first_name": "James",
        "last_name": "Mollel",
        "email": "driver@rocksolutions.co.tz",
        "phone": "+255 754 000 111",
        "profile_photo": "",
        "department": 4,
        "role": 18,
        "is_multi_department": false,
        "is_staff": false,
        "language": "en",
        "theme": "dark",
        "groups": [],
        "user_permissions": []
    }
},
{
    "model": "users.user",
    "pk": 4,
    "fields": {
        "password": "pbkdf2_sha256$1200000$kTgtHjjzddxWAkWV3mEDvc$V9HlB6Om+dSqaj7+YQJ5l5QGu8LtKOgKfn8Wq1h8G+4=",
        "last_login": null,
        "is_superuser": false,
        "created_at": "2026-06-10T14:58:00.817Z",
        "updated_at": "2026-06-14T08:24:14.257Z",
        "is_active": true,
        "first_name": "Joseph",
        "last_name": "Macha",
        "email": "operator@rocksolutions.co.tz",
        "phone": "+255 754 000 222",
        "profile_photo": "",
        "department": 5,
        "role": 13,
        "is_multi_department": false,
        "is_staff": false,
        "language": "en",
        "theme": "dark",
        "groups": [],
        "user_permissions": []
    }
},
{
    "model": "users.user",
    "pk": 5,
    "fields": {
        "password": "pbkdf2_sha256$1200000$yPgZYZTM1AA8zGJMxYVOl7$Gr0as1tOfi224GsZ4uCYwWNEALaVc9UylQdxUzHUmg0=",
        "last_login": null,
        "is_superuser": false,
        "created_at": "2026-06-12T14:03:11.570Z",
        "updated_at": "2026-06-12T15:02:35.495Z",
        "is_active": true,
        "first_name": "naomi",
        "last_name": "naomi",
        "email": "naomi@rsl.co.tz",
        "phone": "",
        "profile_photo": "",
        "department": 3,
        "role": 8,
        "is_multi_department": false,
        "is_staff": true,
        "language": "en",
        "theme": "dark",
        "groups": [],
        "user_permissions": []
    }
},
{
    "model": "users.user",
    "pk": 6,
    "fields": {
        "password": "pbkdf2_sha256$1200000$0cDLj0bv9hMc1O7BXTvhTk$6FWVr2C4kINiZdFcwH3S4JF3YXSIFE0lt5N19j5rF3g=",
        "last_login": null,
        "is_superuser": false,
        "created_at": "2026-06-12T15:05:02.399Z",
        "updated_at": "2026-06-13T13:28:52.766Z",
        "is_active": true,
        "first_name": "Naomi",
        "last_name": "Mollel",
        "email": "naomilogistic@rsl.co.tz",
        "phone": "",
        "profile_photo": "",
        "department": 2,
        "role": 5,
        "is_multi_department": true,
        "is_staff": true,
        "language": "en",
        "theme": "light",
        "groups": [],
        "user_permissions": []
    }
},
{
    "model": "users.user",
    "pk": 7,
    "fields": {
        "password": "pbkdf2_sha256$1200000$FQWkY8HTSxpAuySxM8yrpN$dMsZXdgJR5GwrbA82Nm5qQ3eSHE5E8VWgbW3i1QR2wQ=",
        "last_login": null,
        "is_superuser": false,
        "created_at": "2026-06-13T08:37:58.054Z",
        "updated_at": "2026-06-13T08:39:21.598Z",
        "is_active": true,
        "first_name": "innocent",
        "last_name": "philbert",
        "email": "hr@rocksolutions.co.tz",
        "phone": "",
        "profile_photo": "",
        "department": 6,
        "role": 14,
        "is_multi_department": false,
        "is_staff": true,
        "language": "en",
        "theme": "dark",
        "groups": [],
        "user_permissions": []
    }
},
{
    "model": "users.user",
    "pk": 8,
    "fields": {
        "password": "!L6VmNtqw8WfeAHJ4zojhJmCKPqRC1ag4EcelSa0W",
        "last_login": null,
        "is_superuser": false,
        "created_at": "2026-06-13T12:18:10.581Z",
        "updated_at": "2026-06-13T12:18:10.700Z",
        "is_active": true,
        "first_name": "Meshack",
        "last_name": "Philibert",
        "email": "meshack@rocksolutions.co.tz",
        "phone": "07415263",
        "profile_photo": "",
        "department": 4,
        "role": 18,
        "is_multi_department": false,
        "is_staff": false,
        "language": "en",
        "theme": "dark",
        "groups": [],
        "user_permissions": []
    }
},
{
    "model": "users.user",
    "pk": 9,
    "fields": {
        "password": "!s0rAFRD6icXXn7DVYN3p1osiooE081iGBZAYvW77",
        "last_login": null,
        "is_superuser": false,
        "created_at": "2026-06-13T12:20:06.540Z",
        "updated_at": "2026-06-13T12:20:06.575Z",
        "is_active": true,
        "first_name": "onesimo",
        "last_name": "one",
        "email": "onesimo@rocksolutions.co.tz",
        "phone": "04785969213",
        "profile_photo": "",
        "department": 4,
        "role": 18,
        "is_multi_department": false,
        "is_staff": false,
        "language": "en",
        "theme": "dark",
        "groups": [],
        "user_permissions": []
    }
},
{
    "model": "users.user",
    "pk": 10,
    "fields": {
        "password": "pbkdf2_sha256$1200000$onCNgM4Lg6lnejgDH4b1nI$m+FFAmOZS+lxTGiggaEOBOzBZjikrE3lmlMNgLS4ip4=",
        "last_login": null,
        "is_superuser": false,
        "created_at": "2026-06-13T12:27:26.436Z",
        "updated_at": "2026-06-13T12:27:26.436Z",
        "is_active": true,
        "first_name": "Joseph",
        "last_name": "Joseph",
        "email": "finance@rsl.co.tz",
        "phone": "",
        "profile_photo": "",
        "department": 1,
        "role": 4,
        "is_multi_department": false,
        "is_staff": true,
        "language": "en",
        "theme": "dark",
        "groups": [],
        "user_permissions": []
    }
},
{
    "model": "users.user",
    "pk": 11,
    "fields": {
        "password": "pbkdf2_sha256$1200000$CbAZEVL7lggGvrxuKC1cJ8$NzQ7h2FoCK7Zb7FFdCum/kIsMRyxaJdm24vquLdUQBo=",
        "last_login": null,
        "is_superuser": false,
        "created_at": "2026-06-13T15:19:45.508Z",
        "updated_at": "2026-06-14T10:49:08.917Z",
        "is_active": true,
        "first_name": "Grace",
        "last_name": "Mwangi",
        "email": "storekeeper@rocksolutions.co.tz",
        "phone": "+255 754 000 222",
        "profile_photo": "",
        "department": 2,
        "role": 7,
        "is_multi_department": false,
        "is_staff": false,
        "language": "en",
        "theme": "dark",
        "groups": [],
        "user_permissions": []
    }
},
{
    "model": "users.user",
    "pk": 12,
    "fields": {
        "password": "pbkdf2_sha256$1200000$QUkJir7btLMEnFjWqKF26Q$aMTjPo5GESHtLBRttINWCavbFvf3Z8tBzadtVU78FI0=",
        "last_login": null,
        "is_superuser": false,
        "created_at": "2026-06-13T15:44:23.562Z",
        "updated_at": "2026-06-13T15:44:26.695Z",
        "is_active": true,
        "first_name": "innocent",
        "last_name": "Paschalio",
        "email": "safety@rsl.co.tz",
        "phone": "",
        "profile_photo": "",
        "department": 7,
        "role": 15,
        "is_multi_department": false,
        "is_staff": true,
        "language": "en",
        "theme": "dark",
        "groups": [],
        "user_permissions": []
    }
},
{
    "model": "users.user",
    "pk": 13,
    "fields": {
        "password": "pbkdf2_sha256$1200000$bBOEboDfVERVADGuKcQaTN$TVJSNub+0Ve2uCQrTHDdUl43gaJRrU5F8Yuzdf9FfH4=",
        "last_login": null,
        "is_superuser": false,
        "created_at": "2026-06-14T08:34:43.653Z",
        "updated_at": "2026-06-14T08:34:43.653Z",
        "is_active": true,
        "first_name": "Production",
        "last_name": "Manager",
        "email": "production@rsl.co.tz",
        "phone": "",
        "profile_photo": "",
        "department": 5,
        "role": 12,
        "is_multi_department": false,
        "is_staff": true,
        "language": "en",
        "theme": "dark",
        "groups": [],
        "user_permissions": []
    }
},
{
    "model": "users.user",
    "pk": 14,
    "fields": {
        "password": "pbkdf2_sha256$1200000$7X3wPYd8uwm19clWSlhyhk$rpYdUIhsqy4zDdK+8d0QmnGihku3Wo7Zq5dz1uTNHWY=",
        "last_login": null,
        "is_superuser": false,
        "created_at": "2026-06-14T10:48:59.368Z",
        "updated_at": "2026-06-14T10:48:59.368Z",
        "is_active": true,
        "first_name": "Robert",
        "last_name": "Mkumbo",
        "email": "gm@rocksolutions.co.tz",
        "phone": "+255 754 000 100",
        "profile_photo": "",
        "department": null,
        "role": 2,
        "is_multi_department": false,
        "is_staff": false,
        "language": "en",
        "theme": "light",
        "groups": [],
        "user_permissions": []
    }
},
{
    "model": "users.userdepartment",
    "pk": 1,
    "fields": {
        "created_at": "2026-06-13T13:28:31.623Z",
        "updated_at": "2026-06-13T13:28:31.623Z",
        "is_active": true,
        "user": 10,
        "department": 1,
        "role": 4,
        "is_primary": true
    }
},
{
    "model": "users.userdepartment",
    "pk": 2,
    "fields": {
        "created_at": "2026-06-13T13:28:31.656Z",
        "updated_at": "2026-06-13T13:46:04.744Z",
        "is_active": true,
        "user": 6,
        "department": 4,
        "role": 10,
        "is_primary": true
    }
},
{
    "model": "users.userdepartment",
    "pk": 3,
    "fields": {
        "created_at": "2026-06-13T13:28:31.661Z",
        "updated_at": "2026-06-13T13:28:31.661Z",
        "is_active": true,
        "user": 4,
        "department": 5,
        "role": 13,
        "is_primary": true
    }
},
{
    "model": "users.userdepartment",
    "pk": 4,
    "fields": {
        "created_at": "2026-06-13T13:28:31.667Z",
        "updated_at": "2026-06-13T13:28:31.667Z",
        "is_active": true,
        "user": 3,
        "department": 4,
        "role": 18,
        "is_primary": true
    }
},
{
    "model": "users.userdepartment",
    "pk": 5,
    "fields": {
        "created_at": "2026-06-13T13:28:31.674Z",
        "updated_at": "2026-06-13T13:28:31.674Z",
        "is_active": true,
        "user": 5,
        "department": 3,
        "role": 8,
        "is_primary": true
    }
},
{
    "model": "users.userdepartment",
    "pk": 6,
    "fields": {
        "created_at": "2026-06-13T13:28:31.680Z",
        "updated_at": "2026-06-13T13:28:31.680Z",
        "is_active": true,
        "user": 9,
        "department": 4,
        "role": 18,
        "is_primary": true
    }
},
{
    "model": "users.userdepartment",
    "pk": 7,
    "fields": {
        "created_at": "2026-06-13T13:28:31.685Z",
        "updated_at": "2026-06-13T13:28:31.685Z",
        "is_active": true,
        "user": 2,
        "department": 2,
        "role": 5,
        "is_primary": true
    }
},
{
    "model": "users.userdepartment",
    "pk": 8,
    "fields": {
        "created_at": "2026-06-13T13:28:31.692Z",
        "updated_at": "2026-06-13T13:28:31.692Z",
        "is_active": true,
        "user": 7,
        "department": 6,
        "role": 14,
        "is_primary": true
    }
},
{
    "model": "users.userdepartment",
    "pk": 9,
    "fields": {
        "created_at": "2026-06-13T13:28:31.698Z",
        "updated_at": "2026-06-13T13:28:31.698Z",
        "is_active": true,
        "user": 8,
        "department": 4,
        "role": 18,
        "is_primary": true
    }
},
{
    "model": "users.userdepartment",
    "pk": 10,
    "fields": {
        "created_at": "2026-06-13T13:28:52.611Z",
        "updated_at": "2026-06-13T13:28:52.611Z",
        "is_active": true,
        "user": 6,
        "department": 2,
        "role": 5,
        "is_primary": true
    }
},
{
    "model": "users.userdepartment",
    "pk": 11,
    "fields": {
        "created_at": "2026-06-13T13:28:52.621Z",
        "updated_at": "2026-06-13T13:46:15.359Z",
        "is_active": true,
        "user": 6,
        "department": 3,
        "role": 8,
        "is_primary": true
    }
},
{
    "model": "users.userdepartment",
    "pk": 12,
    "fields": {
        "created_at": "2026-06-13T15:19:45.570Z",
        "updated_at": "2026-06-14T10:49:08.915Z",
        "is_active": true,
        "user": 11,
        "department": 2,
        "role": 7,
        "is_primary": true
    }
},
{
    "model": "inventory.itemcategory",
    "pk": 1,
    "fields": {
        "created_at": "2026-06-10T05:27:44.651Z",
        "updated_at": "2026-06-10T05:27:44.651Z",
        "is_active": true,
        "code": "WIRE",
        "name": "Wire",
        "description": "wire",
        "parent": null
    }
},
{
    "model": "inventory.itemcategory",
    "pk": 2,
    "fields": {
        "created_at": "2026-06-10T09:07:52.040Z",
        "updated_at": "2026-06-10T09:07:52.040Z",
        "is_active": true,
        "code": "RAW-MATERI",
        "name": "Raw Materials",
        "description": "Production raw materials",
        "parent": null
    }
},
{
    "model": "inventory.itemcategory",
    "pk": 3,
    "fields": {
        "created_at": "2026-06-10T14:58:00.849Z",
        "updated_at": "2026-06-10T14:58:00.849Z",
        "is_active": true,
        "code": "WIRE-MESH-",
        "name": "Wire Mesh Products",
        "description": "Manufactured wire mesh",
        "parent": null
    }
},
{
    "model": "inventory.itemcategory",
    "pk": 4,
    "fields": {
        "created_at": "2026-06-12T06:55:00.393Z",
        "updated_at": "2026-06-12T06:55:00.393Z",
        "is_active": true,
        "code": "RM",
        "name": "RAW MATERIALS INVENTORY",
        "description": "Raw materials for manufacturing and operations",
        "parent": null
    }
},
{
    "model": "inventory.itemcategory",
    "pk": 5,
    "fields": {
        "created_at": "2026-06-12T06:55:00.402Z",
        "updated_at": "2026-06-12T06:55:00.402Z",
        "is_active": true,
        "code": "WIP",
        "name": "WORK IN PROGRESS",
        "description": "Semi-finished production inventory",
        "parent": null
    }
},
{
    "model": "inventory.itemcategory",
    "pk": 6,
    "fields": {
        "created_at": "2026-06-12T06:55:00.407Z",
        "updated_at": "2026-06-12T06:55:00.407Z",
        "is_active": true,
        "code": "FG",
        "name": "FINISHED GOODS INVENTORY",
        "description": "Finished wire mesh and support products",
        "parent": null
    }
},
{
    "model": "inventory.itemcategory",
    "pk": 7,
    "fields": {
        "created_at": "2026-06-12T06:55:00.412Z",
        "updated_at": "2026-06-12T06:55:00.412Z",
        "is_active": true,
        "code": "RDT",
        "name": "ROCK DRILLING TOOLS",
        "description": "Drilling tools and consumables",
        "parent": null
    }
},
{
    "model": "inventory.itemcategory",
    "pk": 8,
    "fields": {
        "created_at": "2026-06-12T06:55:00.417Z",
        "updated_at": "2026-06-12T06:55:00.417Z",
        "is_active": true,
        "code": "USM",
        "name": "UNDERGROUND SUPPORT MATERIALS",
        "description": "Ground support and rock reinforcement",
        "parent": null
    }
},
{
    "model": "inventory.itemcategory",
    "pk": 9,
    "fields": {
        "created_at": "2026-06-12T06:55:00.422Z",
        "updated_at": "2026-06-12T06:55:00.422Z",
        "is_active": true,
        "code": "GEO",
        "name": "GEOLOGICAL CONSUMABLES",
        "description": "Geological sampling and survey consumables",
        "parent": null
    }
},
{
    "model": "inventory.itemcategory",
    "pk": 10,
    "fields": {
        "created_at": "2026-06-12T06:55:00.427Z",
        "updated_at": "2026-06-12T06:55:00.427Z",
        "is_active": true,
        "code": "UVE",
        "name": "UNDERGROUND VENTILATION EQUIPMENT",
        "description": "Mine ventilation fans and ducting",
        "parent": null
    }
},
{
    "model": "inventory.itemcategory",
    "pk": 11,
    "fields": {
        "created_at": "2026-06-12T06:55:00.432Z",
        "updated_at": "2026-06-12T06:55:00.432Z",
        "is_active": true,
        "code": "ELE",
        "name": "ELECTRICAL CONSUMABLES",
        "description": "Electrical cables, breakers, and lighting",
        "parent": null
    }
},
{
    "model": "inventory.itemcategory",
    "pk": 12,
    "fields": {
        "created_at": "2026-06-12T06:55:00.437Z",
        "updated_at": "2026-06-12T06:55:00.437Z",
        "is_active": true,
        "code": "PPE",
        "name": "SAFETY EQUIPMENT (PPE)",
        "description": "Personal protective equipment",
        "parent": null
    }
},
{
    "model": "inventory.itemcategory",
    "pk": 13,
    "fields": {
        "created_at": "2026-06-12T06:55:00.441Z",
        "updated_at": "2026-06-12T06:55:00.441Z",
        "is_active": true,
        "code": "LOG",
        "name": "TRANSPORT & LOGISTICS ITEMS",
        "description": "Cargo handling and transport consumables",
        "parent": null
    }
},
{
    "model": "inventory.itemcategory",
    "pk": 14,
    "fields": {
        "created_at": "2026-06-12T06:55:00.447Z",
        "updated_at": "2026-06-12T06:55:00.447Z",
        "is_active": true,
        "code": "MSP",
        "name": "MAINTENANCE SPARE PARTS",
        "description": "Plant and equipment spare parts",
        "parent": null
    }
},
{
    "model": "inventory.itemcategory",
    "pk": 15,
    "fields": {
        "created_at": "2026-06-12T06:55:00.452Z",
        "updated_at": "2026-06-12T06:55:00.452Z",
        "is_active": true,
        "code": "TLE",
        "name": "TOOLS & EQUIPMENT",
        "description": "Industrial tools and equipment assets",
        "parent": null
    }
},
{
    "model": "inventory.itemcategory",
    "pk": 16,
    "fields": {
        "created_at": "2026-06-12T06:55:00.456Z",
        "updated_at": "2026-06-12T06:55:00.456Z",
        "is_active": true,
        "code": "OIT",
        "name": "OFFICE & IT INVENTORY",
        "description": "Office furniture and IT assets",
        "parent": null
    }
},
{
    "model": "inventory.itemcategory",
    "pk": 17,
    "fields": {
        "created_at": "2026-06-12T06:55:00.460Z",
        "updated_at": "2026-06-12T06:55:00.460Z",
        "is_active": true,
        "code": "NSS",
        "name": "NON-STOCK SERVICES",
        "description": "Non-inventory services (no stock impact)",
        "parent": null
    }
},
{
    "model": "inventory.item",
    "pk": 1,
    "fields": {
        "created_at": "2026-06-10T09:07:52.069Z",
        "updated_at": "2026-06-11T05:19:17.385Z",
        "is_active": true,
        "code": "RM-STEEL-01",
        "name": "Raw Steel Wire 6mm",
        "subcategory": "",
        "description": "",
        "category": 2,
        "item_type": "RAW_MATERIAL",
        "item_usage": "BOTH",
        "unit_of_measure": "KG",
        "has_serial_number": false,
        "has_batch_tracking": false,
        "has_expiry_date": false,
        "reorder_level": "10.0000",
        "minimum_stock": "0.0000",
        "maximum_stock": "0.0000",
        "safety_stock": "0.0000",
        "lead_time_days": 0,
        "preferred_supplier": null,
        "currency": 1,
        "unit_cost": "4500.00",
        "selling_price": "5400.00"
    }
},
{
    "model": "inventory.item",
    "pk": 2,
    "fields": {
        "created_at": "2026-06-10T09:07:52.088Z",
        "updated_at": "2026-06-11T05:19:17.395Z",
        "is_active": true,
        "code": "RM-MESH-01",
        "name": "Galvanized Wire Mesh Roll",
        "subcategory": "",
        "description": "",
        "category": 2,
        "item_type": "RAW_MATERIAL",
        "item_usage": "BOTH",
        "unit_of_measure": "ROLL",
        "has_serial_number": false,
        "has_batch_tracking": false,
        "has_expiry_date": false,
        "reorder_level": "10.0000",
        "minimum_stock": "0.0000",
        "maximum_stock": "0.0000",
        "safety_stock": "0.0000",
        "lead_time_days": 0,
        "preferred_supplier": null,
        "currency": 1,
        "unit_cost": "185000.00",
        "selling_price": "222000.00"
    }
},
{
    "model": "inventory.item",
    "pk": 3,
    "fields": {
        "created_at": "2026-06-10T09:07:52.096Z",
        "updated_at": "2026-06-11T05:19:17.401Z",
        "is_active": true,
        "code": "TL-DRILL-01",
        "name": "Rock Drill Bit 38mm",
        "subcategory": "",
        "description": "",
        "category": 2,
        "item_type": "TRADED",
        "item_usage": "BOTH",
        "unit_of_measure": "PCS",
        "has_serial_number": false,
        "has_batch_tracking": false,
        "has_expiry_date": false,
        "reorder_level": "10.0000",
        "minimum_stock": "0.0000",
        "maximum_stock": "0.0000",
        "safety_stock": "0.0000",
        "lead_time_days": 0,
        "preferred_supplier": null,
        "currency": 1,
        "unit_cost": "320000.00",
        "selling_price": "384000.00"
    }
},
{
    "model": "inventory.item",
    "pk": 4,
    "fields": {
        "created_at": "2026-06-10T09:07:52.104Z",
        "updated_at": "2026-06-11T05:19:17.406Z",
        "is_active": true,
        "code": "TL-BEAR-01",
        "name": "Industrial Bearing 6205",
        "subcategory": "",
        "description": "",
        "category": 2,
        "item_type": "TRADED",
        "item_usage": "BOTH",
        "unit_of_measure": "PCS",
        "has_serial_number": false,
        "has_batch_tracking": false,
        "has_expiry_date": false,
        "reorder_level": "10.0000",
        "minimum_stock": "0.0000",
        "maximum_stock": "0.0000",
        "safety_stock": "0.0000",
        "lead_time_days": 0,
        "preferred_supplier": null,
        "currency": 1,
        "unit_cost": "45000.00",
        "selling_price": "54000.00"
    }
},
{
    "model": "inventory.item",
    "pk": 5,
    "fields": {
        "created_at": "2026-06-10T09:07:52.112Z",
        "updated_at": "2026-06-11T05:19:17.413Z",
        "is_active": true,
        "code": "MF-WIRE-01",
        "name": "Welding Electrode 3.2mm",
        "subcategory": "",
        "description": "",
        "category": 2,
        "item_type": "RAW_MATERIAL",
        "item_usage": "BOTH",
        "unit_of_measure": "BOX",
        "has_serial_number": false,
        "has_batch_tracking": false,
        "has_expiry_date": false,
        "reorder_level": "10.0000",
        "minimum_stock": "0.0000",
        "maximum_stock": "0.0000",
        "safety_stock": "0.0000",
        "lead_time_days": 0,
        "preferred_supplier": null,
        "currency": 1,
        "unit_cost": "28000.00",
        "selling_price": "33600.00"
    }
},
{
    "model": "inventory.item",
    "pk": 6,
    "fields": {
        "created_at": "2026-06-10T14:58:00.885Z",
        "updated_at": "2026-06-10T14:58:00.885Z",
        "is_active": true,
        "code": "MF-WIRE-MESH-01",
        "name": "Wire Mesh Safety Net — Underground",
        "subcategory": "",
        "description": "Rock Solutions underground safety wire mesh",
        "category": 3,
        "item_type": "MANUFACTURED",
        "item_usage": "BOTH",
        "unit_of_measure": "ROLL",
        "has_serial_number": false,
        "has_batch_tracking": false,
        "has_expiry_date": false,
        "reorder_level": "0.0000",
        "minimum_stock": "0.0000",
        "maximum_stock": "0.0000",
        "safety_stock": "0.0000",
        "lead_time_days": 0,
        "preferred_supplier": null,
        "currency": 1,
        "unit_cost": "0.00",
        "selling_price": "850000.00"
    }
},
{
    "model": "inventory.item",
    "pk": 7,
    "fields": {
        "created_at": "2026-06-10T15:21:44.497Z",
        "updated_at": "2026-06-10T15:21:44.497Z",
        "is_active": true,
        "code": "ITM-OFNU",
        "name": "Wire Mesh",
        "subcategory": "",
        "description": "Product",
        "category": 3,
        "item_type": "MANUFACTURED",
        "item_usage": "BOTH",
        "unit_of_measure": "pieces",
        "has_serial_number": true,
        "has_batch_tracking": false,
        "has_expiry_date": false,
        "reorder_level": "0.0000",
        "minimum_stock": "0.0000",
        "maximum_stock": "0.0000",
        "safety_stock": "0.0000",
        "lead_time_days": 0,
        "preferred_supplier": null,
        "currency": 1,
        "unit_cost": "1.00",
        "selling_price": "50000.00"
    }
},
{
    "model": "inventory.item",
    "pk": 8,
    "fields": {
        "created_at": "2026-06-11T05:19:17.419Z",
        "updated_at": "2026-06-11T05:19:17.419Z",
        "is_active": true,
        "code": "MF-MESH-BLANK",
        "name": "Wire Mesh Roll (Unconfigured)",
        "subcategory": "",
        "description": "",
        "category": 2,
        "item_type": "MANUFACTURED",
        "item_usage": "BOTH",
        "unit_of_measure": "ROLL",
        "has_serial_number": false,
        "has_batch_tracking": false,
        "has_expiry_date": false,
        "reorder_level": "10.0000",
        "minimum_stock": "0.0000",
        "maximum_stock": "0.0000",
        "safety_stock": "0.0000",
        "lead_time_days": 0,
        "preferred_supplier": null,
        "currency": 1,
        "unit_cost": "0.00",
        "selling_price": "0.00"
    }
},
{
    "model": "inventory.item",
    "pk": 9,
    "fields": {
        "created_at": "2026-06-12T06:55:00.484Z",
        "updated_at": "2026-06-12T06:55:00.484Z",
        "is_active": true,
        "code": "RM-001",
        "name": "High Tensile Steel Wire Coils",
        "subcategory": "",
        "description": "",
        "category": 4,
        "item_type": "RAW_MATERIAL",
        "item_usage": "BOTH",
        "unit_of_measure": "coils",
        "has_serial_number": false,
        "has_batch_tracking": false,
        "has_expiry_date": false,
        "reorder_level": "10.0000",
        "minimum_stock": "5.0000",
        "maximum_stock": "100.0000",
        "safety_stock": "5.0000",
        "lead_time_days": 0,
        "preferred_supplier": null,
        "currency": 1,
        "unit_cost": "0.00",
        "selling_price": "0.00"
    }
},
{
    "model": "inventory.item",
    "pk": 10,
    "fields": {
        "created_at": "2026-06-12T06:55:00.510Z",
        "updated_at": "2026-06-12T06:55:00.510Z",
        "is_active": true,
        "code": "RM-002",
        "name": "Galvanized Steel Wire",
        "subcategory": "",
        "description": "",
        "category": 4,
        "item_type": "RAW_MATERIAL",
        "item_usage": "BOTH",
        "unit_of_measure": "coils",
        "has_serial_number": false,
        "has_batch_tracking": false,
        "has_expiry_date": false,
        "reorder_level": "10.0000",
        "minimum_stock": "5.0000",
        "maximum_stock": "100.0000",
        "safety_stock": "5.0000",
        "lead_time_days": 0,
        "preferred_supplier": null,
        "currency": 1,
        "unit_cost": "0.00",
        "selling_price": "0.00"
    }
},
{
    "model": "inventory.item",
    "pk": 11,
    "fields": {
        "created_at": "2026-06-12T06:55:00.516Z",
        "updated_at": "2026-06-12T06:55:00.516Z",
        "is_active": true,
        "code": "RM-003",
        "name": "Binding Wire",
        "subcategory": "",
        "description": "",
        "category": 4,
        "item_type": "RAW_MATERIAL",
        "item_usage": "BOTH",
        "unit_of_measure": "kg",
        "has_serial_number": false,
        "has_batch_tracking": false,
        "has_expiry_date": false,
        "reorder_level": "10.0000",
        "minimum_stock": "5.0000",
        "maximum_stock": "100.0000",
        "safety_stock": "5.0000",
        "lead_time_days": 0,
        "preferred_supplier": null,
        "currency": 1,
        "unit_cost": "0.00",
        "selling_price": "0.00"
    }
},
{
    "model": "inventory.item",
    "pk": 12,
    "fields": {
        "created_at": "2026-06-12T06:55:00.521Z",
        "updated_at": "2026-06-12T06:55:00.521Z",
        "is_active": true,
        "code": "RM-004",
        "name": "Steel Rods",
        "subcategory": "",
        "description": "",
        "category": 4,
        "item_type": "RAW_MATERIAL",
        "item_usage": "BOTH",
        "unit_of_measure": "pieces",
        "has_serial_number": false,
        "has_batch_tracking": false,
        "has_expiry_date": false,
        "reorder_level": "10.0000",
        "minimum_stock": "5.0000",
        "maximum_stock": "100.0000",
        "safety_stock": "5.0000",
        "lead_time_days": 0,
        "preferred_supplier": null,
        "currency": 1,
        "unit_cost": "0.00",
        "selling_price": "0.00"
    }
},
{
    "model": "inventory.item",
    "pk": 13,
    "fields": {
        "created_at": "2026-06-12T06:55:00.528Z",
        "updated_at": "2026-06-12T06:55:00.528Z",
        "is_active": true,
        "code": "RM-005",
        "name": "Welding Electrodes",
        "subcategory": "",
        "description": "",
        "category": 4,
        "item_type": "RAW_MATERIAL",
        "item_usage": "BOTH",
        "unit_of_measure": "boxes",
        "has_serial_number": false,
        "has_batch_tracking": false,
        "has_expiry_date": false,
        "reorder_level": "10.0000",
        "minimum_stock": "5.0000",
        "maximum_stock": "100.0000",
        "safety_stock": "5.0000",
        "lead_time_days": 0,
        "preferred_supplier": null,
        "currency": 1,
        "unit_cost": "0.00",
        "selling_price": "0.00"
    }
},
{
    "model": "inventory.item",
    "pk": 14,
    "fields": {
        "created_at": "2026-06-12T06:55:00.533Z",
        "updated_at": "2026-06-12T06:55:00.533Z",
        "is_active": true,
        "code": "RM-006",
        "name": "Welding Gas Cylinders",
        "subcategory": "",
        "description": "",
        "category": 4,
        "item_type": "RAW_MATERIAL",
        "item_usage": "BOTH",
        "unit_of_measure": "cylinders",
        "has_serial_number": false,
        "has_batch_tracking": false,
        "has_expiry_date": false,
        "reorder_level": "10.0000",
        "minimum_stock": "5.0000",
        "maximum_stock": "100.0000",
        "safety_stock": "5.0000",
        "lead_time_days": 0,
        "preferred_supplier": null,
        "currency": 1,
        "unit_cost": "0.00",
        "selling_price": "0.00"
    }
},
{
    "model": "inventory.item",
    "pk": 15,
    "fields": {
        "created_at": "2026-06-12T06:55:00.539Z",
        "updated_at": "2026-06-12T06:55:00.539Z",
        "is_active": true,
        "code": "RM-007",
        "name": "Cutting Discs",
        "subcategory": "",
        "description": "",
        "category": 4,
        "item_type": "RAW_MATERIAL",
        "item_usage": "BOTH",
        "unit_of_measure": "pieces",
        "has_serial_number": false,
        "has_batch_tracking": false,
        "has_expiry_date": false,
        "reorder_level": "10.0000",
        "minimum_stock": "5.0000",
        "maximum_stock": "100.0000",
        "safety_stock": "5.0000",
        "lead_time_days": 0,
        "preferred_supplier": null,
        "currency": 1,
        "unit_cost": "0.00",
        "selling_price": "0.00"
    }
},
{
    "model": "inventory.item",
    "pk": 16,
    "fields": {
        "created_at": "2026-06-12T06:55:00.545Z",
        "updated_at": "2026-06-12T06:55:00.545Z",
        "is_active": true,
        "code": "RM-008",
        "name": "Grinding Discs",
        "subcategory": "",
        "description": "",
        "category": 4,
        "item_type": "RAW_MATERIAL",
        "item_usage": "BOTH",
        "unit_of_measure": "pieces",
        "has_serial_number": false,
        "has_batch_tracking": false,
        "has_expiry_date": false,
        "reorder_level": "10.0000",
        "minimum_stock": "5.0000",
        "maximum_stock": "100.0000",
        "safety_stock": "5.0000",
        "lead_time_days": 0,
        "preferred_supplier": null,
        "currency": 1,
        "unit_cost": "0.00",
        "selling_price": "0.00"
    }
},
{
    "model": "inventory.item",
    "pk": 17,
    "fields": {
        "created_at": "2026-06-12T06:55:00.551Z",
        "updated_at": "2026-06-12T06:55:00.551Z",
        "is_active": true,
        "code": "RM-009",
        "name": "Industrial Lubricants",
        "subcategory": "",
        "description": "",
        "category": 4,
        "item_type": "RAW_MATERIAL",
        "item_usage": "BOTH",
        "unit_of_measure": "liters",
        "has_serial_number": false,
        "has_batch_tracking": false,
        "has_expiry_date": false,
        "reorder_level": "10.0000",
        "minimum_stock": "5.0000",
        "maximum_stock": "100.0000",
        "safety_stock": "5.0000",
        "lead_time_days": 0,
        "preferred_supplier": null,
        "currency": 1,
        "unit_cost": "0.00",
        "selling_price": "0.00"
    }
},
{
    "model": "inventory.item",
    "pk": 18,
    "fields": {
        "created_at": "2026-06-12T06:55:00.557Z",
        "updated_at": "2026-06-12T06:55:00.557Z",
        "is_active": true,
        "code": "RM-010",
        "name": "Industrial Paints & Coatings",
        "subcategory": "",
        "description": "",
        "category": 4,
        "item_type": "RAW_MATERIAL",
        "item_usage": "BOTH",
        "unit_of_measure": "liters",
        "has_serial_number": false,
        "has_batch_tracking": false,
        "has_expiry_date": false,
        "reorder_level": "10.0000",
        "minimum_stock": "5.0000",
        "maximum_stock": "100.0000",
        "safety_stock": "5.0000",
        "lead_time_days": 0,
        "preferred_supplier": null,
        "currency": 1,
        "unit_cost": "0.00",
        "selling_price": "0.00"
    }
},
{
    "model": "inventory.item",
    "pk": 19,
    "fields": {
        "created_at": "2026-06-12T06:55:00.563Z",
        "updated_at": "2026-06-12T06:55:00.563Z",
        "is_active": true,
        "code": "WIP-001",
        "name": "Wire Mesh Under Production",
        "subcategory": "",
        "description": "",
        "category": 5,
        "item_type": "WORK_IN_PROGRESS",
        "item_usage": "BOTH",
        "unit_of_measure": "panels",
        "has_serial_number": false,
        "has_batch_tracking": false,
        "has_expiry_date": false,
        "reorder_level": "10.0000",
        "minimum_stock": "5.0000",
        "maximum_stock": "100.0000",
        "safety_stock": "5.0000",
        "lead_time_days": 0,
        "preferred_supplier": null,
        "currency": 1,
        "unit_cost": "0.00",
        "selling_price": "0.00"
    }
},
{
    "model": "inventory.item",
    "pk": 20,
    "fields": {
        "created_at": "2026-06-12T06:55:00.569Z",
        "updated_at": "2026-06-12T06:55:00.569Z",
        "is_active": true,
        "code": "WIP-002",
        "name": "Semi-Finished Support Panels",
        "subcategory": "",
        "description": "",
        "category": 5,
        "item_type": "WORK_IN_PROGRESS",
        "item_usage": "BOTH",
        "unit_of_measure": "panels",
        "has_serial_number": false,
        "has_batch_tracking": false,
        "has_expiry_date": false,
        "reorder_level": "10.0000",
        "minimum_stock": "5.0000",
        "maximum_stock": "100.0000",
        "safety_stock": "5.0000",
        "lead_time_days": 0,
        "preferred_supplier": null,
        "currency": 1,
        "unit_cost": "0.00",
        "selling_price": "0.00"
    }
},
{
    "model": "inventory.item",
    "pk": 21,
    "fields": {
        "created_at": "2026-06-12T06:55:00.575Z",
        "updated_at": "2026-06-12T06:55:00.575Z",
        "is_active": true,
        "code": "WIP-003",
        "name": "Fabricated Steel Components",
        "subcategory": "",
        "description": "",
        "category": 5,
        "item_type": "WORK_IN_PROGRESS",
        "item_usage": "BOTH",
        "unit_of_measure": "units",
        "has_serial_number": false,
        "has_batch_tracking": false,
        "has_expiry_date": false,
        "reorder_level": "10.0000",
        "minimum_stock": "5.0000",
        "maximum_stock": "100.0000",
        "safety_stock": "5.0000",
        "lead_time_days": 0,
        "preferred_supplier": null,
        "currency": 1,
        "unit_cost": "0.00",
        "selling_price": "0.00"
    }
},
{
    "model": "inventory.item",
    "pk": 22,
    "fields": {
        "created_at": "2026-06-12T06:55:00.582Z",
        "updated_at": "2026-06-12T06:55:00.582Z",
        "is_active": true,
        "code": "WIP-004",
        "name": "Quality Inspection Batch",
        "subcategory": "",
        "description": "",
        "category": 5,
        "item_type": "WORK_IN_PROGRESS",
        "item_usage": "BOTH",
        "unit_of_measure": "batches",
        "has_serial_number": false,
        "has_batch_tracking": false,
        "has_expiry_date": false,
        "reorder_level": "10.0000",
        "minimum_stock": "5.0000",
        "maximum_stock": "100.0000",
        "safety_stock": "5.0000",
        "lead_time_days": 0,
        "preferred_supplier": null,
        "currency": 1,
        "unit_cost": "0.00",
        "selling_price": "0.00"
    }
},
{
    "model": "inventory.item",
    "pk": 23,
    "fields": {
        "created_at": "2026-06-12T06:55:00.587Z",
        "updated_at": "2026-06-12T06:55:00.587Z",
        "is_active": true,
        "code": "FG-001",
        "name": "Underground Safety Wire Mesh Panels",
        "subcategory": "",
        "description": "",
        "category": 6,
        "item_type": "FINISHED_GOODS",
        "item_usage": "BOTH",
        "unit_of_measure": "panels",
        "has_serial_number": false,
        "has_batch_tracking": false,
        "has_expiry_date": false,
        "reorder_level": "10.0000",
        "minimum_stock": "5.0000",
        "maximum_stock": "100.0000",
        "safety_stock": "5.0000",
        "lead_time_days": 0,
        "preferred_supplier": null,
        "currency": 1,
        "unit_cost": "0.00",
        "selling_price": "0.00"
    }
},
{
    "model": "inventory.item",
    "pk": 24,
    "fields": {
        "created_at": "2026-06-12T06:55:00.593Z",
        "updated_at": "2026-06-12T06:55:00.594Z",
        "is_active": true,
        "code": "FG-002",
        "name": "Welded Wire Mesh Rolls",
        "subcategory": "",
        "description": "",
        "category": 6,
        "item_type": "FINISHED_GOODS",
        "item_usage": "BOTH",
        "unit_of_measure": "rolls",
        "has_serial_number": false,
        "has_batch_tracking": false,
        "has_expiry_date": false,
        "reorder_level": "10.0000",
        "minimum_stock": "5.0000",
        "maximum_stock": "100.0000",
        "safety_stock": "5.0000",
        "lead_time_days": 0,
        "preferred_supplier": null,
        "currency": 1,
        "unit_cost": "0.00",
        "selling_price": "0.00"
    }
},
{
    "model": "inventory.item",
    "pk": 25,
    "fields": {
        "created_at": "2026-06-12T06:55:00.600Z",
        "updated_at": "2026-06-12T06:55:00.600Z",
        "is_active": true,
        "code": "FG-003",
        "name": "Mine Support Mesh Heavy Duty",
        "subcategory": "",
        "description": "",
        "category": 6,
        "item_type": "FINISHED_GOODS",
        "item_usage": "BOTH",
        "unit_of_measure": "panels",
        "has_serial_number": false,
        "has_batch_tracking": false,
        "has_expiry_date": false,
        "reorder_level": "10.0000",
        "minimum_stock": "5.0000",
        "maximum_stock": "100.0000",
        "safety_stock": "5.0000",
        "lead_time_days": 0,
        "preferred_supplier": null,
        "currency": 1,
        "unit_cost": "0.00",
        "selling_price": "0.00"
    }
},
{
    "model": "inventory.item",
    "pk": 26,
    "fields": {
        "created_at": "2026-06-12T06:55:00.606Z",
        "updated_at": "2026-06-12T06:55:00.606Z",
        "is_active": true,
        "code": "FG-004",
        "name": "Reinforcement Mesh Panels",
        "subcategory": "",
        "description": "",
        "category": 6,
        "item_type": "FINISHED_GOODS",
        "item_usage": "BOTH",
        "unit_of_measure": "panels",
        "has_serial_number": false,
        "has_batch_tracking": false,
        "has_expiry_date": false,
        "reorder_level": "10.0000",
        "minimum_stock": "5.0000",
        "maximum_stock": "100.0000",
        "safety_stock": "5.0000",
        "lead_time_days": 0,
        "preferred_supplier": null,
        "currency": 1,
        "unit_cost": "0.00",
        "selling_price": "0.00"
    }
},
{
    "model": "inventory.item",
    "pk": 27,
    "fields": {
        "created_at": "2026-06-12T06:55:00.611Z",
        "updated_at": "2026-06-12T06:55:00.611Z",
        "is_active": true,
        "code": "FG-005",
        "name": "Customized Mine Support Products",
        "subcategory": "",
        "description": "",
        "category": 6,
        "item_type": "FINISHED_GOODS",
        "item_usage": "BOTH",
        "unit_of_measure": "units",
        "has_serial_number": false,
        "has_batch_tracking": false,
        "has_expiry_date": false,
        "reorder_level": "10.0000",
        "minimum_stock": "5.0000",
        "maximum_stock": "100.0000",
        "safety_stock": "5.0000",
        "lead_time_days": 0,
        "preferred_supplier": null,
        "currency": 1,
        "unit_cost": "0.00",
        "selling_price": "0.00"
    }
},
{
    "model": "inventory.item",
    "pk": 28,
    "fields": {
        "created_at": "2026-06-12T06:55:00.615Z",
        "updated_at": "2026-06-12T06:55:00.615Z",
        "is_active": true,
        "code": "RDT-001",
        "name": "Drill Bits",
        "subcategory": "",
        "description": "",
        "category": 7,
        "item_type": "TRADED",
        "item_usage": "BOTH",
        "unit_of_measure": "pieces",
        "has_serial_number": false,
        "has_batch_tracking": false,
        "has_expiry_date": false,
        "reorder_level": "10.0000",
        "minimum_stock": "5.0000",
        "maximum_stock": "100.0000",
        "safety_stock": "5.0000",
        "lead_time_days": 0,
        "preferred_supplier": null,
        "currency": 1,
        "unit_cost": "0.00",
        "selling_price": "0.00"
    }
},
{
    "model": "inventory.item",
    "pk": 29,
    "fields": {
        "created_at": "2026-06-12T06:55:00.619Z",
        "updated_at": "2026-06-12T06:55:00.619Z",
        "is_active": true,
        "code": "RDT-002",
        "name": "Button Bits",
        "subcategory": "",
        "description": "",
        "category": 7,
        "item_type": "TRADED",
        "item_usage": "BOTH",
        "unit_of_measure": "pieces",
        "has_serial_number": false,
        "has_batch_tracking": false,
        "has_expiry_date": false,
        "reorder_level": "10.0000",
        "minimum_stock": "5.0000",
        "maximum_stock": "100.0000",
        "safety_stock": "5.0000",
        "lead_time_days": 0,
        "preferred_supplier": null,
        "currency": 1,
        "unit_cost": "0.00",
        "selling_price": "0.00"
    }
},
{
    "model": "inventory.item",
    "pk": 30,
    "fields": {
        "created_at": "2026-06-12T06:55:00.624Z",
        "updated_at": "2026-06-12T06:55:00.624Z",
        "is_active": true,
        "code": "RDT-003",
        "name": "DTH Hammers",
        "subcategory": "",
        "description": "",
        "category": 7,
        "item_type": "TRADED",
        "item_usage": "BOTH",
        "unit_of_measure": "pieces",
        "has_serial_number": false,
        "has_batch_tracking": false,
        "has_expiry_date": false,
        "reorder_level": "10.0000",
        "minimum_stock": "5.0000",
        "maximum_stock": "100.0000",
        "safety_stock": "5.0000",
        "lead_time_days": 0,
        "preferred_supplier": null,
        "currency": 1,
        "unit_cost": "0.00",
        "selling_price": "0.00"
    }
},
{
    "model": "inventory.item",
    "pk": 31,
    "fields": {
        "created_at": "2026-06-12T06:55:00.628Z",
        "updated_at": "2026-06-12T06:55:00.628Z",
        "is_active": true,
        "code": "RDT-004",
        "name": "Drill Rods",
        "subcategory": "",
        "description": "",
        "category": 7,
        "item_type": "TRADED",
        "item_usage": "BOTH",
        "unit_of_measure": "pieces",
        "has_serial_number": false,
        "has_batch_tracking": false,
        "has_expiry_date": false,
        "reorder_level": "10.0000",
        "minimum_stock": "5.0000",
        "maximum_stock": "100.0000",
        "safety_stock": "5.0000",
        "lead_time_days": 0,
        "preferred_supplier": null,
        "currency": 1,
        "unit_cost": "0.00",
        "selling_price": "0.00"
    }
},
{
    "model": "inventory.item",
    "pk": 32,
    "fields": {
        "created_at": "2026-06-12T06:55:00.632Z",
        "updated_at": "2026-06-12T06:55:00.632Z",
        "is_active": true,
        "code": "RDT-005",
        "name": "Shank Adapters",
        "subcategory": "",
        "description": "",
        "category": 7,
        "item_type": "TRADED",
        "item_usage": "BOTH",
        "unit_of_measure": "pieces",
        "has_serial_number": false,
        "has_batch_tracking": false,
        "has_expiry_date": false,
        "reorder_level": "10.0000",
        "minimum_stock": "5.0000",
        "maximum_stock": "100.0000",
        "safety_stock": "5.0000",
        "lead_time_days": 0,
        "preferred_supplier": null,
        "currency": 1,
        "unit_cost": "0.00",
        "selling_price": "0.00"
    }
},
{
    "model": "inventory.item",
    "pk": 33,
    "fields": {
        "created_at": "2026-06-12T06:55:00.637Z",
        "updated_at": "2026-06-12T06:55:00.637Z",
        "is_active": true,
        "code": "RDT-006",
        "name": "Coupling Sleeves",
        "subcategory": "",
        "description": "",
        "category": 7,
        "item_type": "TRADED",
        "item_usage": "BOTH",
        "unit_of_measure": "pieces",
        "has_serial_number": false,
        "has_batch_tracking": false,
        "has_expiry_date": false,
        "reorder_level": "10.0000",
        "minimum_stock": "5.0000",
        "maximum_stock": "100.0000",
        "safety_stock": "5.0000",
        "lead_time_days": 0,
        "preferred_supplier": null,
        "currency": 1,
        "unit_cost": "0.00",
        "selling_price": "0.00"
    }
},
{
    "model": "inventory.item",
    "pk": 34,
    "fields": {
        "created_at": "2026-06-12T06:55:00.641Z",
        "updated_at": "2026-06-12T06:55:00.641Z",
        "is_active": true,
        "code": "RDT-007",
        "name": "Extension Rods",
        "subcategory": "",
        "description": "",
        "category": 7,
        "item_type": "TRADED",
        "item_usage": "BOTH",
        "unit_of_measure": "pieces",
        "has_serial_number": false,
        "has_batch_tracking": false,
        "has_expiry_date": false,
        "reorder_level": "10.0000",
        "minimum_stock": "5.0000",
        "maximum_stock": "100.0000",
        "safety_stock": "5.0000",
        "lead_time_days": 0,
        "preferred_supplier": null,
        "currency": 1,
        "unit_cost": "0.00",
        "selling_price": "0.00"
    }
},
{
    "model": "inventory.item",
    "pk": 35,
    "fields": {
        "created_at": "2026-06-12T06:55:00.646Z",
        "updated_at": "2026-06-12T06:55:00.646Z",
        "is_active": true,
        "code": "USM-001",
        "name": "Rock Bolts",
        "subcategory": "",
        "description": "",
        "category": 8,
        "item_type": "TRADED",
        "item_usage": "BOTH",
        "unit_of_measure": "pieces",
        "has_serial_number": false,
        "has_batch_tracking": false,
        "has_expiry_date": false,
        "reorder_level": "10.0000",
        "minimum_stock": "5.0000",
        "maximum_stock": "100.0000",
        "safety_stock": "5.0000",
        "lead_time_days": 0,
        "preferred_supplier": null,
        "currency": 1,
        "unit_cost": "0.00",
        "selling_price": "0.00"
    }
},
{
    "model": "inventory.item",
    "pk": 36,
    "fields": {
        "created_at": "2026-06-12T06:55:00.650Z",
        "updated_at": "2026-06-12T06:55:00.650Z",
        "is_active": true,
        "code": "USM-002",
        "name": "Friction Bolts",
        "subcategory": "",
        "description": "",
        "category": 8,
        "item_type": "TRADED",
        "item_usage": "BOTH",
        "unit_of_measure": "pieces",
        "has_serial_number": false,
        "has_batch_tracking": false,
        "has_expiry_date": false,
        "reorder_level": "10.0000",
        "minimum_stock": "5.0000",
        "maximum_stock": "100.0000",
        "safety_stock": "5.0000",
        "lead_time_days": 0,
        "preferred_supplier": null,
        "currency": 1,
        "unit_cost": "0.00",
        "selling_price": "0.00"
    }
},
{
    "model": "inventory.item",
    "pk": 37,
    "fields": {
        "created_at": "2026-06-12T06:55:00.655Z",
        "updated_at": "2026-06-12T06:55:00.655Z",
        "is_active": true,
        "code": "USM-003",
        "name": "Split Sets",
        "subcategory": "",
        "description": "",
        "category": 8,
        "item_type": "TRADED",
        "item_usage": "BOTH",
        "unit_of_measure": "pieces",
        "has_serial_number": false,
        "has_batch_tracking": false,
        "has_expiry_date": false,
        "reorder_level": "10.0000",
        "minimum_stock": "5.0000",
        "maximum_stock": "100.0000",
        "safety_stock": "5.0000",
        "lead_time_days": 0,
        "preferred_supplier": null,
        "currency": 1,
        "unit_cost": "0.00",
        "selling_price": "0.00"
    }
},
{
    "model": "inventory.item",
    "pk": 38,
    "fields": {
        "created_at": "2026-06-12T06:55:00.659Z",
        "updated_at": "2026-06-12T06:55:00.659Z",
        "is_active": true,
        "code": "USM-004",
        "name": "Bearing Plates",
        "subcategory": "",
        "description": "",
        "category": 8,
        "item_type": "TRADED",
        "item_usage": "BOTH",
        "unit_of_measure": "pieces",
        "has_serial_number": false,
        "has_batch_tracking": false,
        "has_expiry_date": false,
        "reorder_level": "10.0000",
        "minimum_stock": "5.0000",
        "maximum_stock": "100.0000",
        "safety_stock": "5.0000",
        "lead_time_days": 0,
        "preferred_supplier": null,
        "currency": 1,
        "unit_cost": "0.00",
        "selling_price": "0.00"
    }
},
{
    "model": "inventory.item",
    "pk": 39,
    "fields": {
        "created_at": "2026-06-12T06:55:00.663Z",
        "updated_at": "2026-06-12T06:55:00.663Z",
        "is_active": true,
        "code": "USM-005",
        "name": "Cable Bolts",
        "subcategory": "",
        "description": "",
        "category": 8,
        "item_type": "TRADED",
        "item_usage": "BOTH",
        "unit_of_measure": "pieces",
        "has_serial_number": false,
        "has_batch_tracking": false,
        "has_expiry_date": false,
        "reorder_level": "10.0000",
        "minimum_stock": "5.0000",
        "maximum_stock": "100.0000",
        "safety_stock": "5.0000",
        "lead_time_days": 0,
        "preferred_supplier": null,
        "currency": 1,
        "unit_cost": "0.00",
        "selling_price": "0.00"
    }
},
{
    "model": "inventory.item",
    "pk": 40,
    "fields": {
        "created_at": "2026-06-12T06:55:00.668Z",
        "updated_at": "2026-06-12T06:55:00.668Z",
        "is_active": true,
        "code": "USM-006",
        "name": "Resin Capsules",
        "subcategory": "",
        "description": "",
        "category": 8,
        "item_type": "TRADED",
        "item_usage": "BOTH",
        "unit_of_measure": "boxes",
        "has_serial_number": false,
        "has_batch_tracking": false,
        "has_expiry_date": false,
        "reorder_level": "10.0000",
        "minimum_stock": "5.0000",
        "maximum_stock": "100.0000",
        "safety_stock": "5.0000",
        "lead_time_days": 0,
        "preferred_supplier": null,
        "currency": 1,
        "unit_cost": "0.00",
        "selling_price": "0.00"
    }
},
{
    "model": "inventory.item",
    "pk": 41,
    "fields": {
        "created_at": "2026-06-12T06:55:00.672Z",
        "updated_at": "2026-06-12T06:55:00.672Z",
        "is_active": true,
        "code": "USM-007",
        "name": "Mesh Fasteners",
        "subcategory": "",
        "description": "",
        "category": 8,
        "item_type": "TRADED",
        "item_usage": "BOTH",
        "unit_of_measure": "pieces",
        "has_serial_number": false,
        "has_batch_tracking": false,
        "has_expiry_date": false,
        "reorder_level": "10.0000",
        "minimum_stock": "5.0000",
        "maximum_stock": "100.0000",
        "safety_stock": "5.0000",
        "lead_time_days": 0,
        "preferred_supplier": null,
        "currency": 1,
        "unit_cost": "0.00",
        "selling_price": "0.00"
    }
},
{
    "model": "inventory.item",
    "pk": 42,
    "fields": {
        "created_at": "2026-06-12T06:55:00.677Z",
        "updated_at": "2026-06-12T06:55:00.677Z",
        "is_active": true,
        "code": "USM-008",
        "name": "Ground Support Accessories",
        "subcategory": "",
        "description": "",
        "category": 8,
        "item_type": "TRADED",
        "item_usage": "BOTH",
        "unit_of_measure": "sets",
        "has_serial_number": false,
        "has_batch_tracking": false,
        "has_expiry_date": false,
        "reorder_level": "10.0000",
        "minimum_stock": "5.0000",
        "maximum_stock": "100.0000",
        "safety_stock": "5.0000",
        "lead_time_days": 0,
        "preferred_supplier": null,
        "currency": 1,
        "unit_cost": "0.00",
        "selling_price": "0.00"
    }
},
{
    "model": "inventory.item",
    "pk": 43,
    "fields": {
        "created_at": "2026-06-12T06:55:00.681Z",
        "updated_at": "2026-06-12T06:55:00.681Z",
        "is_active": true,
        "code": "GEO-001",
        "name": "Sample Bags",
        "subcategory": "",
        "description": "",
        "category": 9,
        "item_type": "TRADED",
        "item_usage": "BOTH",
        "unit_of_measure": "pieces",
        "has_serial_number": false,
        "has_batch_tracking": false,
        "has_expiry_date": false,
        "reorder_level": "10.0000",
        "minimum_stock": "5.0000",
        "maximum_stock": "100.0000",
        "safety_stock": "5.0000",
        "lead_time_days": 0,
        "preferred_supplier": null,
        "currency": 1,
        "unit_cost": "0.00",
        "selling_price": "0.00"
    }
},
{
    "model": "inventory.item",
    "pk": 44,
    "fields": {
        "created_at": "2026-06-12T06:55:00.686Z",
        "updated_at": "2026-06-12T06:55:00.686Z",
        "is_active": true,
        "code": "GEO-002",
        "name": "Core Trays",
        "subcategory": "",
        "description": "",
        "category": 9,
        "item_type": "TRADED",
        "item_usage": "BOTH",
        "unit_of_measure": "pieces",
        "has_serial_number": false,
        "has_batch_tracking": false,
        "has_expiry_date": false,
        "reorder_level": "10.0000",
        "minimum_stock": "5.0000",
        "maximum_stock": "100.0000",
        "safety_stock": "5.0000",
        "lead_time_days": 0,
        "preferred_supplier": null,
        "currency": 1,
        "unit_cost": "0.00",
        "selling_price": "0.00"
    }
},
{
    "model": "inventory.item",
    "pk": 45,
    "fields": {
        "created_at": "2026-06-12T06:55:00.690Z",
        "updated_at": "2026-06-12T06:55:00.690Z",
        "is_active": true,
        "code": "GEO-003",
        "name": "Core Boxes",
        "subcategory": "",
        "description": "",
        "category": 9,
        "item_type": "TRADED",
        "item_usage": "BOTH",
        "unit_of_measure": "pieces",
        "has_serial_number": false,
        "has_batch_tracking": false,
        "has_expiry_date": false,
        "reorder_level": "10.0000",
        "minimum_stock": "5.0000",
        "maximum_stock": "100.0000",
        "safety_stock": "5.0000",
        "lead_time_days": 0,
        "preferred_supplier": null,
        "currency": 1,
        "unit_cost": "0.00",
        "selling_price": "0.00"
    }
},
{
    "model": "inventory.item",
    "pk": 46,
    "fields": {
        "created_at": "2026-06-12T06:55:00.694Z",
        "updated_at": "2026-06-12T06:55:00.694Z",
        "is_active": true,
        "code": "GEO-004",
        "name": "Geological Markers",
        "subcategory": "",
        "description": "",
        "category": 9,
        "item_type": "TRADED",
        "item_usage": "BOTH",
        "unit_of_measure": "pieces",
        "has_serial_number": false,
        "has_batch_tracking": false,
        "has_expiry_date": false,
        "reorder_level": "10.0000",
        "minimum_stock": "5.0000",
        "maximum_stock": "100.0000",
        "safety_stock": "5.0000",
        "lead_time_days": 0,
        "preferred_supplier": null,
        "currency": 1,
        "unit_cost": "0.00",
        "selling_price": "0.00"
    }
},
{
    "model": "inventory.item",
    "pk": 47,
    "fields": {
        "created_at": "2026-06-12T06:55:00.699Z",
        "updated_at": "2026-06-12T06:55:00.699Z",
        "is_active": true,
        "code": "GEO-005",
        "name": "Sampling Tags",
        "subcategory": "",
        "description": "",
        "category": 9,
        "item_type": "TRADED",
        "item_usage": "BOTH",
        "unit_of_measure": "pieces",
        "has_serial_number": false,
        "has_batch_tracking": false,
        "has_expiry_date": false,
        "reorder_level": "10.0000",
        "minimum_stock": "5.0000",
        "maximum_stock": "100.0000",
        "safety_stock": "5.0000",
        "lead_time_days": 0,
        "preferred_supplier": null,
        "currency": 1,
        "unit_cost": "0.00",
        "selling_price": "0.00"
    }
},
{
    "model": "inventory.item",
    "pk": 48,
    "fields": {
        "created_at": "2026-06-12T06:55:00.704Z",
        "updated_at": "2026-06-12T20:13:23.009Z",
        "is_active": true,
        "code": "GEO-006",
        "name": "Survey Consumables",
        "subcategory": "",
        "description": "geo",
        "category": 9,
        "item_type": "TRADED",
        "item_usage": "BOTH",
        "unit_of_measure": "sets",
        "has_serial_number": false,
        "has_batch_tracking": false,
        "has_expiry_date": false,
        "reorder_level": "10.0000",
        "minimum_stock": "5.0000",
        "maximum_stock": "100.0000",
        "safety_stock": "5.0000",
        "lead_time_days": 0,
        "preferred_supplier": null,
        "currency": 1,
        "unit_cost": "4000000.00",
        "selling_price": "4500000.00"
    }
},
{
    "model": "inventory.item",
    "pk": 49,
    "fields": {
        "created_at": "2026-06-12T06:55:00.708Z",
        "updated_at": "2026-06-12T06:55:00.708Z",
        "is_active": true,
        "code": "UVE-001",
        "name": "Ventilation Fans",
        "subcategory": "",
        "description": "",
        "category": 10,
        "item_type": "TRADED",
        "item_usage": "BOTH",
        "unit_of_measure": "units",
        "has_serial_number": true,
        "has_batch_tracking": false,
        "has_expiry_date": false,
        "reorder_level": "10.0000",
        "minimum_stock": "5.0000",
        "maximum_stock": "100.0000",
        "safety_stock": "5.0000",
        "lead_time_days": 0,
        "preferred_supplier": null,
        "currency": 1,
        "unit_cost": "0.00",
        "selling_price": "0.00"
    }
},
{
    "model": "inventory.item",
    "pk": 50,
    "fields": {
        "created_at": "2026-06-12T06:55:00.713Z",
        "updated_at": "2026-06-12T06:55:00.713Z",
        "is_active": true,
        "code": "UVE-002",
        "name": "Auxiliary Fans",
        "subcategory": "",
        "description": "",
        "category": 10,
        "item_type": "TRADED",
        "item_usage": "BOTH",
        "unit_of_measure": "units",
        "has_serial_number": true,
        "has_batch_tracking": false,
        "has_expiry_date": false,
        "reorder_level": "10.0000",
        "minimum_stock": "5.0000",
        "maximum_stock": "100.0000",
        "safety_stock": "5.0000",
        "lead_time_days": 0,
        "preferred_supplier": null,
        "currency": 1,
        "unit_cost": "0.00",
        "selling_price": "0.00"
    }
},
{
    "model": "inventory.item",
    "pk": 51,
    "fields": {
        "created_at": "2026-06-12T06:55:00.718Z",
        "updated_at": "2026-06-12T06:55:00.718Z",
        "is_active": true,
        "code": "UVE-003",
        "name": "Ventilation Ducts",
        "subcategory": "",
        "description": "",
        "category": 10,
        "item_type": "TRADED",
        "item_usage": "BOTH",
        "unit_of_measure": "meters",
        "has_serial_number": false,
        "has_batch_tracking": false,
        "has_expiry_date": false,
        "reorder_level": "10.0000",
        "minimum_stock": "5.0000",
        "maximum_stock": "100.0000",
        "safety_stock": "5.0000",
        "lead_time_days": 0,
        "preferred_supplier": null,
        "currency": 1,
        "unit_cost": "0.00",
        "selling_price": "0.00"
    }
},
{
    "model": "inventory.item",
    "pk": 52,
    "fields": {
        "created_at": "2026-06-12T06:55:00.722Z",
        "updated_at": "2026-06-12T06:55:00.722Z",
        "is_active": true,
        "code": "UVE-004",
        "name": "Flexible Ducting",
        "subcategory": "",
        "description": "",
        "category": 10,
        "item_type": "TRADED",
        "item_usage": "BOTH",
        "unit_of_measure": "meters",
        "has_serial_number": false,
        "has_batch_tracking": false,
        "has_expiry_date": false,
        "reorder_level": "10.0000",
        "minimum_stock": "5.0000",
        "maximum_stock": "100.0000",
        "safety_stock": "5.0000",
        "lead_time_days": 0,
        "preferred_supplier": null,
        "currency": 1,
        "unit_cost": "0.00",
        "selling_price": "0.00"
    }
},
{
    "model": "inventory.item",
    "pk": 53,
    "fields": {
        "created_at": "2026-06-12T06:55:00.735Z",
        "updated_at": "2026-06-12T06:55:00.735Z",
        "is_active": true,
        "code": "UVE-005",
        "name": "Duct Clamps",
        "subcategory": "",
        "description": "",
        "category": 10,
        "item_type": "TRADED",
        "item_usage": "BOTH",
        "unit_of_measure": "pieces",
        "has_serial_number": false,
        "has_batch_tracking": false,
        "has_expiry_date": false,
        "reorder_level": "10.0000",
        "minimum_stock": "5.0000",
        "maximum_stock": "100.0000",
        "safety_stock": "5.0000",
        "lead_time_days": 0,
        "preferred_supplier": null,
        "currency": 1,
        "unit_cost": "0.00",
        "selling_price": "0.00"
    }
},
{
    "model": "inventory.item",
    "pk": 54,
    "fields": {
        "created_at": "2026-06-12T06:55:00.740Z",
        "updated_at": "2026-06-12T07:14:47.426Z",
        "is_active": true,
        "code": "UVE-006",
        "name": "Airflow Controllers",
        "subcategory": "",
        "description": "underground ventilations",
        "category": 10,
        "item_type": "TRADED",
        "item_usage": "BOTH",
        "unit_of_measure": "pieces",
        "has_serial_number": true,
        "has_batch_tracking": false,
        "has_expiry_date": false,
        "reorder_level": "10.0000",
        "minimum_stock": "5.0000",
        "maximum_stock": "100.0000",
        "safety_stock": "5.0000",
        "lead_time_days": 0,
        "preferred_supplier": null,
        "currency": 1,
        "unit_cost": "450000.00",
        "selling_price": "500000.00"
    }
},
{
    "model": "inventory.item",
    "pk": 55,
    "fields": {
        "created_at": "2026-06-12T06:55:00.744Z",
        "updated_at": "2026-06-12T06:55:00.744Z",
        "is_active": true,
        "code": "ELE-001",
        "name": "Power Cables",
        "subcategory": "",
        "description": "",
        "category": 11,
        "item_type": "TRADED",
        "item_usage": "BOTH",
        "unit_of_measure": "meters",
        "has_serial_number": false,
        "has_batch_tracking": false,
        "has_expiry_date": false,
        "reorder_level": "10.0000",
        "minimum_stock": "5.0000",
        "maximum_stock": "100.0000",
        "safety_stock": "5.0000",
        "lead_time_days": 0,
        "preferred_supplier": null,
        "currency": 1,
        "unit_cost": "0.00",
        "selling_price": "0.00"
    }
},
{
    "model": "inventory.item",
    "pk": 56,
    "fields": {
        "created_at": "2026-06-12T06:55:00.748Z",
        "updated_at": "2026-06-12T06:55:00.748Z",
        "is_active": true,
        "code": "ELE-002",
        "name": "Control Cables",
        "subcategory": "",
        "description": "",
        "category": 11,
        "item_type": "TRADED",
        "item_usage": "BOTH",
        "unit_of_measure": "meters",
        "has_serial_number": false,
        "has_batch_tracking": false,
        "has_expiry_date": false,
        "reorder_level": "10.0000",
        "minimum_stock": "5.0000",
        "maximum_stock": "100.0000",
        "safety_stock": "5.0000",
        "lead_time_days": 0,
        "preferred_supplier": null,
        "currency": 1,
        "unit_cost": "0.00",
        "selling_price": "0.00"
    }
},
{
    "model": "inventory.item",
    "pk": 57,
    "fields": {
        "created_at": "2026-06-12T06:55:00.753Z",
        "updated_at": "2026-06-12T06:55:00.753Z",
        "is_active": true,
        "code": "ELE-003",
        "name": "Circuit Breakers",
        "subcategory": "",
        "description": "",
        "category": 11,
        "item_type": "TRADED",
        "item_usage": "BOTH",
        "unit_of_measure": "pieces",
        "has_serial_number": false,
        "has_batch_tracking": false,
        "has_expiry_date": false,
        "reorder_level": "10.0000",
        "minimum_stock": "5.0000",
        "maximum_stock": "100.0000",
        "safety_stock": "5.0000",
        "lead_time_days": 0,
        "preferred_supplier": null,
        "currency": 1,
        "unit_cost": "0.00",
        "selling_price": "0.00"
    }
},
{
    "model": "inventory.item",
    "pk": 58,
    "fields": {
        "created_at": "2026-06-12T06:55:00.758Z",
        "updated_at": "2026-06-12T06:55:00.758Z",
        "is_active": true,
        "code": "ELE-004",
        "name": "Cable Glands",
        "subcategory": "",
        "description": "",
        "category": 11,
        "item_type": "TRADED",
        "item_usage": "BOTH",
        "unit_of_measure": "pieces",
        "has_serial_number": false,
        "has_batch_tracking": false,
        "has_expiry_date": false,
        "reorder_level": "10.0000",
        "minimum_stock": "5.0000",
        "maximum_stock": "100.0000",
        "safety_stock": "5.0000",
        "lead_time_days": 0,
        "preferred_supplier": null,
        "currency": 1,
        "unit_cost": "0.00",
        "selling_price": "0.00"
    }
},
{
    "model": "inventory.item",
    "pk": 59,
    "fields": {
        "created_at": "2026-06-12T06:55:00.762Z",
        "updated_at": "2026-06-12T06:55:00.762Z",
        "is_active": true,
        "code": "ELE-005",
        "name": "Electrical Connectors",
        "subcategory": "",
        "description": "",
        "category": 11,
        "item_type": "TRADED",
        "item_usage": "BOTH",
        "unit_of_measure": "pieces",
        "has_serial_number": false,
        "has_batch_tracking": false,
        "has_expiry_date": false,
        "reorder_level": "10.0000",
        "minimum_stock": "5.0000",
        "maximum_stock": "100.0000",
        "safety_stock": "5.0000",
        "lead_time_days": 0,
        "preferred_supplier": null,
        "currency": 1,
        "unit_cost": "0.00",
        "selling_price": "0.00"
    }
},
{
    "model": "inventory.item",
    "pk": 60,
    "fields": {
        "created_at": "2026-06-12T06:55:00.766Z",
        "updated_at": "2026-06-12T06:55:00.766Z",
        "is_active": true,
        "code": "ELE-006",
        "name": "Industrial Switches",
        "subcategory": "",
        "description": "",
        "category": 11,
        "item_type": "TRADED",
        "item_usage": "BOTH",
        "unit_of_measure": "pieces",
        "has_serial_number": false,
        "has_batch_tracking": false,
        "has_expiry_date": false,
        "reorder_level": "10.0000",
        "minimum_stock": "5.0000",
        "maximum_stock": "100.0000",
        "safety_stock": "5.0000",
        "lead_time_days": 0,
        "preferred_supplier": null,
        "currency": 1,
        "unit_cost": "0.00",
        "selling_price": "0.00"
    }
},
{
    "model": "inventory.item",
    "pk": 61,
    "fields": {
        "created_at": "2026-06-12T06:55:00.770Z",
        "updated_at": "2026-06-12T06:55:00.770Z",
        "is_active": true,
        "code": "ELE-007",
        "name": "LED Industrial Lighting",
        "subcategory": "",
        "description": "",
        "category": 11,
        "item_type": "TRADED",
        "item_usage": "BOTH",
        "unit_of_measure": "pieces",
        "has_serial_number": false,
        "has_batch_tracking": false,
        "has_expiry_date": false,
        "reorder_level": "10.0000",
        "minimum_stock": "5.0000",
        "maximum_stock": "100.0000",
        "safety_stock": "5.0000",
        "lead_time_days": 0,
        "preferred_supplier": null,
        "currency": 1,
        "unit_cost": "0.00",
        "selling_price": "0.00"
    }
},
{
    "model": "inventory.item",
    "pk": 62,
    "fields": {
        "created_at": "2026-06-12T06:55:00.774Z",
        "updated_at": "2026-06-12T06:55:00.774Z",
        "is_active": true,
        "code": "ELE-008",
        "name": "Distribution Boards",
        "subcategory": "",
        "description": "",
        "category": 11,
        "item_type": "TRADED",
        "item_usage": "BOTH",
        "unit_of_measure": "units",
        "has_serial_number": false,
        "has_batch_tracking": false,
        "has_expiry_date": false,
        "reorder_level": "10.0000",
        "minimum_stock": "5.0000",
        "maximum_stock": "100.0000",
        "safety_stock": "5.0000",
        "lead_time_days": 0,
        "preferred_supplier": null,
        "currency": 1,
        "unit_cost": "0.00",
        "selling_price": "0.00"
    }
},
{
    "model": "inventory.item",
    "pk": 63,
    "fields": {
        "created_at": "2026-06-12T06:55:00.779Z",
        "updated_at": "2026-06-12T06:55:00.779Z",
        "is_active": true,
        "code": "PPE-001",
        "name": "Safety Helmets",
        "subcategory": "",
        "description": "",
        "category": 12,
        "item_type": "PPE",
        "item_usage": "BOTH",
        "unit_of_measure": "pieces",
        "has_serial_number": false,
        "has_batch_tracking": true,
        "has_expiry_date": false,
        "reorder_level": "10.0000",
        "minimum_stock": "5.0000",
        "maximum_stock": "100.0000",
        "safety_stock": "5.0000",
        "lead_time_days": 0,
        "preferred_supplier": null,
        "currency": 1,
        "unit_cost": "0.00",
        "selling_price": "0.00"
    }
},
{
    "model": "inventory.item",
    "pk": 64,
    "fields": {
        "created_at": "2026-06-12T06:55:00.784Z",
        "updated_at": "2026-06-12T06:55:00.784Z",
        "is_active": true,
        "code": "PPE-002",
        "name": "Safety Boots",
        "subcategory": "",
        "description": "",
        "category": 12,
        "item_type": "PPE",
        "item_usage": "BOTH",
        "unit_of_measure": "pairs",
        "has_serial_number": false,
        "has_batch_tracking": true,
        "has_expiry_date": false,
        "reorder_level": "10.0000",
        "minimum_stock": "5.0000",
        "maximum_stock": "100.0000",
        "safety_stock": "5.0000",
        "lead_time_days": 0,
        "preferred_supplier": null,
        "currency": 1,
        "unit_cost": "0.00",
        "selling_price": "0.00"
    }
},
{
    "model": "inventory.item",
    "pk": 65,
    "fields": {
        "created_at": "2026-06-12T06:55:00.788Z",
        "updated_at": "2026-06-12T06:55:00.788Z",
        "is_active": true,
        "code": "PPE-003",
        "name": "Reflective Vests",
        "subcategory": "",
        "description": "",
        "category": 12,
        "item_type": "PPE",
        "item_usage": "BOTH",
        "unit_of_measure": "pieces",
        "has_serial_number": false,
        "has_batch_tracking": true,
        "has_expiry_date": false,
        "reorder_level": "10.0000",
        "minimum_stock": "5.0000",
        "maximum_stock": "100.0000",
        "safety_stock": "5.0000",
        "lead_time_days": 0,
        "preferred_supplier": null,
        "currency": 1,
        "unit_cost": "0.00",
        "selling_price": "0.00"
    }
},
{
    "model": "inventory.item",
    "pk": 66,
    "fields": {
        "created_at": "2026-06-12T06:55:00.793Z",
        "updated_at": "2026-06-12T06:55:00.793Z",
        "is_active": true,
        "code": "PPE-004",
        "name": "Safety Goggles",
        "subcategory": "",
        "description": "",
        "category": 12,
        "item_type": "PPE",
        "item_usage": "BOTH",
        "unit_of_measure": "pieces",
        "has_serial_number": false,
        "has_batch_tracking": true,
        "has_expiry_date": false,
        "reorder_level": "10.0000",
        "minimum_stock": "5.0000",
        "maximum_stock": "100.0000",
        "safety_stock": "5.0000",
        "lead_time_days": 0,
        "preferred_supplier": null,
        "currency": 1,
        "unit_cost": "0.00",
        "selling_price": "0.00"
    }
},
{
    "model": "inventory.item",
    "pk": 67,
    "fields": {
        "created_at": "2026-06-12T06:55:00.797Z",
        "updated_at": "2026-06-12T06:55:00.797Z",
        "is_active": true,
        "code": "PPE-005",
        "name": "Ear Protection",
        "subcategory": "",
        "description": "",
        "category": 12,
        "item_type": "PPE",
        "item_usage": "BOTH",
        "unit_of_measure": "pieces",
        "has_serial_number": false,
        "has_batch_tracking": true,
        "has_expiry_date": false,
        "reorder_level": "10.0000",
        "minimum_stock": "5.0000",
        "maximum_stock": "100.0000",
        "safety_stock": "5.0000",
        "lead_time_days": 0,
        "preferred_supplier": null,
        "currency": 1,
        "unit_cost": "0.00",
        "selling_price": "0.00"
    }
},
{
    "model": "inventory.item",
    "pk": 68,
    "fields": {
        "created_at": "2026-06-12T06:55:00.801Z",
        "updated_at": "2026-06-12T06:55:00.801Z",
        "is_active": true,
        "code": "PPE-006",
        "name": "Respirators",
        "subcategory": "",
        "description": "",
        "category": 12,
        "item_type": "PPE",
        "item_usage": "BOTH",
        "unit_of_measure": "pieces",
        "has_serial_number": false,
        "has_batch_tracking": true,
        "has_expiry_date": false,
        "reorder_level": "10.0000",
        "minimum_stock": "5.0000",
        "maximum_stock": "100.0000",
        "safety_stock": "5.0000",
        "lead_time_days": 0,
        "preferred_supplier": null,
        "currency": 1,
        "unit_cost": "0.00",
        "selling_price": "0.00"
    }
},
{
    "model": "inventory.item",
    "pk": 69,
    "fields": {
        "created_at": "2026-06-12T06:55:00.805Z",
        "updated_at": "2026-06-12T06:55:00.805Z",
        "is_active": true,
        "code": "PPE-007",
        "name": "Hand Gloves",
        "subcategory": "",
        "description": "",
        "category": 12,
        "item_type": "PPE",
        "item_usage": "BOTH",
        "unit_of_measure": "pairs",
        "has_serial_number": false,
        "has_batch_tracking": true,
        "has_expiry_date": false,
        "reorder_level": "10.0000",
        "minimum_stock": "5.0000",
        "maximum_stock": "100.0000",
        "safety_stock": "5.0000",
        "lead_time_days": 0,
        "preferred_supplier": null,
        "currency": 1,
        "unit_cost": "0.00",
        "selling_price": "0.00"
    }
},
{
    "model": "inventory.item",
    "pk": 70,
    "fields": {
        "created_at": "2026-06-12T06:55:00.810Z",
        "updated_at": "2026-06-12T06:55:00.810Z",
        "is_active": true,
        "code": "PPE-008",
        "name": "Face Shields",
        "subcategory": "",
        "description": "",
        "category": 12,
        "item_type": "PPE",
        "item_usage": "BOTH",
        "unit_of_measure": "pieces",
        "has_serial_number": false,
        "has_batch_tracking": true,
        "has_expiry_date": false,
        "reorder_level": "10.0000",
        "minimum_stock": "5.0000",
        "maximum_stock": "100.0000",
        "safety_stock": "5.0000",
        "lead_time_days": 0,
        "preferred_supplier": null,
        "currency": 1,
        "unit_cost": "0.00",
        "selling_price": "0.00"
    }
},
{
    "model": "inventory.item",
    "pk": 71,
    "fields": {
        "created_at": "2026-06-12T06:55:00.814Z",
        "updated_at": "2026-06-12T06:55:00.815Z",
        "is_active": true,
        "code": "PPE-009",
        "name": "Fall Protection Harnesses",
        "subcategory": "",
        "description": "",
        "category": 12,
        "item_type": "PPE",
        "item_usage": "BOTH",
        "unit_of_measure": "units",
        "has_serial_number": false,
        "has_batch_tracking": true,
        "has_expiry_date": false,
        "reorder_level": "10.0000",
        "minimum_stock": "5.0000",
        "maximum_stock": "100.0000",
        "safety_stock": "5.0000",
        "lead_time_days": 0,
        "preferred_supplier": null,
        "currency": 1,
        "unit_cost": "0.00",
        "selling_price": "0.00"
    }
},
{
    "model": "inventory.item",
    "pk": 72,
    "fields": {
        "created_at": "2026-06-12T06:55:00.819Z",
        "updated_at": "2026-06-12T06:55:00.819Z",
        "is_active": true,
        "code": "PPE-010",
        "name": "Protective Overalls",
        "subcategory": "",
        "description": "",
        "category": 12,
        "item_type": "PPE",
        "item_usage": "BOTH",
        "unit_of_measure": "pieces",
        "has_serial_number": false,
        "has_batch_tracking": true,
        "has_expiry_date": false,
        "reorder_level": "10.0000",
        "minimum_stock": "5.0000",
        "maximum_stock": "100.0000",
        "safety_stock": "5.0000",
        "lead_time_days": 0,
        "preferred_supplier": null,
        "currency": 1,
        "unit_cost": "0.00",
        "selling_price": "0.00"
    }
},
{
    "model": "inventory.item",
    "pk": 73,
    "fields": {
        "created_at": "2026-06-12T06:55:00.823Z",
        "updated_at": "2026-06-12T06:55:00.823Z",
        "is_active": true,
        "code": "LOG-001",
        "name": "Cargo Straps",
        "subcategory": "",
        "description": "",
        "category": 13,
        "item_type": "TRADED",
        "item_usage": "BOTH",
        "unit_of_measure": "pieces",
        "has_serial_number": false,
        "has_batch_tracking": false,
        "has_expiry_date": false,
        "reorder_level": "10.0000",
        "minimum_stock": "5.0000",
        "maximum_stock": "100.0000",
        "safety_stock": "5.0000",
        "lead_time_days": 0,
        "preferred_supplier": null,
        "currency": 1,
        "unit_cost": "0.00",
        "selling_price": "0.00"
    }
},
{
    "model": "inventory.item",
    "pk": 74,
    "fields": {
        "created_at": "2026-06-12T06:55:00.828Z",
        "updated_at": "2026-06-12T06:55:00.828Z",
        "is_active": true,
        "code": "LOG-002",
        "name": "Tarpaulins",
        "subcategory": "",
        "description": "",
        "category": 13,
        "item_type": "TRADED",
        "item_usage": "BOTH",
        "unit_of_measure": "pieces",
        "has_serial_number": false,
        "has_batch_tracking": false,
        "has_expiry_date": false,
        "reorder_level": "10.0000",
        "minimum_stock": "5.0000",
        "maximum_stock": "100.0000",
        "safety_stock": "5.0000",
        "lead_time_days": 0,
        "preferred_supplier": null,
        "currency": 1,
        "unit_cost": "0.00",
        "selling_price": "0.00"
    }
},
{
    "model": "inventory.item",
    "pk": 75,
    "fields": {
        "created_at": "2026-06-12T06:55:00.832Z",
        "updated_at": "2026-06-12T06:55:00.832Z",
        "is_active": true,
        "code": "LOG-003",
        "name": "Pallets",
        "subcategory": "",
        "description": "",
        "category": 13,
        "item_type": "TRADED",
        "item_usage": "BOTH",
        "unit_of_measure": "pieces",
        "has_serial_number": false,
        "has_batch_tracking": false,
        "has_expiry_date": false,
        "reorder_level": "10.0000",
        "minimum_stock": "5.0000",
        "maximum_stock": "100.0000",
        "safety_stock": "5.0000",
        "lead_time_days": 0,
        "preferred_supplier": null,
        "currency": 1,
        "unit_cost": "0.00",
        "selling_price": "0.00"
    }
},
{
    "model": "inventory.item",
    "pk": 76,
    "fields": {
        "created_at": "2026-06-12T06:55:00.836Z",
        "updated_at": "2026-06-12T06:55:00.836Z",
        "is_active": true,
        "code": "LOG-004",
        "name": "Loading Chains",
        "subcategory": "",
        "description": "",
        "category": 13,
        "item_type": "TRADED",
        "item_usage": "BOTH",
        "unit_of_measure": "pieces",
        "has_serial_number": false,
        "has_batch_tracking": false,
        "has_expiry_date": false,
        "reorder_level": "10.0000",
        "minimum_stock": "5.0000",
        "maximum_stock": "100.0000",
        "safety_stock": "5.0000",
        "lead_time_days": 0,
        "preferred_supplier": null,
        "currency": 1,
        "unit_cost": "0.00",
        "selling_price": "0.00"
    }
},
{
    "model": "inventory.item",
    "pk": 77,
    "fields": {
        "created_at": "2026-06-12T06:55:00.841Z",
        "updated_at": "2026-06-12T06:55:00.841Z",
        "is_active": true,
        "code": "LOG-005",
        "name": "Lifting Slings",
        "subcategory": "",
        "description": "",
        "category": 13,
        "item_type": "TRADED",
        "item_usage": "BOTH",
        "unit_of_measure": "pieces",
        "has_serial_number": false,
        "has_batch_tracking": false,
        "has_expiry_date": false,
        "reorder_level": "10.0000",
        "minimum_stock": "5.0000",
        "maximum_stock": "100.0000",
        "safety_stock": "5.0000",
        "lead_time_days": 0,
        "preferred_supplier": null,
        "currency": 1,
        "unit_cost": "0.00",
        "selling_price": "0.00"
    }
},
{
    "model": "inventory.item",
    "pk": 78,
    "fields": {
        "created_at": "2026-06-12T06:55:00.845Z",
        "updated_at": "2026-06-12T06:55:00.845Z",
        "is_active": true,
        "code": "MSP-001",
        "name": "Bearings",
        "subcategory": "",
        "description": "",
        "category": 14,
        "item_type": "SPARE_PART",
        "item_usage": "BOTH",
        "unit_of_measure": "pieces",
        "has_serial_number": false,
        "has_batch_tracking": false,
        "has_expiry_date": false,
        "reorder_level": "10.0000",
        "minimum_stock": "5.0000",
        "maximum_stock": "100.0000",
        "safety_stock": "5.0000",
        "lead_time_days": 0,
        "preferred_supplier": null,
        "currency": 1,
        "unit_cost": "0.00",
        "selling_price": "0.00"
    }
},
{
    "model": "inventory.item",
    "pk": 79,
    "fields": {
        "created_at": "2026-06-12T06:55:00.850Z",
        "updated_at": "2026-06-12T06:55:00.850Z",
        "is_active": true,
        "code": "MSP-002",
        "name": "Belts",
        "subcategory": "",
        "description": "",
        "category": 14,
        "item_type": "SPARE_PART",
        "item_usage": "BOTH",
        "unit_of_measure": "pieces",
        "has_serial_number": false,
        "has_batch_tracking": false,
        "has_expiry_date": false,
        "reorder_level": "10.0000",
        "minimum_stock": "5.0000",
        "maximum_stock": "100.0000",
        "safety_stock": "5.0000",
        "lead_time_days": 0,
        "preferred_supplier": null,
        "currency": 1,
        "unit_cost": "0.00",
        "selling_price": "0.00"
    }
},
{
    "model": "inventory.item",
    "pk": 80,
    "fields": {
        "created_at": "2026-06-12T06:55:00.854Z",
        "updated_at": "2026-06-12T06:55:00.854Z",
        "is_active": true,
        "code": "MSP-003",
        "name": "Motors",
        "subcategory": "",
        "description": "",
        "category": 14,
        "item_type": "SPARE_PART",
        "item_usage": "BOTH",
        "unit_of_measure": "units",
        "has_serial_number": false,
        "has_batch_tracking": false,
        "has_expiry_date": false,
        "reorder_level": "10.0000",
        "minimum_stock": "5.0000",
        "maximum_stock": "100.0000",
        "safety_stock": "5.0000",
        "lead_time_days": 0,
        "preferred_supplier": null,
        "currency": 1,
        "unit_cost": "0.00",
        "selling_price": "0.00"
    }
},
{
    "model": "inventory.item",
    "pk": 81,
    "fields": {
        "created_at": "2026-06-12T06:55:00.858Z",
        "updated_at": "2026-06-12T06:55:00.858Z",
        "is_active": true,
        "code": "MSP-004",
        "name": "Hydraulic Hoses",
        "subcategory": "",
        "description": "",
        "category": 14,
        "item_type": "SPARE_PART",
        "item_usage": "BOTH",
        "unit_of_measure": "meters",
        "has_serial_number": false,
        "has_batch_tracking": false,
        "has_expiry_date": false,
        "reorder_level": "10.0000",
        "minimum_stock": "5.0000",
        "maximum_stock": "100.0000",
        "safety_stock": "5.0000",
        "lead_time_days": 0,
        "preferred_supplier": null,
        "currency": 1,
        "unit_cost": "0.00",
        "selling_price": "0.00"
    }
},
{
    "model": "inventory.item",
    "pk": 82,
    "fields": {
        "created_at": "2026-06-12T06:55:00.862Z",
        "updated_at": "2026-06-12T06:55:00.862Z",
        "is_active": true,
        "code": "MSP-005",
        "name": "Pumps",
        "subcategory": "",
        "description": "",
        "category": 14,
        "item_type": "SPARE_PART",
        "item_usage": "BOTH",
        "unit_of_measure": "units",
        "has_serial_number": false,
        "has_batch_tracking": false,
        "has_expiry_date": false,
        "reorder_level": "10.0000",
        "minimum_stock": "5.0000",
        "maximum_stock": "100.0000",
        "safety_stock": "5.0000",
        "lead_time_days": 0,
        "preferred_supplier": null,
        "currency": 1,
        "unit_cost": "0.00",
        "selling_price": "0.00"
    }
},
{
    "model": "inventory.item",
    "pk": 83,
    "fields": {
        "created_at": "2026-06-12T06:55:00.868Z",
        "updated_at": "2026-06-12T06:55:00.868Z",
        "is_active": true,
        "code": "MSP-006",
        "name": "Gearboxes",
        "subcategory": "",
        "description": "",
        "category": 14,
        "item_type": "SPARE_PART",
        "item_usage": "BOTH",
        "unit_of_measure": "units",
        "has_serial_number": false,
        "has_batch_tracking": false,
        "has_expiry_date": false,
        "reorder_level": "10.0000",
        "minimum_stock": "5.0000",
        "maximum_stock": "100.0000",
        "safety_stock": "5.0000",
        "lead_time_days": 0,
        "preferred_supplier": null,
        "currency": 1,
        "unit_cost": "0.00",
        "selling_price": "0.00"
    }
},
{
    "model": "inventory.item",
    "pk": 84,
    "fields": {
        "created_at": "2026-06-12T06:55:00.872Z",
        "updated_at": "2026-06-12T06:55:00.872Z",
        "is_active": true,
        "code": "MSP-007",
        "name": "Industrial Sensors",
        "subcategory": "",
        "description": "",
        "category": 14,
        "item_type": "SPARE_PART",
        "item_usage": "BOTH",
        "unit_of_measure": "pieces",
        "has_serial_number": false,
        "has_batch_tracking": false,
        "has_expiry_date": false,
        "reorder_level": "10.0000",
        "minimum_stock": "5.0000",
        "maximum_stock": "100.0000",
        "safety_stock": "5.0000",
        "lead_time_days": 0,
        "preferred_supplier": null,
        "currency": 1,
        "unit_cost": "0.00",
        "selling_price": "0.00"
    }
},
{
    "model": "inventory.item",
    "pk": 85,
    "fields": {
        "created_at": "2026-06-12T06:55:00.876Z",
        "updated_at": "2026-06-12T06:55:00.876Z",
        "is_active": true,
        "code": "MSP-008",
        "name": "Pneumatic Components",
        "subcategory": "",
        "description": "",
        "category": 14,
        "item_type": "SPARE_PART",
        "item_usage": "BOTH",
        "unit_of_measure": "sets",
        "has_serial_number": false,
        "has_batch_tracking": false,
        "has_expiry_date": false,
        "reorder_level": "10.0000",
        "minimum_stock": "5.0000",
        "maximum_stock": "100.0000",
        "safety_stock": "5.0000",
        "lead_time_days": 0,
        "preferred_supplier": null,
        "currency": 1,
        "unit_cost": "0.00",
        "selling_price": "0.00"
    }
},
{
    "model": "inventory.item",
    "pk": 86,
    "fields": {
        "created_at": "2026-06-12T06:55:00.880Z",
        "updated_at": "2026-06-12T06:55:00.880Z",
        "is_active": true,
        "code": "TLE-001",
        "name": "Welding Machines",
        "subcategory": "",
        "description": "",
        "category": 15,
        "item_type": "ASSET",
        "item_usage": "BOTH",
        "unit_of_measure": "units",
        "has_serial_number": true,
        "has_batch_tracking": false,
        "has_expiry_date": false,
        "reorder_level": "10.0000",
        "minimum_stock": "5.0000",
        "maximum_stock": "100.0000",
        "safety_stock": "5.0000",
        "lead_time_days": 0,
        "preferred_supplier": null,
        "currency": 1,
        "unit_cost": "0.00",
        "selling_price": "0.00"
    }
},
{
    "model": "inventory.item",
    "pk": 87,
    "fields": {
        "created_at": "2026-06-12T06:55:00.884Z",
        "updated_at": "2026-06-12T06:55:00.884Z",
        "is_active": true,
        "code": "TLE-002",
        "name": "Angle Grinders",
        "subcategory": "",
        "description": "",
        "category": 15,
        "item_type": "ASSET",
        "item_usage": "BOTH",
        "unit_of_measure": "units",
        "has_serial_number": true,
        "has_batch_tracking": false,
        "has_expiry_date": false,
        "reorder_level": "10.0000",
        "minimum_stock": "5.0000",
        "maximum_stock": "100.0000",
        "safety_stock": "5.0000",
        "lead_time_days": 0,
        "preferred_supplier": null,
        "currency": 1,
        "unit_cost": "0.00",
        "selling_price": "0.00"
    }
},
{
    "model": "inventory.item",
    "pk": 88,
    "fields": {
        "created_at": "2026-06-12T06:55:00.889Z",
        "updated_at": "2026-06-12T06:55:00.889Z",
        "is_active": true,
        "code": "TLE-003",
        "name": "Hand Drills",
        "subcategory": "",
        "description": "",
        "category": 15,
        "item_type": "ASSET",
        "item_usage": "BOTH",
        "unit_of_measure": "units",
        "has_serial_number": true,
        "has_batch_tracking": false,
        "has_expiry_date": false,
        "reorder_level": "10.0000",
        "minimum_stock": "5.0000",
        "maximum_stock": "100.0000",
        "safety_stock": "5.0000",
        "lead_time_days": 0,
        "preferred_supplier": null,
        "currency": 1,
        "unit_cost": "0.00",
        "selling_price": "0.00"
    }
},
{
    "model": "inventory.item",
    "pk": 89,
    "fields": {
        "created_at": "2026-06-12T06:55:00.894Z",
        "updated_at": "2026-06-12T06:55:00.894Z",
        "is_active": true,
        "code": "TLE-004",
        "name": "Measuring Instruments",
        "subcategory": "",
        "description": "",
        "category": 15,
        "item_type": "ASSET",
        "item_usage": "BOTH",
        "unit_of_measure": "units",
        "has_serial_number": true,
        "has_batch_tracking": false,
        "has_expiry_date": false,
        "reorder_level": "10.0000",
        "minimum_stock": "5.0000",
        "maximum_stock": "100.0000",
        "safety_stock": "5.0000",
        "lead_time_days": 0,
        "preferred_supplier": null,
        "currency": 1,
        "unit_cost": "0.00",
        "selling_price": "0.00"
    }
},
{
    "model": "inventory.item",
    "pk": 90,
    "fields": {
        "created_at": "2026-06-12T06:55:00.898Z",
        "updated_at": "2026-06-12T06:55:00.898Z",
        "is_active": true,
        "code": "TLE-005",
        "name": "Cutting Machines",
        "subcategory": "",
        "description": "",
        "category": 15,
        "item_type": "ASSET",
        "item_usage": "BOTH",
        "unit_of_measure": "units",
        "has_serial_number": true,
        "has_batch_tracking": false,
        "has_expiry_date": false,
        "reorder_level": "10.0000",
        "minimum_stock": "5.0000",
        "maximum_stock": "100.0000",
        "safety_stock": "5.0000",
        "lead_time_days": 0,
        "preferred_supplier": null,
        "currency": 1,
        "unit_cost": "0.00",
        "selling_price": "0.00"
    }
},
{
    "model": "inventory.item",
    "pk": 91,
    "fields": {
        "created_at": "2026-06-12T06:55:00.902Z",
        "updated_at": "2026-06-12T06:55:00.902Z",
        "is_active": true,
        "code": "TLE-006",
        "name": "Hydraulic Tools",
        "subcategory": "",
        "description": "",
        "category": 15,
        "item_type": "ASSET",
        "item_usage": "BOTH",
        "unit_of_measure": "units",
        "has_serial_number": true,
        "has_batch_tracking": false,
        "has_expiry_date": false,
        "reorder_level": "10.0000",
        "minimum_stock": "5.0000",
        "maximum_stock": "100.0000",
        "safety_stock": "5.0000",
        "lead_time_days": 0,
        "preferred_supplier": null,
        "currency": 1,
        "unit_cost": "0.00",
        "selling_price": "0.00"
    }
},
{
    "model": "inventory.item",
    "pk": 92,
    "fields": {
        "created_at": "2026-06-12T06:55:00.906Z",
        "updated_at": "2026-06-12T06:55:00.906Z",
        "is_active": true,
        "code": "OIT-001",
        "name": "Laptops",
        "subcategory": "",
        "description": "",
        "category": 16,
        "item_type": "ASSET",
        "item_usage": "BOTH",
        "unit_of_measure": "units",
        "has_serial_number": true,
        "has_batch_tracking": false,
        "has_expiry_date": false,
        "reorder_level": "10.0000",
        "minimum_stock": "5.0000",
        "maximum_stock": "100.0000",
        "safety_stock": "5.0000",
        "lead_time_days": 0,
        "preferred_supplier": null,
        "currency": 1,
        "unit_cost": "0.00",
        "selling_price": "0.00"
    }
},
{
    "model": "inventory.item",
    "pk": 93,
    "fields": {
        "created_at": "2026-06-12T06:55:00.911Z",
        "updated_at": "2026-06-12T06:55:00.911Z",
        "is_active": true,
        "code": "OIT-002",
        "name": "Desktop Computers",
        "subcategory": "",
        "description": "",
        "category": 16,
        "item_type": "ASSET",
        "item_usage": "BOTH",
        "unit_of_measure": "units",
        "has_serial_number": true,
        "has_batch_tracking": false,
        "has_expiry_date": false,
        "reorder_level": "10.0000",
        "minimum_stock": "5.0000",
        "maximum_stock": "100.0000",
        "safety_stock": "5.0000",
        "lead_time_days": 0,
        "preferred_supplier": null,
        "currency": 1,
        "unit_cost": "0.00",
        "selling_price": "0.00"
    }
},
{
    "model": "inventory.item",
    "pk": 94,
    "fields": {
        "created_at": "2026-06-12T06:55:00.916Z",
        "updated_at": "2026-06-12T06:55:00.916Z",
        "is_active": true,
        "code": "OIT-003",
        "name": "Printers",
        "subcategory": "",
        "description": "",
        "category": 16,
        "item_type": "ASSET",
        "item_usage": "BOTH",
        "unit_of_measure": "units",
        "has_serial_number": true,
        "has_batch_tracking": false,
        "has_expiry_date": false,
        "reorder_level": "10.0000",
        "minimum_stock": "5.0000",
        "maximum_stock": "100.0000",
        "safety_stock": "5.0000",
        "lead_time_days": 0,
        "preferred_supplier": null,
        "currency": 1,
        "unit_cost": "0.00",
        "selling_price": "0.00"
    }
},
{
    "model": "inventory.item",
    "pk": 95,
    "fields": {
        "created_at": "2026-06-12T06:55:00.920Z",
        "updated_at": "2026-06-12T06:55:00.920Z",
        "is_active": true,
        "code": "OIT-004",
        "name": "Routers",
        "subcategory": "",
        "description": "",
        "category": 16,
        "item_type": "ASSET",
        "item_usage": "BOTH",
        "unit_of_measure": "units",
        "has_serial_number": true,
        "has_batch_tracking": false,
        "has_expiry_date": false,
        "reorder_level": "10.0000",
        "minimum_stock": "5.0000",
        "maximum_stock": "100.0000",
        "safety_stock": "5.0000",
        "lead_time_days": 0,
        "preferred_supplier": null,
        "currency": 1,
        "unit_cost": "0.00",
        "selling_price": "0.00"
    }
},
{
    "model": "inventory.item",
    "pk": 96,
    "fields": {
        "created_at": "2026-06-12T06:55:00.924Z",
        "updated_at": "2026-06-12T06:55:00.924Z",
        "is_active": true,
        "code": "OIT-005",
        "name": "Office Furniture",
        "subcategory": "",
        "description": "",
        "category": 16,
        "item_type": "ASSET",
        "item_usage": "BOTH",
        "unit_of_measure": "sets",
        "has_serial_number": false,
        "has_batch_tracking": false,
        "has_expiry_date": false,
        "reorder_level": "10.0000",
        "minimum_stock": "5.0000",
        "maximum_stock": "100.0000",
        "safety_stock": "5.0000",
        "lead_time_days": 0,
        "preferred_supplier": null,
        "currency": 1,
        "unit_cost": "0.00",
        "selling_price": "0.00"
    }
},
{
    "model": "inventory.item",
    "pk": 97,
    "fields": {
        "created_at": "2026-06-12T06:55:00.929Z",
        "updated_at": "2026-06-12T06:55:00.929Z",
        "is_active": true,
        "code": "OIT-006",
        "name": "Projectors",
        "subcategory": "",
        "description": "",
        "category": 16,
        "item_type": "ASSET",
        "item_usage": "BOTH",
        "unit_of_measure": "units",
        "has_serial_number": true,
        "has_batch_tracking": false,
        "has_expiry_date": false,
        "reorder_level": "10.0000",
        "minimum_stock": "5.0000",
        "maximum_stock": "100.0000",
        "safety_stock": "5.0000",
        "lead_time_days": 0,
        "preferred_supplier": null,
        "currency": 1,
        "unit_cost": "0.00",
        "selling_price": "0.00"
    }
},
{
    "model": "inventory.item",
    "pk": 98,
    "fields": {
        "created_at": "2026-06-12T06:55:00.933Z",
        "updated_at": "2026-06-12T06:55:00.933Z",
        "is_active": true,
        "code": "NSS-001",
        "name": "Freight Services",
        "subcategory": "",
        "description": "",
        "category": 17,
        "item_type": "SERVICE",
        "item_usage": "BOTH",
        "unit_of_measure": "service",
        "has_serial_number": false,
        "has_batch_tracking": false,
        "has_expiry_date": false,
        "reorder_level": "10.0000",
        "minimum_stock": "5.0000",
        "maximum_stock": "100.0000",
        "safety_stock": "5.0000",
        "lead_time_days": 0,
        "preferred_supplier": null,
        "currency": 1,
        "unit_cost": "0.00",
        "selling_price": "0.00"
    }
},
{
    "model": "inventory.item",
    "pk": 99,
    "fields": {
        "created_at": "2026-06-12T06:55:00.938Z",
        "updated_at": "2026-06-12T06:55:00.938Z",
        "is_active": true,
        "code": "NSS-002",
        "name": "Equipment Rental",
        "subcategory": "",
        "description": "",
        "category": 17,
        "item_type": "SERVICE",
        "item_usage": "BOTH",
        "unit_of_measure": "service",
        "has_serial_number": false,
        "has_batch_tracking": false,
        "has_expiry_date": false,
        "reorder_level": "10.0000",
        "minimum_stock": "5.0000",
        "maximum_stock": "100.0000",
        "safety_stock": "5.0000",
        "lead_time_days": 0,
        "preferred_supplier": null,
        "currency": 1,
        "unit_cost": "0.00",
        "selling_price": "0.00"
    }
},
{
    "model": "inventory.item",
    "pk": 100,
    "fields": {
        "created_at": "2026-06-12T06:55:00.942Z",
        "updated_at": "2026-06-12T06:55:00.942Z",
        "is_active": true,
        "code": "NSS-003",
        "name": "Technical Consultancy",
        "subcategory": "",
        "description": "",
        "category": 17,
        "item_type": "SERVICE",
        "item_usage": "BOTH",
        "unit_of_measure": "service",
        "has_serial_number": false,
        "has_batch_tracking": false,
        "has_expiry_date": false,
        "reorder_level": "10.0000",
        "minimum_stock": "5.0000",
        "maximum_stock": "100.0000",
        "safety_stock": "5.0000",
        "lead_time_days": 0,
        "preferred_supplier": null,
        "currency": 1,
        "unit_cost": "0.00",
        "selling_price": "0.00"
    }
},
{
    "model": "inventory.item",
    "pk": 101,
    "fields": {
        "created_at": "2026-06-12T06:55:00.947Z",
        "updated_at": "2026-06-12T06:55:00.947Z",
        "is_active": true,
        "code": "NSS-004",
        "name": "Installation Services",
        "subcategory": "",
        "description": "",
        "category": 17,
        "item_type": "SERVICE",
        "item_usage": "BOTH",
        "unit_of_measure": "service",
        "has_serial_number": false,
        "has_batch_tracking": false,
        "has_expiry_date": false,
        "reorder_level": "10.0000",
        "minimum_stock": "5.0000",
        "maximum_stock": "100.0000",
        "safety_stock": "5.0000",
        "lead_time_days": 0,
        "preferred_supplier": null,
        "currency": 1,
        "unit_cost": "0.00",
        "selling_price": "0.00"
    }
},
{
    "model": "inventory.item",
    "pk": 102,
    "fields": {
        "created_at": "2026-06-12T06:55:00.951Z",
        "updated_at": "2026-06-12T06:55:00.951Z",
        "is_active": true,
        "code": "NSS-005",
        "name": "Training Services",
        "subcategory": "",
        "description": "",
        "category": 17,
        "item_type": "SERVICE",
        "item_usage": "BOTH",
        "unit_of_measure": "service",
        "has_serial_number": false,
        "has_batch_tracking": false,
        "has_expiry_date": false,
        "reorder_level": "10.0000",
        "minimum_stock": "5.0000",
        "maximum_stock": "100.0000",
        "safety_stock": "5.0000",
        "lead_time_days": 0,
        "preferred_supplier": null,
        "currency": 1,
        "unit_cost": "0.00",
        "selling_price": "0.00"
    }
},
{
    "model": "inventory.warehouse",
    "pk": 1,
    "fields": {
        "created_at": "2026-06-10T09:07:52.171Z",
        "updated_at": "2026-06-12T07:16:04.565Z",
        "is_active": true,
        "name": "Main Warehouse",
        "location": "MAIN OFFICER",
        "warehouse_type": "MINING_CONSUMABLES",
        "capacity": "0.0000",
        "manager": null
    }
},
{
    "model": "inventory.stock",
    "pk": 1,
    "fields": {
        "item": 1,
        "warehouse": 1,
        "quantity_on_hand": "4721.7500",
        "quantity_reserved": "0.0000",
        "quantity_available": "4721.7500",
        "last_updated": "2026-06-14T09:28:12.239Z"
    }
},
{
    "model": "inventory.stock",
    "pk": 2,
    "fields": {
        "item": 2,
        "warehouse": 1,
        "quantity_on_hand": "445.4100",
        "quantity_reserved": "0.0000",
        "quantity_available": "445.4100",
        "last_updated": "2026-06-14T09:28:12.283Z"
    }
},
{
    "model": "inventory.stock",
    "pk": 3,
    "fields": {
        "item": 5,
        "warehouse": 1,
        "quantity_on_hand": "35.0000",
        "quantity_reserved": "0.0000",
        "quantity_available": "35.0000",
        "last_updated": "2026-06-12T07:40:17.705Z"
    }
},
{
    "model": "inventory.stock",
    "pk": 4,
    "fields": {
        "item": 54,
        "warehouse": 1,
        "quantity_on_hand": "48.0000",
        "quantity_reserved": "1.0000",
        "quantity_available": "47.0000",
        "last_updated": "2026-06-12T16:33:21.611Z"
    }
},
{
    "model": "inventory.stock",
    "pk": 7,
    "fields": {
        "item": 48,
        "warehouse": 1,
        "quantity_on_hand": "48.0000",
        "quantity_reserved": "0.0000",
        "quantity_available": "48.0000",
        "last_updated": "2026-06-12T21:12:46.607Z"
    }
},
{
    "model": "inventory.stock",
    "pk": 8,
    "fields": {
        "item": 93,
        "warehouse": 1,
        "quantity_on_hand": "8.0000",
        "quantity_reserved": "0.0000",
        "quantity_available": "8.0000",
        "last_updated": "2026-06-13T20:04:39.628Z"
    }
},
{
    "model": "inventory.stock",
    "pk": 9,
    "fields": {
        "item": 6,
        "warehouse": 1,
        "quantity_on_hand": "50.0000",
        "quantity_reserved": "0.0000",
        "quantity_available": "50.0000",
        "last_updated": "2026-06-14T09:47:44.992Z"
    }
},
{
    "model": "inventory.stockmovement",
    "pk": 1,
    "fields": {
        "item": 1,
        "warehouse": 1,
        "movement_type": "IN",
        "reference_type": "MANUAL",
        "reference_id": "SEED",
        "quantity": "5000.0000",
        "unit_cost": "4500.00",
        "serial_number": "",
        "expiry_date": null,
        "notes": "Production seed stock",
        "created_by": 1,
        "created_at": "2026-06-10T14:58:00.992Z"
    }
},
{
    "model": "inventory.stockmovement",
    "pk": 2,
    "fields": {
        "item": 2,
        "warehouse": 1,
        "movement_type": "IN",
        "reference_type": "MANUAL",
        "reference_id": "SEED",
        "quantity": "500.0000",
        "unit_cost": "185000.00",
        "serial_number": "",
        "expiry_date": null,
        "notes": "Production seed stock",
        "created_by": 1,
        "created_at": "2026-06-10T14:58:01.035Z"
    }
},
{
    "model": "inventory.stockmovement",
    "pk": 3,
    "fields": {
        "item": 1,
        "warehouse": 1,
        "movement_type": "OUT",
        "reference_type": "WORK_ORDER",
        "reference_id": "WO-2026-003",
        "quantity": "147.0000",
        "unit_cost": "4500.00",
        "serial_number": "",
        "expiry_date": null,
        "notes": "Materials issued for WO-2026-003",
        "created_by": 1,
        "created_at": "2026-06-10T15:27:00.860Z"
    }
},
{
    "model": "inventory.stockmovement",
    "pk": 4,
    "fields": {
        "item": 2,
        "warehouse": 1,
        "movement_type": "OUT",
        "reference_type": "WORK_ORDER",
        "reference_id": "WO-2026-003",
        "quantity": "28.8400",
        "unit_cost": "185000.00",
        "serial_number": "",
        "expiry_date": null,
        "notes": "Materials issued for WO-2026-003",
        "created_by": 1,
        "created_at": "2026-06-10T15:27:00.890Z"
    }
},
{
    "model": "inventory.stockmovement",
    "pk": 5,
    "fields": {
        "item": 5,
        "warehouse": 1,
        "movement_type": "IN",
        "reference_type": "GRN",
        "reference_id": "GRN-2026-001",
        "quantity": "35.0000",
        "unit_cost": "28000.00",
        "serial_number": "",
        "expiry_date": null,
        "notes": "",
        "created_by": 2,
        "created_at": "2026-06-12T07:40:17.706Z"
    }
},
{
    "model": "inventory.stockmovement",
    "pk": 6,
    "fields": {
        "item": 54,
        "warehouse": 1,
        "movement_type": "IN",
        "reference_type": "GRN",
        "reference_id": "GRN-2026-002",
        "quantity": "50.0000",
        "unit_cost": "450000.00",
        "serial_number": "23",
        "expiry_date": null,
        "notes": "",
        "created_by": 2,
        "created_at": "2026-06-12T07:58:09.978Z"
    }
},
{
    "model": "inventory.stockmovement",
    "pk": 7,
    "fields": {
        "item": 54,
        "warehouse": 1,
        "movement_type": "OUT",
        "reference_type": "SALES_ORDER",
        "reference_id": "SO-2026-006",
        "quantity": "1.0000",
        "unit_cost": "500000.00",
        "serial_number": "",
        "expiry_date": null,
        "notes": "Dispatch for SO-2026-006",
        "created_by": 6,
        "created_at": "2026-06-12T16:14:47.833Z"
    }
},
{
    "model": "inventory.stockmovement",
    "pk": 8,
    "fields": {
        "item": 54,
        "warehouse": 1,
        "movement_type": "OUT",
        "reference_type": "SALES_ORDER",
        "reference_id": "SO-2026-004",
        "quantity": "1.0000",
        "unit_cost": "500000.00",
        "serial_number": "",
        "expiry_date": null,
        "notes": "Dispatch for SO-2026-004",
        "created_by": 6,
        "created_at": "2026-06-12T16:33:21.614Z"
    }
},
{
    "model": "inventory.stockmovement",
    "pk": 9,
    "fields": {
        "item": 48,
        "warehouse": 1,
        "movement_type": "IN",
        "reference_type": "GRN",
        "reference_id": "GRN-2026-003",
        "quantity": "50.0000",
        "unit_cost": "4000000.00",
        "serial_number": "",
        "expiry_date": null,
        "notes": "",
        "created_by": 2,
        "created_at": "2026-06-12T19:52:48.156Z"
    }
},
{
    "model": "inventory.stockmovement",
    "pk": 10,
    "fields": {
        "item": 93,
        "warehouse": 1,
        "movement_type": "IN",
        "reference_type": "GRN",
        "reference_id": "GRN-2026-003",
        "quantity": "5.0000",
        "unit_cost": "600000.00",
        "serial_number": "SER-NUMNUU",
        "expiry_date": null,
        "notes": "",
        "created_by": 2,
        "created_at": "2026-06-12T19:52:48.183Z"
    }
},
{
    "model": "inventory.stockmovement",
    "pk": 11,
    "fields": {
        "item": 48,
        "warehouse": 1,
        "movement_type": "OUT",
        "reference_type": "SALES_ORDER",
        "reference_id": "SO-2026-007",
        "quantity": "2.0000",
        "unit_cost": "4500000.00",
        "serial_number": "",
        "expiry_date": null,
        "notes": "Dispatch for SO-2026-007",
        "created_by": 6,
        "created_at": "2026-06-12T21:12:46.610Z"
    }
},
{
    "model": "inventory.stockmovement",
    "pk": 12,
    "fields": {
        "item": 93,
        "warehouse": 1,
        "movement_type": "IN",
        "reference_type": "ADJUSTMENT",
        "reference_id": "1",
        "quantity": "4.0000",
        "unit_cost": "0.00",
        "serial_number": "",
        "expiry_date": null,
        "notes": "For Saller office",
        "created_by": 6,
        "created_at": "2026-06-13T15:34:20.495Z"
    }
},
{
    "model": "inventory.stockmovement",
    "pk": 13,
    "fields": {
        "item": 93,
        "warehouse": 1,
        "movement_type": "OUT",
        "reference_type": "DEPT_REQUEST",
        "reference_id": "DR-2026-001",
        "quantity": "1.0000",
        "unit_cost": "0.00",
        "serial_number": "",
        "expiry_date": null,
        "notes": "Internal consumption: Logistics",
        "created_by": 11,
        "created_at": "2026-06-13T20:04:39.639Z"
    }
},
{
    "model": "inventory.stockmovement",
    "pk": 14,
    "fields": {
        "item": 1,
        "warehouse": 1,
        "movement_type": "PRODUCTION_CONSUMPTION",
        "reference_type": "WORK_ORDER",
        "reference_id": "WO-2026-004",
        "quantity": "131.2500",
        "unit_cost": "4500.00",
        "serial_number": "",
        "expiry_date": null,
        "notes": "Production consumption for WO-2026-004",
        "created_by": 13,
        "created_at": "2026-06-14T09:28:12.242Z"
    }
},
{
    "model": "inventory.stockmovement",
    "pk": 15,
    "fields": {
        "item": 2,
        "warehouse": 1,
        "movement_type": "PRODUCTION_CONSUMPTION",
        "reference_type": "WORK_ORDER",
        "reference_id": "WO-2026-004",
        "quantity": "25.7500",
        "unit_cost": "185000.00",
        "serial_number": "",
        "expiry_date": null,
        "notes": "Production consumption for WO-2026-004",
        "created_by": 13,
        "created_at": "2026-06-14T09:28:12.293Z"
    }
},
{
    "model": "inventory.stockmovement",
    "pk": 16,
    "fields": {
        "item": 6,
        "warehouse": 1,
        "movement_type": "PRODUCTION_OUTPUT",
        "reference_type": "WORK_ORDER",
        "reference_id": "WO-2026-004",
        "quantity": "50.0000",
        "unit_cost": "107087.50",
        "serial_number": "",
        "expiry_date": null,
        "notes": "Finished goods receipt FG-2026-001",
        "created_by": 11,
        "created_at": "2026-06-14T09:47:44.994Z"
    }
},
{
    "model": "inventory.stockadjustment",
    "pk": 1,
    "fields": {
        "created_at": "2026-06-13T15:34:20.412Z",
        "updated_at": "2026-06-13T15:34:20.412Z",
        "is_active": true,
        "item": 93,
        "warehouse": 1,
        "adjustment_type": "PHYSICAL_COUNT",
        "quantity": "4.0000",
        "reason": "For Saller office",
        "status": "APPROVED",
        "requested_by": 6,
        "approved_by": 6,
        "approved_at": "2026-06-13T15:34:20.411Z"
    }
},
{
    "model": "inventory.stockalert",
    "pk": 1,
    "fields": {
        "item": 1,
        "warehouse": 1,
        "alert_type": "OUT_OF_STOCK",
        "message": "Raw Steel Wire 6mm (RM-STEEL-01) is out of stock at Main Warehouse.",
        "is_read": false,
        "created_at": "2026-06-10T14:58:00.952Z"
    }
},
{
    "model": "inventory.stockalert",
    "pk": 2,
    "fields": {
        "item": 2,
        "warehouse": 1,
        "alert_type": "OUT_OF_STOCK",
        "message": "Galvanized Wire Mesh Roll (RM-MESH-01) is out of stock at Main Warehouse.",
        "is_read": false,
        "created_at": "2026-06-10T14:58:01.025Z"
    }
},
{
    "model": "inventory.stockalert",
    "pk": 3,
    "fields": {
        "item": 5,
        "warehouse": 1,
        "alert_type": "OUT_OF_STOCK",
        "message": "Welding Electrode 3.2mm (MF-WIRE-01) is out of stock at Main Warehouse.",
        "is_read": false,
        "created_at": "2026-06-12T07:40:17.684Z"
    }
},
{
    "model": "inventory.stockalert",
    "pk": 4,
    "fields": {
        "item": 54,
        "warehouse": 1,
        "alert_type": "OUT_OF_STOCK",
        "message": "Airflow Controllers (UVE-006) is out of stock at Main Warehouse.",
        "is_read": false,
        "created_at": "2026-06-12T07:58:09.966Z"
    }
},
{
    "model": "inventory.stockalert",
    "pk": 8,
    "fields": {
        "item": 48,
        "warehouse": 1,
        "alert_type": "OUT_OF_STOCK",
        "message": "Survey Consumables (GEO-006) is out of stock at Main Warehouse.",
        "is_read": false,
        "created_at": "2026-06-12T19:52:48.120Z"
    }
},
{
    "model": "inventory.stockalert",
    "pk": 9,
    "fields": {
        "item": 93,
        "warehouse": 1,
        "alert_type": "OUT_OF_STOCK",
        "message": "Desktop Computers (OIT-002) is out of stock at Main Warehouse.",
        "is_read": false,
        "created_at": "2026-06-12T19:52:48.173Z"
    }
},
{
    "model": "inventory.stockalert",
    "pk": 10,
    "fields": {
        "item": 93,
        "warehouse": 1,
        "alert_type": "LOW_STOCK",
        "message": "Desktop Computers (OIT-002) is low at Main Warehouse: 5.0000 units (reorder level: 10.0000).",
        "is_read": false,
        "created_at": "2026-06-12T19:52:48.184Z"
    }
},
{
    "model": "inventory.stockalert",
    "pk": 11,
    "fields": {
        "item": 93,
        "warehouse": 1,
        "alert_type": "LOW_STOCK",
        "message": "Desktop Computers (OIT-002) is low at Main Warehouse: 9.0000 units (reorder level: 10.0000).",
        "is_read": false,
        "created_at": "2026-06-13T15:34:20.512Z"
    }
},
{
    "model": "inventory.stockalert",
    "pk": 12,
    "fields": {
        "item": 93,
        "warehouse": 1,
        "alert_type": "LOW_STOCK",
        "message": "Desktop Computers (OIT-002) is low at Main Warehouse: 8.0000 units (reorder level: 10.0000).",
        "is_read": false,
        "created_at": "2026-06-13T20:04:39.670Z"
    }
},
{
    "model": "inventory.stockalert",
    "pk": 13,
    "fields": {
        "item": 6,
        "warehouse": 1,
        "alert_type": "OUT_OF_STOCK",
        "message": "Wire Mesh Safety Net — Underground (MF-WIRE-MESH-01) is out of stock at Main Warehouse.",
        "is_read": false,
        "created_at": "2026-06-14T09:47:44.853Z"
    }
},
{
    "model": "inventory.departmentrequest",
    "pk": 1,
    "fields": {
        "created_at": "2026-06-13T20:00:09.958Z",
        "updated_at": "2026-06-13T20:04:39.822Z",
        "is_active": true,
        "request_number": "DR-2026-001",
        "department": "LOGISTICS",
        "warehouse": 1,
        "priority": "HIGH",
        "purpose": "matumizi ya office",
        "needed_by_date": "2026-06-14",
        "status": "ISSUED",
        "notes": "fsffd",
        "requested_by": 6,
        "approved_by": 6,
        "approved_at": "2026-06-13T20:00:47.848Z",
        "issued_at": "2026-06-13T20:04:39.822Z",
        "rejection_reason": "",
        "approval_comment": ""
    }
},
{
    "model": "inventory.departmentrequestline",
    "pk": 1,
    "fields": {
        "request": 1,
        "item": 93,
        "quantity": "1.0000",
        "requested_qty": "1.0000",
        "issued_qty": "1.0000",
        "warehouse": null,
        "notes": ""
    }
},
{
    "model": "inventory.goodsissuenote",
    "pk": 1,
    "fields": {
        "created_at": "2026-06-13T20:04:39.764Z",
        "updated_at": "2026-06-13T20:04:39.764Z",
        "is_active": true,
        "gin_number": "GIN-2026-001",
        "issue_type": "INTERNAL",
        "department": "LOGISTICS",
        "warehouse": 1,
        "status": "APPROVED",
        "reason": "matumizi ya office",
        "requested_by": 11,
        "approved_by": 11,
        "approved_at": "2026-06-13T20:04:39.749Z",
        "department_request": 1
    }
},
{
    "model": "inventory.goodsissueline",
    "pk": 1,
    "fields": {
        "gin": 1,
        "item": 93,
        "quantity": "1.0000"
    }
},
{
    "model": "inventory.stocktake",
    "pk": 1,
    "fields": {
        "created_at": "2026-06-13T15:34:13.272Z",
        "updated_at": "2026-06-13T15:34:20.576Z",
        "is_active": true,
        "take_number": "STK-2026-001",
        "warehouse": 1,
        "status": "APPROVED",
        "notes": "kwa ajili ya matumizi ya ofice",
        "conducted_by": 6,
        "approved_by": 6,
        "approved_at": "2026-06-13T15:34:20.576Z"
    }
},
{
    "model": "inventory.stocktakeline",
    "pk": 1,
    "fields": {
        "stock_take": 1,
        "item": 93,
        "system_quantity": "5.0000",
        "physical_quantity": "1.0000",
        "variance": "-4.0000",
        "reason": "For Saller office"
    }
},
{
    "model": "procurement.supplier",
    "pk": 1,
    "fields": {
        "created_at": "2026-06-10T09:07:52.125Z",
        "updated_at": "2026-06-11T05:19:17.456Z",
        "is_active": true,
        "name": "Tanzania Steel Supplies Ltd",
        "registration_number": "REG-100-200-300",
        "tin_number": "100-200-300",
        "vat_number": "VAT-100-200-300",
        "email": "sales@tzsteelsupplies.co.tz",
        "phone": "+255 22 211 0001",
        "address": "Dar es Salaam, Tanzania",
        "city": "Dar es Salaam",
        "country": "Tanzania",
        "currency": 1,
        "payment_terms": "NET_30",
        "rating": 5
    }
},
{
    "model": "procurement.supplier",
    "pk": 2,
    "fields": {
        "created_at": "2026-06-10T09:07:52.138Z",
        "updated_at": "2026-06-11T05:19:17.464Z",
        "is_active": true,
        "name": "China Mining Tools Co.",
        "registration_number": "REG-CN-MIN-8842",
        "tin_number": "CN-MIN-8842",
        "vat_number": "VAT-CN-MIN-8842",
        "email": "export@chinaminingtools.com",
        "phone": "+86 21 5555 0100",
        "address": "Shanghai, China",
        "city": "Shanghai",
        "country": "China",
        "currency": 1,
        "payment_terms": "NET_60",
        "rating": 4
    }
},
{
    "model": "procurement.supplier",
    "pk": 3,
    "fields": {
        "created_at": "2026-06-10T09:07:52.145Z",
        "updated_at": "2026-06-11T05:19:17.470Z",
        "is_active": true,
        "name": "Dar Industrial Parts Ltd",
        "registration_number": "REG-200-300-400",
        "tin_number": "200-300-400",
        "vat_number": "VAT-200-300-400",
        "email": "orders@darindustrial.co.tz",
        "phone": "+255 22 277 8899",
        "address": "Dar es Salaam, Tanzania",
        "city": "Dar es Salaam",
        "country": "Tanzania",
        "currency": 1,
        "payment_terms": "NET_15",
        "rating": 4
    }
},
{
    "model": "procurement.supplier",
    "pk": 4,
    "fields": {
        "created_at": "2026-06-10T09:07:52.154Z",
        "updated_at": "2026-06-11T05:19:17.475Z",
        "is_active": true,
        "name": "East Africa Wire Mesh Ltd",
        "registration_number": "REG-300-400-500",
        "tin_number": "300-400-500",
        "vat_number": "VAT-300-400-500",
        "email": "procurement@eawiremesh.co.tz",
        "phone": "+255 27 254 1200",
        "address": "Arusha, Tanzania",
        "city": "Arusha",
        "country": "Tanzania",
        "currency": 1,
        "payment_terms": "IMMEDIATE",
        "rating": 3
    }
},
{
    "model": "procurement.supplier",
    "pk": 5,
    "fields": {
        "created_at": "2026-06-10T09:46:07.628Z",
        "updated_at": "2026-06-10T09:46:07.628Z",
        "is_active": true,
        "name": "Bitech",
        "registration_number": "2345",
        "tin_number": "554",
        "vat_number": "5342",
        "email": "ppinnocent0062@yahoo.com",
        "phone": "0742860378",
        "address": "mwanza,ilemela,kiseke P.O.Box 322",
        "city": "Mwanza",
        "country": "Tanzania",
        "currency": 1,
        "payment_terms": "IMMEDIATE",
        "rating": 4
    }
},
{
    "model": "procurement.purchaserequisition",
    "pk": 1,
    "fields": {
        "created_at": "2026-06-10T09:07:52.202Z",
        "updated_at": "2026-06-10T09:07:52.202Z",
        "is_active": true,
        "pr_number": "PR-2026-001",
        "department": 5,
        "priority": "MEDIUM",
        "status": "DRAFT",
        "notes": "[SAMPLE] Draft PR — production raw steel wire requirement",
        "total_estimated": "2250000.00",
        "requested_by": 1,
        "approved_by": null,
        "approved_at": null,
        "rejection_reason": ""
    }
},
{
    "model": "procurement.purchaserequisition",
    "pk": 2,
    "fields": {
        "created_at": "2026-06-10T09:07:52.228Z",
        "updated_at": "2026-06-10T09:07:52.228Z",
        "is_active": true,
        "pr_number": "PR-2026-002",
        "department": 2,
        "priority": "HIGH",
        "status": "PENDING",
        "notes": "[SAMPLE] Pending PR — drill bits for mining tools division",
        "total_estimated": "6400000.00",
        "requested_by": 1,
        "approved_by": null,
        "approved_at": null,
        "rejection_reason": ""
    }
},
{
    "model": "procurement.purchaserequisition",
    "pk": 3,
    "fields": {
        "created_at": "2026-06-10T09:07:52.241Z",
        "updated_at": "2026-06-10T09:07:52.241Z",
        "is_active": true,
        "pr_number": "PR-2026-003",
        "department": 5,
        "priority": "URGENT",
        "status": "APPROVED",
        "notes": "[SAMPLE] Approved PR — wire mesh for Q2 production run",
        "total_estimated": "12050000.00",
        "requested_by": 1,
        "approved_by": 1,
        "approved_at": "2026-06-10T09:07:52.240Z",
        "rejection_reason": ""
    }
},
{
    "model": "procurement.purchaserequisition",
    "pk": 4,
    "fields": {
        "created_at": "2026-06-10T09:50:03.564Z",
        "updated_at": "2026-06-10T09:50:03.664Z",
        "is_active": true,
        "pr_number": "PR-2026-004",
        "department": 2,
        "priority": "HIGH",
        "status": "PENDING",
        "notes": "Maitaji",
        "total_estimated": "1820000.00",
        "requested_by": 1,
        "approved_by": null,
        "approved_at": null,
        "rejection_reason": ""
    }
},
{
    "model": "procurement.purchaserequisition",
    "pk": 5,
    "fields": {
        "created_at": "2026-06-12T07:25:43.652Z",
        "updated_at": "2026-06-12T07:26:16.701Z",
        "is_active": true,
        "pr_number": "PR-2026-005",
        "department": 2,
        "priority": "HIGH",
        "status": "APPROVED",
        "notes": "",
        "total_estimated": "22500000.00",
        "requested_by": 2,
        "approved_by": 2,
        "approved_at": "2026-06-12T07:26:16.701Z",
        "rejection_reason": ""
    }
},
{
    "model": "procurement.purchaserequisition",
    "pk": 6,
    "fields": {
        "created_at": "2026-06-12T17:38:51.398Z",
        "updated_at": "2026-06-12T17:39:11.685Z",
        "is_active": true,
        "pr_number": "PR-2026-006",
        "department": 3,
        "priority": "URGENT",
        "status": "APPROVED",
        "notes": "news items",
        "total_estimated": "203000000.00",
        "requested_by": 2,
        "approved_by": 2,
        "approved_at": "2026-06-12T17:39:11.685Z",
        "rejection_reason": ""
    }
},
{
    "model": "procurement.purchaserequisitionitem",
    "pk": 1,
    "fields": {
        "created_at": "2026-06-10T09:07:52.208Z",
        "updated_at": "2026-06-10T09:07:52.208Z",
        "is_active": true,
        "requisition": 1,
        "item": 1,
        "quantity_requested": "500.0000",
        "unit_cost_estimate": "4500.00",
        "total_estimate": "2250000.00",
        "notes": ""
    }
},
{
    "model": "procurement.purchaserequisitionitem",
    "pk": 2,
    "fields": {
        "created_at": "2026-06-10T09:07:52.230Z",
        "updated_at": "2026-06-10T09:07:52.230Z",
        "is_active": true,
        "requisition": 2,
        "item": 3,
        "quantity_requested": "20.0000",
        "unit_cost_estimate": "320000.00",
        "total_estimate": "6400000.00",
        "notes": ""
    }
},
{
    "model": "procurement.purchaserequisitionitem",
    "pk": 3,
    "fields": {
        "created_at": "2026-06-10T09:07:52.244Z",
        "updated_at": "2026-06-10T09:07:52.244Z",
        "is_active": true,
        "requisition": 3,
        "item": 2,
        "quantity_requested": "50.0000",
        "unit_cost_estimate": "185000.00",
        "total_estimate": "9250000.00",
        "notes": ""
    }
},
{
    "model": "procurement.purchaserequisitionitem",
    "pk": 4,
    "fields": {
        "created_at": "2026-06-10T09:07:52.246Z",
        "updated_at": "2026-06-10T09:07:52.246Z",
        "is_active": true,
        "requisition": 3,
        "item": 5,
        "quantity_requested": "100.0000",
        "unit_cost_estimate": "28000.00",
        "total_estimate": "2800000.00",
        "notes": ""
    }
},
{
    "model": "procurement.purchaserequisitionitem",
    "pk": 5,
    "fields": {
        "created_at": "2026-06-10T09:50:03.566Z",
        "updated_at": "2026-06-10T09:50:03.566Z",
        "is_active": true,
        "requisition": 4,
        "item": 5,
        "quantity_requested": "65.0000",
        "unit_cost_estimate": "28000.00",
        "total_estimate": "1820000.00",
        "notes": ""
    }
},
{
    "model": "procurement.purchaserequisitionitem",
    "pk": 6,
    "fields": {
        "created_at": "2026-06-12T07:25:43.671Z",
        "updated_at": "2026-06-12T07:25:43.671Z",
        "is_active": true,
        "requisition": 5,
        "item": 54,
        "quantity_requested": "50.0000",
        "unit_cost_estimate": "450000.00",
        "total_estimate": "22500000.00",
        "notes": ""
    }
},
{
    "model": "procurement.purchaserequisitionitem",
    "pk": 7,
    "fields": {
        "created_at": "2026-06-12T17:38:51.426Z",
        "updated_at": "2026-06-12T17:38:51.426Z",
        "is_active": true,
        "requisition": 6,
        "item": 93,
        "quantity_requested": "5.0000",
        "unit_cost_estimate": "600000.00",
        "total_estimate": "3000000.00",
        "notes": ""
    }
},
{
    "model": "procurement.purchaserequisitionitem",
    "pk": 8,
    "fields": {
        "created_at": "2026-06-12T17:38:51.437Z",
        "updated_at": "2026-06-12T17:38:51.437Z",
        "is_active": true,
        "requisition": 6,
        "item": 48,
        "quantity_requested": "50.0000",
        "unit_cost_estimate": "4000000.00",
        "total_estimate": "200000000.00",
        "notes": ""
    }
},
{
    "model": "procurement.requestforquotation",
    "pk": 1,
    "fields": {
        "created_at": "2026-06-10T09:07:52.265Z",
        "updated_at": "2026-06-10T09:07:52.265Z",
        "is_active": true,
        "rfq_number": "RFQ-2026-001",
        "requisition": 3,
        "deadline": "2026-06-24",
        "status": "OPEN",
        "notes": "[SAMPLE] RFQ for wire mesh and welding supplies",
        "created_by": 1
    }
},
{
    "model": "procurement.requestforquotation",
    "pk": 2,
    "fields": {
        "created_at": "2026-06-12T07:28:09.901Z",
        "updated_at": "2026-06-12T07:28:09.901Z",
        "is_active": true,
        "rfq_number": "RFQ-2026-002",
        "requisition": 5,
        "deadline": "2026-06-22",
        "status": "OPEN",
        "notes": "",
        "created_by": 2
    }
},
{
    "model": "procurement.requestforquotation",
    "pk": 3,
    "fields": {
        "created_at": "2026-06-12T07:30:08.230Z",
        "updated_at": "2026-06-12T07:30:08.231Z",
        "is_active": true,
        "rfq_number": "RFQ-2026-003",
        "requisition": 5,
        "deadline": "2026-06-20",
        "status": "OPEN",
        "notes": "",
        "created_by": 2
    }
},
{
    "model": "procurement.requestforquotation",
    "pk": 4,
    "fields": {
        "created_at": "2026-06-12T07:34:23.547Z",
        "updated_at": "2026-06-12T07:34:35.277Z",
        "is_active": true,
        "rfq_number": "RFQ-2026-004",
        "requisition": 5,
        "deadline": "2026-06-20",
        "status": "CANCELLED",
        "notes": "",
        "created_by": 2
    }
},
{
    "model": "procurement.requestforquotation",
    "pk": 5,
    "fields": {
        "created_at": "2026-06-12T17:41:07.475Z",
        "updated_at": "2026-06-12T17:41:07.475Z",
        "is_active": true,
        "rfq_number": "RFQ-2026-005",
        "requisition": 6,
        "deadline": "2026-06-19",
        "status": "OPEN",
        "notes": "",
        "created_by": 2
    }
},
{
    "model": "procurement.rfqsupplier",
    "pk": 1,
    "fields": {
        "created_at": "2026-06-10T09:07:52.271Z",
        "updated_at": "2026-06-10T09:07:52.271Z",
        "is_active": true,
        "rfq": 1,
        "supplier": 1
    }
},
{
    "model": "procurement.rfqsupplier",
    "pk": 2,
    "fields": {
        "created_at": "2026-06-10T09:07:52.283Z",
        "updated_at": "2026-06-10T09:07:52.283Z",
        "is_active": true,
        "rfq": 1,
        "supplier": 2
    }
},
{
    "model": "procurement.rfqsupplier",
    "pk": 3,
    "fields": {
        "created_at": "2026-06-10T09:07:52.284Z",
        "updated_at": "2026-06-10T09:07:52.284Z",
        "is_active": true,
        "rfq": 1,
        "supplier": 3
    }
},
{
    "model": "procurement.rfqsupplier",
    "pk": 4,
    "fields": {
        "created_at": "2026-06-12T07:28:09.921Z",
        "updated_at": "2026-06-12T07:28:09.921Z",
        "is_active": true,
        "rfq": 2,
        "supplier": 2
    }
},
{
    "model": "procurement.rfqsupplier",
    "pk": 5,
    "fields": {
        "created_at": "2026-06-12T07:28:09.926Z",
        "updated_at": "2026-06-12T07:28:09.926Z",
        "is_active": true,
        "rfq": 2,
        "supplier": 3
    }
},
{
    "model": "procurement.rfqsupplier",
    "pk": 6,
    "fields": {
        "created_at": "2026-06-12T07:28:09.928Z",
        "updated_at": "2026-06-12T07:28:09.928Z",
        "is_active": true,
        "rfq": 2,
        "supplier": 5
    }
},
{
    "model": "procurement.rfqsupplier",
    "pk": 7,
    "fields": {
        "created_at": "2026-06-12T07:30:08.232Z",
        "updated_at": "2026-06-12T07:30:08.232Z",
        "is_active": true,
        "rfq": 3,
        "supplier": 2
    }
},
{
    "model": "procurement.rfqsupplier",
    "pk": 8,
    "fields": {
        "created_at": "2026-06-12T07:30:08.233Z",
        "updated_at": "2026-06-12T07:30:08.233Z",
        "is_active": true,
        "rfq": 3,
        "supplier": 3
    }
},
{
    "model": "procurement.rfqsupplier",
    "pk": 9,
    "fields": {
        "created_at": "2026-06-12T07:30:08.235Z",
        "updated_at": "2026-06-12T07:30:08.235Z",
        "is_active": true,
        "rfq": 3,
        "supplier": 5
    }
},
{
    "model": "procurement.rfqsupplier",
    "pk": 10,
    "fields": {
        "created_at": "2026-06-12T07:30:08.238Z",
        "updated_at": "2026-06-12T07:30:08.238Z",
        "is_active": true,
        "rfq": 3,
        "supplier": 4
    }
},
{
    "model": "procurement.rfqsupplier",
    "pk": 11,
    "fields": {
        "created_at": "2026-06-12T07:30:08.239Z",
        "updated_at": "2026-06-12T07:30:08.239Z",
        "is_active": true,
        "rfq": 3,
        "supplier": 1
    }
},
{
    "model": "procurement.rfqsupplier",
    "pk": 12,
    "fields": {
        "created_at": "2026-06-12T07:34:23.549Z",
        "updated_at": "2026-06-12T07:34:23.549Z",
        "is_active": true,
        "rfq": 4,
        "supplier": 2
    }
},
{
    "model": "procurement.rfqsupplier",
    "pk": 13,
    "fields": {
        "created_at": "2026-06-12T17:41:07.490Z",
        "updated_at": "2026-06-12T17:41:07.490Z",
        "is_active": true,
        "rfq": 5,
        "supplier": 2
    }
},
{
    "model": "procurement.rfqsupplier",
    "pk": 14,
    "fields": {
        "created_at": "2026-06-12T17:41:07.505Z",
        "updated_at": "2026-06-12T17:41:07.505Z",
        "is_active": true,
        "rfq": 5,
        "supplier": 3
    }
},
{
    "model": "procurement.rfqsupplier",
    "pk": 15,
    "fields": {
        "created_at": "2026-06-12T17:41:07.505Z",
        "updated_at": "2026-06-12T17:41:07.505Z",
        "is_active": true,
        "rfq": 5,
        "supplier": 5
    }
},
{
    "model": "procurement.supplierquotation",
    "pk": 1,
    "fields": {
        "created_at": "2026-06-12T19:49:40.549Z",
        "updated_at": "2026-06-12T19:50:13.206Z",
        "is_active": true,
        "quotation_number": "1254",
        "rfq": 5,
        "supplier": 2,
        "quotation_date": "2026-06-12",
        "valid_until": "2026-06-13",
        "currency": 2,
        "exchange_rate": "2600.000000",
        "delivery_days": 7,
        "total_amount": "203000000.00",
        "status": "SELECTED",
        "notes": "YES"
    }
},
{
    "model": "procurement.supplierquotationitem",
    "pk": 1,
    "fields": {
        "created_at": "2026-06-12T19:49:40.997Z",
        "updated_at": "2026-06-12T19:49:40.997Z",
        "is_active": true,
        "quotation": 1,
        "item": 93,
        "quantity": "5.0000",
        "unit_price": "600000.00",
        "total_price": "3000000.00"
    }
},
{
    "model": "procurement.supplierquotationitem",
    "pk": 2,
    "fields": {
        "created_at": "2026-06-12T19:49:41.021Z",
        "updated_at": "2026-06-12T19:49:41.021Z",
        "is_active": true,
        "quotation": 1,
        "item": 48,
        "quantity": "50.0000",
        "unit_price": "4000000.00",
        "total_price": "200000000.00"
    }
},
{
    "model": "procurement.purchaseorder",
    "pk": 1,
    "fields": {
        "created_at": "2026-06-10T09:51:39.329Z",
        "updated_at": "2026-06-12T07:40:17.717Z",
        "is_active": true,
        "po_number": "PO-2026-001",
        "supplier": 5,
        "quotation": null,
        "requisition": null,
        "currency": 1,
        "exchange_rate": "1.000000",
        "order_date": "2026-06-10",
        "expected_delivery": "2026-06-12",
        "payment_terms": "IMMEDIATE",
        "subtotal": "980000.00",
        "tax_amount": "176400.00",
        "apply_vat": true,
        "total_amount": "1156400.00",
        "status": "RECEIVED",
        "notes": "uysub vuihdiufvefc",
        "created_by": 1,
        "approved_by": 2,
        "approved_at": "2026-06-12T07:35:32.929Z",
        "rejection_reason": ""
    }
},
{
    "model": "procurement.purchaseorder",
    "pk": 2,
    "fields": {
        "created_at": "2026-06-12T07:44:20.021Z",
        "updated_at": "2026-06-12T07:58:09.983Z",
        "is_active": true,
        "po_number": "PO-2026-002",
        "supplier": 2,
        "quotation": null,
        "requisition": null,
        "currency": 1,
        "exchange_rate": "1.000000",
        "order_date": "2026-06-12",
        "expected_delivery": "2026-06-13",
        "payment_terms": "NET_15",
        "subtotal": "22500000.00",
        "tax_amount": "4050000.00",
        "apply_vat": true,
        "total_amount": "26550000.00",
        "status": "RECEIVED",
        "notes": "BGHG",
        "created_by": 2,
        "approved_by": 2,
        "approved_at": "2026-06-12T07:44:35.392Z",
        "rejection_reason": ""
    }
},
{
    "model": "procurement.purchaseorder",
    "pk": 3,
    "fields": {
        "created_at": "2026-06-12T19:50:13.247Z",
        "updated_at": "2026-06-12T19:52:48.192Z",
        "is_active": true,
        "po_number": "PO-2026-003",
        "supplier": 2,
        "quotation": 1,
        "requisition": 6,
        "currency": 1,
        "exchange_rate": "0.000000",
        "order_date": "2026-06-12",
        "expected_delivery": null,
        "payment_terms": "NET_60",
        "subtotal": "203000000.00",
        "tax_amount": "36540000.00",
        "apply_vat": true,
        "total_amount": "239540000.00",
        "status": "RECEIVED",
        "notes": "",
        "created_by": 2,
        "approved_by": 2,
        "approved_at": "2026-06-12T19:51:23.495Z",
        "rejection_reason": ""
    }
},
{
    "model": "procurement.purchaseorderitem",
    "pk": 1,
    "fields": {
        "created_at": "2026-06-10T09:51:39.346Z",
        "updated_at": "2026-06-12T07:40:17.715Z",
        "is_active": true,
        "purchase_order": 1,
        "item": 5,
        "quantity_ordered": "35.0000",
        "quantity_received": "35.0000",
        "unit_price": "28000.00",
        "discount_percent": "0.00",
        "total_price": "980000.00"
    }
},
{
    "model": "procurement.purchaseorderitem",
    "pk": 2,
    "fields": {
        "created_at": "2026-06-12T07:44:20.034Z",
        "updated_at": "2026-06-12T07:58:09.981Z",
        "is_active": true,
        "purchase_order": 2,
        "item": 54,
        "quantity_ordered": "50.0000",
        "quantity_received": "50.0000",
        "unit_price": "450000.00",
        "discount_percent": "0.00",
        "total_price": "22500000.00"
    }
},
{
    "model": "procurement.purchaseorderitem",
    "pk": 5,
    "fields": {
        "created_at": "2026-06-12T19:50:59.017Z",
        "updated_at": "2026-06-12T19:52:48.163Z",
        "is_active": true,
        "purchase_order": 3,
        "item": 48,
        "quantity_ordered": "50.0000",
        "quantity_received": "50.0000",
        "unit_price": "4000000.00",
        "discount_percent": "0.00",
        "total_price": "200000000.00"
    }
},
{
    "model": "procurement.purchaseorderitem",
    "pk": 6,
    "fields": {
        "created_at": "2026-06-12T19:50:59.018Z",
        "updated_at": "2026-06-12T19:52:48.187Z",
        "is_active": true,
        "purchase_order": 3,
        "item": 93,
        "quantity_ordered": "5.0000",
        "quantity_received": "5.0000",
        "unit_price": "600000.00",
        "discount_percent": "0.00",
        "total_price": "3000000.00"
    }
},
{
    "model": "procurement.goodsreceivednote",
    "pk": 2,
    "fields": {
        "created_at": "2026-06-12T07:40:17.543Z",
        "updated_at": "2026-06-12T07:40:17.718Z",
        "is_active": true,
        "grn_number": "GRN-2026-001",
        "purchase_order": 1,
        "warehouse": 1,
        "received_date": "2026-06-12",
        "received_by": 2,
        "status": "CONFIRMED",
        "notes": "GRTR"
    }
},
{
    "model": "procurement.goodsreceivednote",
    "pk": 4,
    "fields": {
        "created_at": "2026-06-12T07:58:09.842Z",
        "updated_at": "2026-06-12T07:58:09.984Z",
        "is_active": true,
        "grn_number": "GRN-2026-002",
        "purchase_order": 2,
        "warehouse": 1,
        "received_date": "2026-06-12",
        "received_by": 2,
        "status": "CONFIRMED",
        "notes": ""
    }
},
{
    "model": "procurement.goodsreceivednote",
    "pk": 5,
    "fields": {
        "created_at": "2026-06-12T19:52:47.950Z",
        "updated_at": "2026-06-12T19:52:48.195Z",
        "is_active": true,
        "grn_number": "GRN-2026-003",
        "purchase_order": 3,
        "warehouse": 1,
        "received_date": "2026-06-12",
        "received_by": 2,
        "status": "CONFIRMED",
        "notes": "SDFSGG"
    }
},
{
    "model": "procurement.grnitem",
    "pk": 2,
    "fields": {
        "created_at": "2026-06-12T07:40:17.544Z",
        "updated_at": "2026-06-12T07:40:17.544Z",
        "is_active": true,
        "grn": 2,
        "po_item": 1,
        "item": 5,
        "quantity_received": "35.0000",
        "unit_cost": "28000.00",
        "serial_number": "",
        "expiry_date": null,
        "condition": "GOOD",
        "notes": ""
    }
},
{
    "model": "procurement.grnitem",
    "pk": 4,
    "fields": {
        "created_at": "2026-06-12T07:58:09.843Z",
        "updated_at": "2026-06-12T07:58:09.843Z",
        "is_active": true,
        "grn": 4,
        "po_item": 2,
        "item": 54,
        "quantity_received": "50.0000",
        "unit_cost": "450000.00",
        "serial_number": "23",
        "expiry_date": null,
        "condition": "GOOD",
        "notes": ""
    }
},
{
    "model": "procurement.grnitem",
    "pk": 5,
    "fields": {
        "created_at": "2026-06-12T19:52:47.958Z",
        "updated_at": "2026-06-12T19:52:47.958Z",
        "is_active": true,
        "grn": 5,
        "po_item": 5,
        "item": 48,
        "quantity_received": "50.0000",
        "unit_cost": "4000000.00",
        "serial_number": "",
        "expiry_date": null,
        "condition": "GOOD",
        "notes": ""
    }
},
{
    "model": "procurement.grnitem",
    "pk": 6,
    "fields": {
        "created_at": "2026-06-12T19:52:47.970Z",
        "updated_at": "2026-06-12T19:52:47.970Z",
        "is_active": true,
        "grn": 5,
        "po_item": 6,
        "item": 93,
        "quantity_received": "5.0000",
        "unit_cost": "600000.00",
        "serial_number": "SER-NUMNUU",
        "expiry_date": null,
        "condition": "GOOD",
        "notes": ""
    }
},
{
    "model": "procurement.supplierinvoice",
    "pk": 1,
    "fields": {
        "created_at": "2026-06-12T07:42:13.746Z",
        "updated_at": "2026-06-12T19:53:14.327Z",
        "is_active": true,
        "invoice_number": "PO-2026-001",
        "supplier": 2,
        "purchase_order": 1,
        "grn": 2,
        "invoice_date": "2026-06-12",
        "due_date": "2026-06-20",
        "currency": 3,
        "exchange_rate": "1.000000",
        "subtotal": "5600000.00",
        "tax_amount": "56264.00",
        "total_amount": "6568987.00",
        "paid_amount": "0.00",
        "three_way_matched": false,
        "status": "PENDING",
        "notes": "wWQ"
    }
},
{
    "model": "sales.customer",
    "pk": 1,
    "fields": {
        "created_at": "2026-06-10T11:09:40.488Z",
        "updated_at": "2026-06-11T05:19:19.425Z",
        "is_active": true,
        "name": "Geita Gold Mining Ltd",
        "registration_number": "",
        "tin_number": "100-111-222",
        "vat_number": "40011111R",
        "email": "procurement@geitagold.co.tz",
        "phone": "+255 28 252 0001",
        "address": "Geita Gold Mine, Geita Region",
        "city": "Geita",
        "country": "Tanzania",
        "mine_name": "Geita Gold Mine",
        "mine_location": "Geita, Tanzania",
        "mine_type": "OPEN_PIT",
        "contact_person": "John Mwangi",
        "contact_phone": "+255 754 111 222",
        "currency": 1,
        "credit_limit": "500000000.00",
        "payment_terms": "NET_30"
    }
},
{
    "model": "sales.customer",
    "pk": 2,
    "fields": {
        "created_at": "2026-06-10T11:09:40.516Z",
        "updated_at": "2026-06-11T05:19:19.429Z",
        "is_active": true,
        "name": "Bulyanhulu Gold Mine Ltd",
        "registration_number": "",
        "tin_number": "200-222-333",
        "vat_number": "40022222R",
        "email": "supply@bulyanhulu.co.tz",
        "phone": "+255 28 262 0002",
        "address": "Bulyanhulu Mine, Kahama",
        "city": "Kahama",
        "country": "Tanzania",
        "mine_name": "Bulyanhulu Underground Mine",
        "mine_location": "Kahama, Shinyanga",
        "mine_type": "UNDERGROUND",
        "contact_person": "Sarah Kimaro",
        "contact_phone": "+255 755 222 333",
        "currency": 1,
        "credit_limit": "300000000.00",
        "payment_terms": "NET_60"
    }
},
{
    "model": "sales.customer",
    "pk": 3,
    "fields": {
        "created_at": "2026-06-10T11:09:40.523Z",
        "updated_at": "2026-06-11T05:19:19.431Z",
        "is_active": true,
        "name": "North Mara Gold Mine Ltd",
        "registration_number": "",
        "tin_number": "300-333-444",
        "vat_number": "",
        "email": "orders@northmara.co.tz",
        "phone": "+255 28 272 0003",
        "address": "North Mara Mine, Tarime",
        "city": "Tarime",
        "country": "Tanzania",
        "mine_name": "North Mara Mine",
        "mine_location": "Tarime, Mara Region",
        "mine_type": "BOTH",
        "contact_person": "Peter Ole Saitoti",
        "contact_phone": "+255 756 333 444",
        "currency": 1,
        "credit_limit": "200000000.00",
        "payment_terms": "NET_15"
    }
},
{
    "model": "sales.customer",
    "pk": 4,
    "fields": {
        "created_at": "2026-06-10T11:09:40.533Z",
        "updated_at": "2026-06-11T05:19:19.433Z",
        "is_active": true,
        "name": "Kahama Mining Corporation",
        "registration_number": "",
        "tin_number": "400-444-555",
        "vat_number": "",
        "email": "purchasing@kahamamining.co.tz",
        "phone": "+255 22 211 5500",
        "address": "Plot 45, Industrial Area, Kahama",
        "city": "Kahama",
        "country": "Tanzania",
        "mine_name": "Kahama Copper Mine",
        "mine_location": "Kahama",
        "mine_type": "OPEN_PIT",
        "contact_person": "David Mrema",
        "contact_phone": "+255 757 444 555",
        "currency": 1,
        "credit_limit": "150000000.00",
        "payment_terms": "IMMEDIATE"
    }
},
{
    "model": "sales.customer",
    "pk": 5,
    "fields": {
        "created_at": "2026-06-10T11:21:29.968Z",
        "updated_at": "2026-06-10T11:22:28.748Z",
        "is_active": true,
        "name": "A-class Marble ltd",
        "registration_number": "4564546",
        "tin_number": "456456456",
        "vat_number": "464456",
        "email": "ppinnocent0062@yahoo.com",
        "phone": "0742860378",
        "address": "mwanza,ilemela,kiseke P.O.Box 322",
        "city": "Mwanza",
        "country": "Tanzania",
        "mine_name": "A-class Marble",
        "mine_location": "Mahenge, Ulanga, Morogoro",
        "mine_type": "BOTH",
        "contact_person": "Paschalio",
        "contact_phone": "0742860378",
        "currency": 1,
        "credit_limit": "5000000.00",
        "payment_terms": "IMMEDIATE"
    }
},
{
    "model": "sales.salesquotation",
    "pk": 1,
    "fields": {
        "created_at": "2026-06-10T11:09:40.552Z",
        "updated_at": "2026-06-10T11:09:40.580Z",
        "is_active": true,
        "quotation_number": "QT-2026-001",
        "customer": 1,
        "currency": 1,
        "exchange_rate": "1.000000",
        "valid_until": "2026-07-10",
        "status": "DRAFT",
        "apply_vat": true,
        "subtotal": "4380000.00",
        "discount_amount": "0.00",
        "tax_amount": "788400.00",
        "total_amount": "5168400.00",
        "delivery_cost": "0.00",
        "notes": "",
        "terms_conditions": "",
        "created_by": 1
    }
},
{
    "model": "sales.salesquotation",
    "pk": 2,
    "fields": {
        "created_at": "2026-06-10T11:09:40.586Z",
        "updated_at": "2026-06-10T11:09:40.596Z",
        "is_active": true,
        "quotation_number": "QT-2026-002",
        "customer": 2,
        "currency": 1,
        "exchange_rate": "1.000000",
        "valid_until": "2026-07-10",
        "status": "SENT",
        "apply_vat": true,
        "subtotal": "3840000.00",
        "discount_amount": "0.00",
        "tax_amount": "691200.00",
        "total_amount": "4531200.00",
        "delivery_cost": "0.00",
        "notes": "",
        "terms_conditions": "",
        "created_by": 1
    }
},
{
    "model": "sales.salesquotation",
    "pk": 3,
    "fields": {
        "created_at": "2026-06-10T11:09:40.601Z",
        "updated_at": "2026-06-10T11:09:40.614Z",
        "is_active": true,
        "quotation_number": "QT-2026-003",
        "customer": 3,
        "currency": 1,
        "exchange_rate": "1.000000",
        "valid_until": "2026-07-10",
        "status": "ACCEPTED",
        "apply_vat": true,
        "subtotal": "4380000.00",
        "discount_amount": "0.00",
        "tax_amount": "788400.00",
        "total_amount": "5168400.00",
        "delivery_cost": "0.00",
        "notes": "",
        "terms_conditions": "",
        "created_by": 1
    }
},
{
    "model": "sales.salesquotation",
    "pk": 4,
    "fields": {
        "created_at": "2026-06-10T11:12:27.729Z",
        "updated_at": "2026-06-10T11:12:27.734Z",
        "is_active": true,
        "quotation_number": "QT-2026-004",
        "customer": 2,
        "currency": 1,
        "exchange_rate": "1.000000",
        "valid_until": "2026-07-10",
        "status": "DRAFT",
        "apply_vat": true,
        "subtotal": "3840000.00",
        "discount_amount": "0.00",
        "tax_amount": "691200.00",
        "total_amount": "4531200.00",
        "delivery_cost": "0.00",
        "notes": "",
        "terms_conditions": "",
        "created_by": 1
    }
},
{
    "model": "sales.salesquotation",
    "pk": 5,
    "fields": {
        "created_at": "2026-06-10T11:13:37.062Z",
        "updated_at": "2026-06-10T11:13:37.067Z",
        "is_active": true,
        "quotation_number": "QT-2026-005",
        "customer": 3,
        "currency": 1,
        "exchange_rate": "1.000000",
        "valid_until": "2026-07-10",
        "status": "DRAFT",
        "apply_vat": true,
        "subtotal": "4380000.00",
        "discount_amount": "0.00",
        "tax_amount": "788400.00",
        "total_amount": "5168400.00",
        "delivery_cost": "0.00",
        "notes": "",
        "terms_conditions": "",
        "created_by": 1
    }
},
{
    "model": "sales.salesquotation",
    "pk": 6,
    "fields": {
        "created_at": "2026-06-10T12:22:35.676Z",
        "updated_at": "2026-06-10T12:22:35.695Z",
        "is_active": true,
        "quotation_number": "QT-2026-006",
        "customer": 1,
        "currency": 1,
        "exchange_rate": "1.000000",
        "valid_until": "2026-07-10",
        "status": "DRAFT",
        "apply_vat": true,
        "subtotal": "4380000.00",
        "discount_amount": "0.00",
        "tax_amount": "788400.00",
        "total_amount": "5168400.00",
        "delivery_cost": "0.00",
        "notes": "",
        "terms_conditions": "",
        "created_by": 1
    }
},
{
    "model": "sales.salesquotation",
    "pk": 7,
    "fields": {
        "created_at": "2026-06-10T12:22:35.698Z",
        "updated_at": "2026-06-10T12:22:35.705Z",
        "is_active": true,
        "quotation_number": "QT-2026-007",
        "customer": 2,
        "currency": 1,
        "exchange_rate": "1.000000",
        "valid_until": "2026-07-10",
        "status": "SENT",
        "apply_vat": true,
        "subtotal": "3840000.00",
        "discount_amount": "0.00",
        "tax_amount": "691200.00",
        "total_amount": "4531200.00",
        "delivery_cost": "0.00",
        "notes": "",
        "terms_conditions": "",
        "created_by": 1
    }
},
{
    "model": "sales.salesquotation",
    "pk": 8,
    "fields": {
        "created_at": "2026-06-10T12:22:35.710Z",
        "updated_at": "2026-06-10T12:22:35.719Z",
        "is_active": true,
        "quotation_number": "QT-2026-008",
        "customer": 3,
        "currency": 1,
        "exchange_rate": "1.000000",
        "valid_until": "2026-07-10",
        "status": "ACCEPTED",
        "apply_vat": true,
        "subtotal": "4380000.00",
        "discount_amount": "0.00",
        "tax_amount": "788400.00",
        "total_amount": "5168400.00",
        "delivery_cost": "0.00",
        "notes": "",
        "terms_conditions": "",
        "created_by": 1
    }
},
{
    "model": "sales.salesquotation",
    "pk": 9,
    "fields": {
        "created_at": "2026-06-11T05:19:19.448Z",
        "updated_at": "2026-06-11T05:19:19.471Z",
        "is_active": true,
        "quotation_number": "QT-2026-009",
        "customer": 1,
        "currency": 1,
        "exchange_rate": "1.000000",
        "valid_until": "2026-07-11",
        "status": "DRAFT",
        "apply_vat": true,
        "subtotal": "500000.00",
        "discount_amount": "0.00",
        "tax_amount": "90000.00",
        "total_amount": "590000.00",
        "delivery_cost": "0.00",
        "notes": "",
        "terms_conditions": "",
        "created_by": 1
    }
},
{
    "model": "sales.salesquotation",
    "pk": 10,
    "fields": {
        "created_at": "2026-06-11T05:19:19.473Z",
        "updated_at": "2026-06-11T05:19:19.477Z",
        "is_active": true,
        "quotation_number": "QT-2026-010",
        "customer": 2,
        "currency": 1,
        "exchange_rate": "1.000000",
        "valid_until": "2026-07-11",
        "status": "SENT",
        "apply_vat": true,
        "subtotal": "8500000.00",
        "discount_amount": "0.00",
        "tax_amount": "1530000.00",
        "total_amount": "10030000.00",
        "delivery_cost": "0.00",
        "notes": "",
        "terms_conditions": "",
        "created_by": 1
    }
},
{
    "model": "sales.salesquotation",
    "pk": 11,
    "fields": {
        "created_at": "2026-06-11T05:19:19.479Z",
        "updated_at": "2026-06-11T05:19:19.485Z",
        "is_active": true,
        "quotation_number": "QT-2026-011",
        "customer": 3,
        "currency": 1,
        "exchange_rate": "1.000000",
        "valid_until": "2026-07-11",
        "status": "ACCEPTED",
        "apply_vat": true,
        "subtotal": "9000000.00",
        "discount_amount": "0.00",
        "tax_amount": "1620000.00",
        "total_amount": "10620000.00",
        "delivery_cost": "0.00",
        "notes": "",
        "terms_conditions": "",
        "created_by": 1
    }
},
{
    "model": "sales.salesquotationitem",
    "pk": 1,
    "fields": {
        "quotation": 1,
        "item": 4,
        "description": "",
        "quantity": "10.0000",
        "unit_price": "54000.00",
        "discount_percent": "0.00",
        "total_price": "540000.00"
    }
},
{
    "model": "sales.salesquotationitem",
    "pk": 2,
    "fields": {
        "quotation": 1,
        "item": 3,
        "description": "",
        "quantity": "10.0000",
        "unit_price": "384000.00",
        "discount_percent": "0.00",
        "total_price": "3840000.00"
    }
},
{
    "model": "sales.salesquotationitem",
    "pk": 3,
    "fields": {
        "quotation": 2,
        "item": 3,
        "description": "",
        "quantity": "10.0000",
        "unit_price": "384000.00",
        "discount_percent": "0.00",
        "total_price": "3840000.00"
    }
},
{
    "model": "sales.salesquotationitem",
    "pk": 4,
    "fields": {
        "quotation": 3,
        "item": 4,
        "description": "",
        "quantity": "10.0000",
        "unit_price": "54000.00",
        "discount_percent": "0.00",
        "total_price": "540000.00"
    }
},
{
    "model": "sales.salesquotationitem",
    "pk": 5,
    "fields": {
        "quotation": 3,
        "item": 3,
        "description": "",
        "quantity": "10.0000",
        "unit_price": "384000.00",
        "discount_percent": "0.00",
        "total_price": "3840000.00"
    }
},
{
    "model": "sales.salesquotationitem",
    "pk": 6,
    "fields": {
        "quotation": 4,
        "item": 3,
        "description": "",
        "quantity": "10.0000",
        "unit_price": "384000.00",
        "discount_percent": "0.00",
        "total_price": "3840000.00"
    }
},
{
    "model": "sales.salesquotationitem",
    "pk": 7,
    "fields": {
        "quotation": 5,
        "item": 4,
        "description": "",
        "quantity": "10.0000",
        "unit_price": "54000.00",
        "discount_percent": "0.00",
        "total_price": "540000.00"
    }
},
{
    "model": "sales.salesquotationitem",
    "pk": 8,
    "fields": {
        "quotation": 5,
        "item": 3,
        "description": "",
        "quantity": "10.0000",
        "unit_price": "384000.00",
        "discount_percent": "0.00",
        "total_price": "3840000.00"
    }
},
{
    "model": "sales.salesquotationitem",
    "pk": 9,
    "fields": {
        "quotation": 6,
        "item": 4,
        "description": "",
        "quantity": "10.0000",
        "unit_price": "54000.00",
        "discount_percent": "0.00",
        "total_price": "540000.00"
    }
},
{
    "model": "sales.salesquotationitem",
    "pk": 10,
    "fields": {
        "quotation": 6,
        "item": 3,
        "description": "",
        "quantity": "10.0000",
        "unit_price": "384000.00",
        "discount_percent": "0.00",
        "total_price": "3840000.00"
    }
},
{
    "model": "sales.salesquotationitem",
    "pk": 11,
    "fields": {
        "quotation": 7,
        "item": 3,
        "description": "",
        "quantity": "10.0000",
        "unit_price": "384000.00",
        "discount_percent": "0.00",
        "total_price": "3840000.00"
    }
},
{
    "model": "sales.salesquotationitem",
    "pk": 12,
    "fields": {
        "quotation": 8,
        "item": 4,
        "description": "",
        "quantity": "10.0000",
        "unit_price": "54000.00",
        "discount_percent": "0.00",
        "total_price": "540000.00"
    }
},
{
    "model": "sales.salesquotationitem",
    "pk": 13,
    "fields": {
        "quotation": 8,
        "item": 3,
        "description": "",
        "quantity": "10.0000",
        "unit_price": "384000.00",
        "discount_percent": "0.00",
        "total_price": "3840000.00"
    }
},
{
    "model": "sales.salesquotationitem",
    "pk": 14,
    "fields": {
        "quotation": 9,
        "item": 7,
        "description": "",
        "quantity": "10.0000",
        "unit_price": "50000.00",
        "discount_percent": "0.00",
        "total_price": "500000.00"
    }
},
{
    "model": "sales.salesquotationitem",
    "pk": 15,
    "fields": {
        "quotation": 9,
        "item": 8,
        "description": "",
        "quantity": "10.0000",
        "unit_price": "0.00",
        "discount_percent": "0.00",
        "total_price": "0.00"
    }
},
{
    "model": "sales.salesquotationitem",
    "pk": 16,
    "fields": {
        "quotation": 10,
        "item": 8,
        "description": "",
        "quantity": "10.0000",
        "unit_price": "0.00",
        "discount_percent": "0.00",
        "total_price": "0.00"
    }
},
{
    "model": "sales.salesquotationitem",
    "pk": 17,
    "fields": {
        "quotation": 10,
        "item": 6,
        "description": "",
        "quantity": "10.0000",
        "unit_price": "850000.00",
        "discount_percent": "0.00",
        "total_price": "8500000.00"
    }
},
{
    "model": "sales.salesquotationitem",
    "pk": 18,
    "fields": {
        "quotation": 11,
        "item": 7,
        "description": "",
        "quantity": "10.0000",
        "unit_price": "50000.00",
        "discount_percent": "0.00",
        "total_price": "500000.00"
    }
},
{
    "model": "sales.salesquotationitem",
    "pk": 19,
    "fields": {
        "quotation": 11,
        "item": 8,
        "description": "",
        "quantity": "10.0000",
        "unit_price": "0.00",
        "discount_percent": "0.00",
        "total_price": "0.00"
    }
},
{
    "model": "sales.salesquotationitem",
    "pk": 20,
    "fields": {
        "quotation": 11,
        "item": 6,
        "description": "",
        "quantity": "10.0000",
        "unit_price": "850000.00",
        "discount_percent": "0.00",
        "total_price": "8500000.00"
    }
},
{
    "model": "sales.salesorder",
    "pk": 1,
    "fields": {
        "created_at": "2026-06-10T11:09:40.632Z",
        "updated_at": "2026-06-10T11:09:40.660Z",
        "is_active": true,
        "so_number": "SO-2026-001",
        "customer": 1,
        "quotation": 3,
        "lpo_number": "",
        "lpo_date": null,
        "currency": 1,
        "exchange_rate": "1.000000",
        "delivery_date": "2026-06-24",
        "delivery_address": "Geita Gold Mine, Geita Region",
        "requested_delivery_location": "",
        "fulfillment_warehouse": null,
        "status": "PAYMENT_CONFIRMED",
        "inventory_status": "NONE",
        "delivery_method": "",
        "delivery_cost": "0.00",
        "linked_pr": null,
        "delivery_status": "PROCESSING",
        "payment_status": "UNPAID",
        "apply_vat": true,
        "subtotal": "4380000.00",
        "discount_amount": "0.00",
        "tax_amount": "788400.00",
        "total_amount": "5168400.00",
        "notes": "",
        "created_by": 1,
        "approved_by": 1,
        "approved_at": "2026-06-10T11:09:40.631Z",
        "cancel_reason": ""
    }
},
{
    "model": "sales.salesorder",
    "pk": 2,
    "fields": {
        "created_at": "2026-06-10T12:22:35.732Z",
        "updated_at": "2026-06-12T17:21:51.701Z",
        "is_active": true,
        "so_number": "SO-2026-002",
        "customer": 1,
        "quotation": 8,
        "lpo_number": "",
        "lpo_date": null,
        "currency": 1,
        "exchange_rate": "1.000000",
        "delivery_date": "2026-06-24",
        "delivery_address": "Geita Gold Mine, Geita Region",
        "requested_delivery_location": "",
        "fulfillment_warehouse": null,
        "status": "DELIVERED",
        "inventory_status": "NONE",
        "delivery_method": "",
        "delivery_cost": "0.00",
        "linked_pr": null,
        "delivery_status": "DELIVERED",
        "payment_status": "UNPAID",
        "apply_vat": true,
        "subtotal": "4380000.00",
        "discount_amount": "0.00",
        "tax_amount": "788400.00",
        "total_amount": "5168400.00",
        "notes": "",
        "created_by": 1,
        "approved_by": 1,
        "approved_at": "2026-06-10T12:22:35.730Z",
        "cancel_reason": ""
    }
},
{
    "model": "sales.salesorder",
    "pk": 3,
    "fields": {
        "created_at": "2026-06-11T05:19:19.501Z",
        "updated_at": "2026-06-12T17:25:59.498Z",
        "is_active": true,
        "so_number": "SO-2026-003",
        "customer": 1,
        "quotation": 11,
        "lpo_number": "",
        "lpo_date": null,
        "currency": 1,
        "exchange_rate": "1.000000",
        "delivery_date": "2026-06-25",
        "delivery_address": "Geita Gold Mine, Geita Region",
        "requested_delivery_location": "",
        "fulfillment_warehouse": 1,
        "status": "VEHICLE_ASSIGNED",
        "inventory_status": "NONE",
        "delivery_method": "COMPANY",
        "delivery_cost": "0.00",
        "linked_pr": null,
        "delivery_status": "PROCESSING",
        "payment_status": "UNPAID",
        "apply_vat": true,
        "subtotal": "500000.00",
        "discount_amount": "0.00",
        "tax_amount": "90000.00",
        "total_amount": "590000.00",
        "notes": "",
        "created_by": 1,
        "approved_by": 1,
        "approved_at": "2026-06-11T05:19:19.501Z",
        "cancel_reason": ""
    }
},
{
    "model": "sales.salesorder",
    "pk": 4,
    "fields": {
        "created_at": "2026-06-12T14:05:34.124Z",
        "updated_at": "2026-06-12T17:19:35.219Z",
        "is_active": true,
        "so_number": "SO-2026-004",
        "customer": 5,
        "quotation": null,
        "lpo_number": "LPO-129-89",
        "lpo_date": "2026-06-12",
        "currency": 1,
        "exchange_rate": "1.000000",
        "delivery_date": "2026-06-13",
        "delivery_address": "mwanza,ilemela,kiseke P.O.Box 322",
        "requested_delivery_location": "morogor, ulanga-mahenge",
        "fulfillment_warehouse": 1,
        "status": "DELIVERY_CONFIRMED",
        "inventory_status": "RELEASED",
        "delivery_method": "COMPANY",
        "delivery_cost": "0.00",
        "linked_pr": null,
        "delivery_status": "DELIVERED",
        "payment_status": "PAID",
        "apply_vat": true,
        "subtotal": "500000.00",
        "discount_amount": "0.00",
        "tax_amount": "90000.00",
        "total_amount": "590000.00",
        "notes": "machine",
        "created_by": 5,
        "approved_by": null,
        "approved_at": null,
        "cancel_reason": ""
    }
},
{
    "model": "sales.salesorder",
    "pk": 5,
    "fields": {
        "created_at": "2026-06-12T14:39:39.620Z",
        "updated_at": "2026-06-12T14:53:43.769Z",
        "is_active": true,
        "so_number": "SO-2026-005",
        "customer": 5,
        "quotation": null,
        "lpo_number": "lpo-495",
        "lpo_date": "2026-06-12",
        "currency": 1,
        "exchange_rate": "1.000000",
        "delivery_date": "2026-06-28",
        "delivery_address": "mwanza,ilemela,kiseke P.O.Box 322",
        "requested_delivery_location": "Morogoro",
        "fulfillment_warehouse": 1,
        "status": "CANCELLED",
        "inventory_status": "NONE",
        "delivery_method": "",
        "delivery_cost": "0.00",
        "linked_pr": null,
        "delivery_status": "CANCELLED",
        "payment_status": "UNPAID",
        "apply_vat": true,
        "subtotal": "500000.00",
        "discount_amount": "0.00",
        "tax_amount": "90000.00",
        "total_amount": "590000.00",
        "notes": "morogoro",
        "created_by": 5,
        "approved_by": null,
        "approved_at": null,
        "cancel_reason": "fgsdgr"
    }
},
{
    "model": "sales.salesorder",
    "pk": 6,
    "fields": {
        "created_at": "2026-06-12T14:57:17.744Z",
        "updated_at": "2026-06-12T16:14:47.914Z",
        "is_active": true,
        "so_number": "SO-2026-006",
        "customer": 5,
        "quotation": null,
        "lpo_number": "452",
        "lpo_date": "2026-06-13",
        "currency": 1,
        "exchange_rate": "1.000000",
        "delivery_date": "2026-06-13",
        "delivery_address": "mwanza,ilemela,kiseke P.O.Box 322",
        "requested_delivery_location": "morogoro",
        "fulfillment_warehouse": 1,
        "status": "COMPLETED_PICKUP",
        "inventory_status": "RELEASED",
        "delivery_method": "PICKUP",
        "delivery_cost": "3000000.00",
        "linked_pr": null,
        "delivery_status": "DELIVERED",
        "payment_status": "PAID",
        "apply_vat": true,
        "subtotal": "500000.00",
        "discount_amount": "0.00",
        "tax_amount": "90000.00",
        "total_amount": "590000.00",
        "notes": "",
        "created_by": 5,
        "approved_by": null,
        "approved_at": null,
        "cancel_reason": ""
    }
},
{
    "model": "sales.salesorder",
    "pk": 7,
    "fields": {
        "created_at": "2026-06-12T20:20:01.352Z",
        "updated_at": "2026-06-13T08:17:59.652Z",
        "is_active": true,
        "so_number": "SO-2026-007",
        "customer": 4,
        "quotation": null,
        "lpo_number": "lpo 50",
        "lpo_date": "2026-06-13",
        "currency": 1,
        "exchange_rate": "1.000000",
        "delivery_date": "2026-07-03",
        "delivery_address": "Plot 45, Industrial Area, Kahama",
        "requested_delivery_location": "kahama",
        "fulfillment_warehouse": 1,
        "status": "COMPLETED_COMPANY",
        "inventory_status": "RELEASED",
        "delivery_method": "COMPANY",
        "delivery_cost": "800000.00",
        "linked_pr": null,
        "delivery_status": "DELIVERED",
        "payment_status": "PAID",
        "apply_vat": true,
        "subtotal": "9000000.00",
        "discount_amount": "0.00",
        "tax_amount": "1620000.00",
        "total_amount": "10620000.00",
        "notes": "servey",
        "created_by": 5,
        "approved_by": null,
        "approved_at": null,
        "cancel_reason": ""
    }
},
{
    "model": "sales.salesorderitem",
    "pk": 1,
    "fields": {
        "sales_order": 1,
        "item": 4,
        "quantity_ordered": "10.0000",
        "quantity_delivered": "0.0000",
        "quantity_reserved": "0.0000",
        "stock_available_snapshot": null,
        "unit_price": "54000.00",
        "discount_percent": "0.00",
        "total_price": "540000.00"
    }
},
{
    "model": "sales.salesorderitem",
    "pk": 2,
    "fields": {
        "sales_order": 1,
        "item": 3,
        "quantity_ordered": "10.0000",
        "quantity_delivered": "0.0000",
        "quantity_reserved": "0.0000",
        "stock_available_snapshot": null,
        "unit_price": "384000.00",
        "discount_percent": "0.00",
        "total_price": "3840000.00"
    }
},
{
    "model": "sales.salesorderitem",
    "pk": 3,
    "fields": {
        "sales_order": 2,
        "item": 4,
        "quantity_ordered": "10.0000",
        "quantity_delivered": "10.0000",
        "quantity_reserved": "0.0000",
        "stock_available_snapshot": null,
        "unit_price": "54000.00",
        "discount_percent": "0.00",
        "total_price": "540000.00"
    }
},
{
    "model": "sales.salesorderitem",
    "pk": 4,
    "fields": {
        "sales_order": 2,
        "item": 3,
        "quantity_ordered": "10.0000",
        "quantity_delivered": "10.0000",
        "quantity_reserved": "0.0000",
        "stock_available_snapshot": null,
        "unit_price": "384000.00",
        "discount_percent": "0.00",
        "total_price": "3840000.00"
    }
},
{
    "model": "sales.salesorderitem",
    "pk": 5,
    "fields": {
        "sales_order": 3,
        "item": 7,
        "quantity_ordered": "10.0000",
        "quantity_delivered": "0.0000",
        "quantity_reserved": "0.0000",
        "stock_available_snapshot": null,
        "unit_price": "50000.00",
        "discount_percent": "0.00",
        "total_price": "500000.00"
    }
},
{
    "model": "sales.salesorderitem",
    "pk": 6,
    "fields": {
        "sales_order": 3,
        "item": 8,
        "quantity_ordered": "10.0000",
        "quantity_delivered": "0.0000",
        "quantity_reserved": "0.0000",
        "stock_available_snapshot": null,
        "unit_price": "0.00",
        "discount_percent": "0.00",
        "total_price": "0.00"
    }
},
{
    "model": "sales.salesorderitem",
    "pk": 7,
    "fields": {
        "sales_order": 4,
        "item": 54,
        "quantity_ordered": "1.0000",
        "quantity_delivered": "1.0000",
        "quantity_reserved": "0.0000",
        "stock_available_snapshot": "50.0000",
        "unit_price": "500000.00",
        "discount_percent": "0.00",
        "total_price": "500000.00"
    }
},
{
    "model": "sales.salesorderitem",
    "pk": 8,
    "fields": {
        "sales_order": 5,
        "item": 54,
        "quantity_ordered": "1.0000",
        "quantity_delivered": "0.0000",
        "quantity_reserved": "1.0000",
        "stock_available_snapshot": "49.0000",
        "unit_price": "500000.00",
        "discount_percent": "0.00",
        "total_price": "500000.00"
    }
},
{
    "model": "sales.salesorderitem",
    "pk": 9,
    "fields": {
        "sales_order": 6,
        "item": 54,
        "quantity_ordered": "1.0000",
        "quantity_delivered": "1.0000",
        "quantity_reserved": "0.0000",
        "stock_available_snapshot": "48.0000",
        "unit_price": "500000.00",
        "discount_percent": "0.00",
        "total_price": "500000.00"
    }
},
{
    "model": "sales.salesorderitem",
    "pk": 10,
    "fields": {
        "sales_order": 7,
        "item": 48,
        "quantity_ordered": "2.0000",
        "quantity_delivered": "2.0000",
        "quantity_reserved": "0.0000",
        "stock_available_snapshot": "50.0000",
        "unit_price": "4500000.00",
        "discount_percent": "0.00",
        "total_price": "9000000.00"
    }
},
{
    "model": "sales.salesorderactivity",
    "pk": 1,
    "fields": {
        "sales_order": 1,
        "action": "Confirmed",
        "previous_status": "",
        "new_status": "",
        "details": "",
        "remarks": "",
        "user": 1,
        "created_at": "2026-06-10T11:09:40.663Z"
    }
},
{
    "model": "sales.salesorderactivity",
    "pk": 2,
    "fields": {
        "sales_order": 2,
        "action": "Confirmed",
        "previous_status": "",
        "new_status": "",
        "details": "",
        "remarks": "",
        "user": 1,
        "created_at": "2026-06-10T12:22:35.749Z"
    }
},
{
    "model": "sales.salesorderactivity",
    "pk": 3,
    "fields": {
        "sales_order": 3,
        "action": "Confirmed",
        "previous_status": "",
        "new_status": "",
        "details": "",
        "remarks": "",
        "user": 1,
        "created_at": "2026-06-11T05:19:19.519Z"
    }
},
{
    "model": "sales.salesorderactivity",
    "pk": 4,
    "fields": {
        "sales_order": 4,
        "action": "Created",
        "previous_status": "NEW_ORDER",
        "new_status": "NEW_ORDER",
        "details": "Sales order created",
        "remarks": "",
        "user": 5,
        "created_at": "2026-06-12T14:05:34.260Z"
    }
},
{
    "model": "sales.salesorderactivity",
    "pk": 5,
    "fields": {
        "sales_order": 4,
        "action": "Order Submitted",
        "previous_status": "NEW_ORDER",
        "new_status": "STOCK_VERIFICATION",
        "details": "",
        "remarks": "",
        "user": 5,
        "created_at": "2026-06-12T14:05:34.626Z"
    }
},
{
    "model": "sales.salesorderactivity",
    "pk": 6,
    "fields": {
        "sales_order": 4,
        "action": "Stock Verified & Reserved",
        "previous_status": "STOCK_VERIFICATION",
        "new_status": "PENDING_DELIVERY_COST",
        "details": "All items reserved in inventory.",
        "remarks": "",
        "user": 5,
        "created_at": "2026-06-12T14:05:34.666Z"
    }
},
{
    "model": "sales.salesorderactivity",
    "pk": 7,
    "fields": {
        "sales_order": 4,
        "action": "Delivery Cost Calculated",
        "previous_status": "PENDING_DELIVERY_COST",
        "new_status": "QUOTATION_PREP",
        "details": "Total delivery cost: 0.00",
        "remarks": "",
        "user": 5,
        "created_at": "2026-06-12T14:06:55.124Z"
    }
},
{
    "model": "sales.salesorderactivity",
    "pk": 8,
    "fields": {
        "sales_order": 4,
        "action": "Quotation Sent",
        "previous_status": "QUOTATION_PREP",
        "new_status": "QUOTATION_SENT",
        "details": "Product: 500000.000000, Delivery: 0.00, Total: 590000.0000000000",
        "remarks": "",
        "user": 5,
        "created_at": "2026-06-12T14:10:20.969Z"
    }
},
{
    "model": "sales.salesorderactivity",
    "pk": 9,
    "fields": {
        "sales_order": 4,
        "action": "Awaiting Customer Response",
        "previous_status": "QUOTATION_SENT",
        "new_status": "WAITING_CUSTOMER",
        "details": "",
        "remarks": "",
        "user": 5,
        "created_at": "2026-06-12T14:10:20.970Z"
    }
},
{
    "model": "sales.salesorderactivity",
    "pk": 10,
    "fields": {
        "sales_order": 4,
        "action": "Quotation Accepted",
        "previous_status": "WAITING_CUSTOMER",
        "new_status": "QUOTATION_ACCEPTED",
        "details": "",
        "remarks": "",
        "user": 5,
        "created_at": "2026-06-12T14:10:44.490Z"
    }
},
{
    "model": "sales.salesorderactivity",
    "pk": 11,
    "fields": {
        "sales_order": 4,
        "action": "Invoice Generated",
        "previous_status": "QUOTATION_ACCEPTED",
        "new_status": "INVOICE_GENERATED",
        "details": "INV-2026-005",
        "remarks": "",
        "user": 5,
        "created_at": "2026-06-12T14:10:51.950Z"
    }
},
{
    "model": "sales.salesorderactivity",
    "pk": 12,
    "fields": {
        "sales_order": 4,
        "action": "Awaiting Payment",
        "previous_status": "INVOICE_GENERATED",
        "new_status": "AWAITING_PAYMENT",
        "details": "",
        "remarks": "",
        "user": 5,
        "created_at": "2026-06-12T14:10:51.952Z"
    }
},
{
    "model": "sales.salesorderactivity",
    "pk": 13,
    "fields": {
        "sales_order": 4,
        "action": "Payment Submitted",
        "previous_status": "AWAITING_PAYMENT",
        "new_status": "AWAITING_PAYMENT",
        "details": "Ref: 78654874, Amount: 590000.00",
        "remarks": "",
        "user": 5,
        "created_at": "2026-06-12T14:27:35.489Z"
    }
},
{
    "model": "sales.salesorderactivity",
    "pk": 14,
    "fields": {
        "sales_order": 4,
        "action": "Payment Verified",
        "previous_status": "AWAITING_PAYMENT",
        "new_status": "PAYMENT_CONFIRMED",
        "details": "Reference 78654874 confirmed.",
        "remarks": "",
        "user": 5,
        "created_at": "2026-06-12T14:27:53.652Z"
    }
},
{
    "model": "sales.salesorderactivity",
    "pk": 15,
    "fields": {
        "sales_order": 4,
        "action": "Delivery Method Set",
        "previous_status": "PAYMENT_CONFIRMED",
        "new_status": "READY_FOR_DELIVERY",
        "details": "COMPANY",
        "remarks": "",
        "user": 5,
        "created_at": "2026-06-12T14:28:16.482Z"
    }
},
{
    "model": "sales.salesorderactivity",
    "pk": 16,
    "fields": {
        "sales_order": 5,
        "action": "Created",
        "previous_status": "NEW_ORDER",
        "new_status": "NEW_ORDER",
        "details": "Sales order created",
        "remarks": "",
        "user": 5,
        "created_at": "2026-06-12T14:39:39.632Z"
    }
},
{
    "model": "sales.salesorderactivity",
    "pk": 17,
    "fields": {
        "sales_order": 5,
        "action": "Order Submitted",
        "previous_status": "NEW_ORDER",
        "new_status": "STOCK_VERIFICATION",
        "details": "",
        "remarks": "",
        "user": 5,
        "created_at": "2026-06-12T14:39:40.246Z"
    }
},
{
    "model": "sales.salesorderactivity",
    "pk": 18,
    "fields": {
        "sales_order": 5,
        "action": "Stock Verified & Reserved",
        "previous_status": "STOCK_VERIFICATION",
        "new_status": "PENDING_DELIVERY_COST",
        "details": "All items reserved in inventory.",
        "remarks": "",
        "user": 5,
        "created_at": "2026-06-12T14:39:40.278Z"
    }
},
{
    "model": "sales.salesorderactivity",
    "pk": 19,
    "fields": {
        "sales_order": 5,
        "action": "Cancelled",
        "previous_status": "PENDING_DELIVERY_COST",
        "new_status": "CANCELLED",
        "details": "",
        "remarks": "fgsdgr",
        "user": 5,
        "created_at": "2026-06-12T14:53:43.772Z"
    }
},
{
    "model": "sales.salesorderactivity",
    "pk": 20,
    "fields": {
        "sales_order": 6,
        "action": "Created",
        "previous_status": "NEW_ORDER",
        "new_status": "NEW_ORDER",
        "details": "Sales order created",
        "remarks": "",
        "user": 5,
        "created_at": "2026-06-12T14:57:17.752Z"
    }
},
{
    "model": "sales.salesorderactivity",
    "pk": 21,
    "fields": {
        "sales_order": 6,
        "action": "Order Submitted",
        "previous_status": "NEW_ORDER",
        "new_status": "STOCK_VERIFICATION",
        "details": "",
        "remarks": "",
        "user": 5,
        "created_at": "2026-06-12T14:57:18.208Z"
    }
},
{
    "model": "sales.salesorderactivity",
    "pk": 22,
    "fields": {
        "sales_order": 6,
        "action": "Stock Verified & Reserved",
        "previous_status": "STOCK_VERIFICATION",
        "new_status": "PENDING_DELIVERY_COST",
        "details": "All items reserved in inventory.",
        "remarks": "",
        "user": 5,
        "created_at": "2026-06-12T14:57:18.235Z"
    }
},
{
    "model": "sales.salesorderactivity",
    "pk": 23,
    "fields": {
        "sales_order": 6,
        "action": "Sent to Logistics for Delivery Cost",
        "previous_status": "PENDING_DELIVERY_COST",
        "new_status": "DELIVERY_COST_CALC",
        "details": "Sales requested delivery cost calculation.",
        "remarks": "",
        "user": 5,
        "created_at": "2026-06-12T16:02:25.651Z"
    }
},
{
    "model": "sales.salesorderactivity",
    "pk": 24,
    "fields": {
        "sales_order": 6,
        "action": "Sent to Logistics for Delivery Cost",
        "previous_status": "PENDING_DELIVERY_COST",
        "new_status": "DELIVERY_COST_CALC",
        "details": "Sales requested delivery cost calculation.",
        "remarks": "",
        "user": 5,
        "created_at": "2026-06-12T16:02:25.743Z"
    }
},
{
    "model": "sales.salesorderactivity",
    "pk": 25,
    "fields": {
        "sales_order": 6,
        "action": "Delivery Cost Calculated",
        "previous_status": "DELIVERY_COST_CALC",
        "new_status": "QUOTATION_PREP",
        "details": "Total delivery cost: 3000000.00",
        "remarks": "",
        "user": 6,
        "created_at": "2026-06-12T16:09:11.019Z"
    }
},
{
    "model": "sales.salesorderactivity",
    "pk": 26,
    "fields": {
        "sales_order": 6,
        "action": "Quotation Sent",
        "previous_status": "QUOTATION_PREP",
        "new_status": "QUOTATION_SENT",
        "details": "Product: 500000.000000, Delivery: 3000000.00, Total: 3590000.0000000000",
        "remarks": "",
        "user": 5,
        "created_at": "2026-06-12T16:10:20.213Z"
    }
},
{
    "model": "sales.salesorderactivity",
    "pk": 27,
    "fields": {
        "sales_order": 6,
        "action": "Awaiting Customer Response",
        "previous_status": "QUOTATION_SENT",
        "new_status": "WAITING_CUSTOMER",
        "details": "",
        "remarks": "",
        "user": 5,
        "created_at": "2026-06-12T16:10:20.214Z"
    }
},
{
    "model": "sales.salesorderactivity",
    "pk": 28,
    "fields": {
        "sales_order": 6,
        "action": "Quotation Accepted",
        "previous_status": "WAITING_CUSTOMER",
        "new_status": "QUOTATION_ACCEPTED",
        "details": "",
        "remarks": "",
        "user": 5,
        "created_at": "2026-06-12T16:10:51.531Z"
    }
},
{
    "model": "sales.salesorderactivity",
    "pk": 29,
    "fields": {
        "sales_order": 6,
        "action": "Invoice Generated",
        "previous_status": "QUOTATION_ACCEPTED",
        "new_status": "INVOICE_GENERATED",
        "details": "INV-2026-006",
        "remarks": "",
        "user": 5,
        "created_at": "2026-06-12T16:11:00.064Z"
    }
},
{
    "model": "sales.salesorderactivity",
    "pk": 30,
    "fields": {
        "sales_order": 6,
        "action": "Awaiting Payment",
        "previous_status": "INVOICE_GENERATED",
        "new_status": "AWAITING_PAYMENT",
        "details": "",
        "remarks": "",
        "user": 5,
        "created_at": "2026-06-12T16:11:00.066Z"
    }
},
{
    "model": "sales.salesorderactivity",
    "pk": 31,
    "fields": {
        "sales_order": 6,
        "action": "Payment Submitted",
        "previous_status": "AWAITING_PAYMENT",
        "new_status": "AWAITING_PAYMENT",
        "details": "Ref: 4541566, Amount: 3590000.00",
        "remarks": "",
        "user": 5,
        "created_at": "2026-06-12T16:11:37.667Z"
    }
},
{
    "model": "sales.salesorderactivity",
    "pk": 32,
    "fields": {
        "sales_order": 6,
        "action": "Payment Verified",
        "previous_status": "AWAITING_PAYMENT",
        "new_status": "PAYMENT_CONFIRMED",
        "details": "Reference 4541566 confirmed.",
        "remarks": "",
        "user": 5,
        "created_at": "2026-06-12T16:11:43.261Z"
    }
},
{
    "model": "sales.salesorderactivity",
    "pk": 33,
    "fields": {
        "sales_order": 6,
        "action": "Delivery Method Set",
        "previous_status": "PAYMENT_CONFIRMED",
        "new_status": "READY_FOR_PICKUP",
        "details": "PICKUP",
        "remarks": "",
        "user": 6,
        "created_at": "2026-06-12T16:13:55.683Z"
    }
},
{
    "model": "sales.salesorderactivity",
    "pk": 34,
    "fields": {
        "sales_order": 6,
        "action": "Dispatched",
        "previous_status": "READY_FOR_PICKUP",
        "new_status": "DISPATCHED",
        "details": "Stock released",
        "remarks": "",
        "user": 6,
        "created_at": "2026-06-12T16:14:47.852Z"
    }
},
{
    "model": "sales.salesorderactivity",
    "pk": 35,
    "fields": {
        "sales_order": 6,
        "action": "Customer Pickup Completed",
        "previous_status": "DISPATCHED",
        "new_status": "COMPLETED_PICKUP",
        "details": "",
        "remarks": "",
        "user": 6,
        "created_at": "2026-06-12T16:14:47.916Z"
    }
},
{
    "model": "sales.salesorderactivity",
    "pk": 36,
    "fields": {
        "sales_order": 4,
        "action": "Vehicle Assigned",
        "previous_status": "READY_FOR_DELIVERY",
        "new_status": "VEHICLE_ASSIGNED",
        "details": "T 123 ABC / James Mollel",
        "remarks": "",
        "user": 6,
        "created_at": "2026-06-12T16:32:57.267Z"
    }
},
{
    "model": "sales.salesorderactivity",
    "pk": 37,
    "fields": {
        "sales_order": 4,
        "action": "Dispatched",
        "previous_status": "VEHICLE_ASSIGNED",
        "new_status": "DISPATCHED",
        "details": "Stock released",
        "remarks": "",
        "user": 6,
        "created_at": "2026-06-12T16:33:21.621Z"
    }
},
{
    "model": "sales.salesorderactivity",
    "pk": 38,
    "fields": {
        "sales_order": 4,
        "action": "In Transit",
        "previous_status": "DISPATCHED",
        "new_status": "IN_TRANSIT",
        "details": "",
        "remarks": "",
        "user": 6,
        "created_at": "2026-06-12T16:33:21.636Z"
    }
},
{
    "model": "sales.salesorderactivity",
    "pk": 39,
    "fields": {
        "sales_order": 4,
        "action": "Delivered",
        "previous_status": "IN_TRANSIT",
        "new_status": "DELIVERED",
        "details": "",
        "remarks": "Receiver: Innocent",
        "user": 6,
        "created_at": "2026-06-12T17:19:22.621Z"
    }
},
{
    "model": "sales.salesorderactivity",
    "pk": 40,
    "fields": {
        "sales_order": 4,
        "action": "Logistics Confirmed",
        "previous_status": "DELIVERED",
        "new_status": "DELIVERY_CONFIRMED",
        "details": "",
        "remarks": "",
        "user": 6,
        "created_at": "2026-06-12T17:19:35.221Z"
    }
},
{
    "model": "sales.salesorderactivity",
    "pk": 41,
    "fields": {
        "sales_order": 3,
        "action": "Delivery Method Set",
        "previous_status": "PAYMENT_CONFIRMED",
        "new_status": "READY_FOR_DELIVERY",
        "details": "COMPANY",
        "remarks": "",
        "user": 6,
        "created_at": "2026-06-12T17:24:35.508Z"
    }
},
{
    "model": "sales.salesorderactivity",
    "pk": 42,
    "fields": {
        "sales_order": 3,
        "action": "Vehicle Assigned",
        "previous_status": "READY_FOR_DELIVERY",
        "new_status": "VEHICLE_ASSIGNED",
        "details": "T 123 ABC / James Mollel",
        "remarks": "",
        "user": 6,
        "created_at": "2026-06-12T17:25:59.499Z"
    }
},
{
    "model": "sales.salesorderactivity",
    "pk": 43,
    "fields": {
        "sales_order": 7,
        "action": "Created",
        "previous_status": "NEW_ORDER",
        "new_status": "NEW_ORDER",
        "details": "Sales order created",
        "remarks": "",
        "user": 5,
        "created_at": "2026-06-12T20:20:01.454Z"
    }
},
{
    "model": "sales.salesorderactivity",
    "pk": 44,
    "fields": {
        "sales_order": 7,
        "action": "Order Submitted",
        "previous_status": "NEW_ORDER",
        "new_status": "STOCK_VERIFICATION",
        "details": "",
        "remarks": "",
        "user": 5,
        "created_at": "2026-06-12T20:20:01.870Z"
    }
},
{
    "model": "sales.salesorderactivity",
    "pk": 45,
    "fields": {
        "sales_order": 7,
        "action": "Stock Verified & Reserved",
        "previous_status": "STOCK_VERIFICATION",
        "new_status": "PENDING_DELIVERY_COST",
        "details": "All items reserved in inventory.",
        "remarks": "",
        "user": 5,
        "created_at": "2026-06-12T20:20:01.897Z"
    }
},
{
    "model": "sales.salesorderactivity",
    "pk": 46,
    "fields": {
        "sales_order": 7,
        "action": "Sent to Logistics for Delivery Cost",
        "previous_status": "PENDING_DELIVERY_COST",
        "new_status": "DELIVERY_COST_CALC",
        "details": "Sales requested delivery cost calculation.",
        "remarks": "",
        "user": 5,
        "created_at": "2026-06-12T20:20:28.997Z"
    }
},
{
    "model": "sales.salesorderactivity",
    "pk": 47,
    "fields": {
        "sales_order": 7,
        "action": "Delivery Cost Calculated",
        "previous_status": "DELIVERY_COST_CALC",
        "new_status": "QUOTATION_PREP",
        "details": "Total delivery cost: 800000.00",
        "remarks": "",
        "user": 6,
        "created_at": "2026-06-12T20:28:21.752Z"
    }
},
{
    "model": "sales.salesorderactivity",
    "pk": 48,
    "fields": {
        "sales_order": 7,
        "action": "Quotation Sent",
        "previous_status": "QUOTATION_PREP",
        "new_status": "QUOTATION_SENT",
        "details": "Product: 9000000.000000, Delivery: 800000.00, Total: 11420000.0000000000",
        "remarks": "",
        "user": 5,
        "created_at": "2026-06-12T20:29:44.706Z"
    }
},
{
    "model": "sales.salesorderactivity",
    "pk": 49,
    "fields": {
        "sales_order": 7,
        "action": "Awaiting Customer Response",
        "previous_status": "QUOTATION_SENT",
        "new_status": "WAITING_CUSTOMER",
        "details": "",
        "remarks": "",
        "user": 5,
        "created_at": "2026-06-12T20:29:44.708Z"
    }
},
{
    "model": "sales.salesorderactivity",
    "pk": 50,
    "fields": {
        "sales_order": 7,
        "action": "Quotation Accepted",
        "previous_status": "WAITING_CUSTOMER",
        "new_status": "QUOTATION_ACCEPTED",
        "details": "",
        "remarks": "",
        "user": 5,
        "created_at": "2026-06-12T20:33:20.752Z"
    }
},
{
    "model": "sales.salesorderactivity",
    "pk": 51,
    "fields": {
        "sales_order": 7,
        "action": "Invoice Generated",
        "previous_status": "QUOTATION_ACCEPTED",
        "new_status": "INVOICE_GENERATED",
        "details": "INV-2026-007",
        "remarks": "",
        "user": 5,
        "created_at": "2026-06-12T20:33:53.456Z"
    }
},
{
    "model": "sales.salesorderactivity",
    "pk": 52,
    "fields": {
        "sales_order": 7,
        "action": "Awaiting Payment",
        "previous_status": "INVOICE_GENERATED",
        "new_status": "AWAITING_PAYMENT",
        "details": "",
        "remarks": "",
        "user": 5,
        "created_at": "2026-06-12T20:33:53.463Z"
    }
},
{
    "model": "sales.salesorderactivity",
    "pk": 53,
    "fields": {
        "sales_order": 7,
        "action": "Payment Submitted",
        "previous_status": "AWAITING_PAYMENT",
        "new_status": "AWAITING_PAYMENT",
        "details": "Ref: 434536, Amount: 11420000.00",
        "remarks": "",
        "user": 5,
        "created_at": "2026-06-12T21:10:58.465Z"
    }
},
{
    "model": "sales.salesorderactivity",
    "pk": 54,
    "fields": {
        "sales_order": 7,
        "action": "Payment Verified",
        "previous_status": "AWAITING_PAYMENT",
        "new_status": "PAYMENT_CONFIRMED",
        "details": "Reference 434536 confirmed.",
        "remarks": "",
        "user": 5,
        "created_at": "2026-06-12T21:11:11.312Z"
    }
},
{
    "model": "sales.salesorderactivity",
    "pk": 55,
    "fields": {
        "sales_order": 7,
        "action": "Delivery Method Set",
        "previous_status": "PAYMENT_CONFIRMED",
        "new_status": "READY_FOR_DELIVERY",
        "details": "COMPANY",
        "remarks": "",
        "user": 6,
        "created_at": "2026-06-12T21:11:58.241Z"
    }
},
{
    "model": "sales.salesorderactivity",
    "pk": 56,
    "fields": {
        "sales_order": 7,
        "action": "Vehicle Assigned",
        "previous_status": "READY_FOR_DELIVERY",
        "new_status": "VEHICLE_ASSIGNED",
        "details": "T 123 ABC / James Mollel",
        "remarks": "",
        "user": 6,
        "created_at": "2026-06-12T21:12:11.396Z"
    }
},
{
    "model": "sales.salesorderactivity",
    "pk": 57,
    "fields": {
        "sales_order": 7,
        "action": "Dispatched",
        "previous_status": "VEHICLE_ASSIGNED",
        "new_status": "DISPATCHED",
        "details": "Stock released",
        "remarks": "",
        "user": 6,
        "created_at": "2026-06-12T21:12:46.645Z"
    }
},
{
    "model": "sales.salesorderactivity",
    "pk": 58,
    "fields": {
        "sales_order": 7,
        "action": "In Transit",
        "previous_status": "DISPATCHED",
        "new_status": "IN_TRANSIT",
        "details": "",
        "remarks": "",
        "user": 6,
        "created_at": "2026-06-12T21:12:46.687Z"
    }
},
{
    "model": "sales.salesorderactivity",
    "pk": 59,
    "fields": {
        "sales_order": 7,
        "action": "Order Closed",
        "previous_status": "DELIVERY_CONFIRMED",
        "new_status": "COMPLETED_COMPANY",
        "details": "",
        "remarks": "",
        "user": 5,
        "created_at": "2026-06-13T08:17:59.654Z"
    }
},
{
    "model": "sales.salesorderdeliverycost",
    "pk": 1,
    "fields": {
        "created_at": "2026-06-12T14:06:55.099Z",
        "updated_at": "2026-06-12T14:06:55.114Z",
        "is_active": true,
        "sales_order": 4,
        "delivery_distance_km": "0.00",
        "transport_method": "ROAD",
        "vehicle_type": "",
        "fuel_cost": "0.00",
        "loading_cost": "0.00",
        "offloading_cost": "0.00",
        "additional_charges": "0.00",
        "total_delivery_cost": "0.00",
        "calculated_by": 5,
        "notes": ""
    }
},
{
    "model": "sales.salesorderdeliverycost",
    "pk": 2,
    "fields": {
        "created_at": "2026-06-12T16:09:10.943Z",
        "updated_at": "2026-06-12T16:09:11.006Z",
        "is_active": true,
        "sales_order": 6,
        "delivery_distance_km": "1500.00",
        "transport_method": "ROAD",
        "vehicle_type": "",
        "fuel_cost": "3000000.00",
        "loading_cost": "0.00",
        "offloading_cost": "0.00",
        "additional_charges": "0.00",
        "total_delivery_cost": "3000000.00",
        "calculated_by": 6,
        "notes": "Morogolo"
    }
},
{
    "model": "sales.salesorderdeliverycost",
    "pk": 3,
    "fields": {
        "created_at": "2026-06-12T20:28:21.676Z",
        "updated_at": "2026-06-12T20:28:21.741Z",
        "is_active": true,
        "sales_order": 7,
        "delivery_distance_km": "250.00",
        "transport_method": "ROAD",
        "vehicle_type": "track",
        "fuel_cost": "800000.00",
        "loading_cost": "0.00",
        "offloading_cost": "0.00",
        "additional_charges": "0.00",
        "total_delivery_cost": "800000.00",
        "calculated_by": 6,
        "notes": ""
    }
},
{
    "model": "sales.salesorderpaymentproof",
    "pk": 1,
    "fields": {
        "created_at": "2026-06-12T14:27:35.424Z",
        "updated_at": "2026-06-12T14:27:53.650Z",
        "is_active": true,
        "sales_order": 4,
        "amount": "590000.00",
        "payment_method": "BANK_TRANSFER",
        "reference_number": "78654874",
        "proof_notes": "eter",
        "status": "VERIFIED",
        "verified_by": 5,
        "verified_at": "2026-06-12T14:27:53.648Z",
        "failure_reason": "",
        "submitted_by": 5
    }
},
{
    "model": "sales.salesorderpaymentproof",
    "pk": 2,
    "fields": {
        "created_at": "2026-06-12T16:11:37.665Z",
        "updated_at": "2026-06-12T16:11:43.258Z",
        "is_active": true,
        "sales_order": 6,
        "amount": "3590000.00",
        "payment_method": "BANK_TRANSFER",
        "reference_number": "4541566",
        "proof_notes": "gdhg",
        "status": "VERIFIED",
        "verified_by": 5,
        "verified_at": "2026-06-12T16:11:43.257Z",
        "failure_reason": "",
        "submitted_by": 5
    }
},
{
    "model": "sales.salesorderpaymentproof",
    "pk": 3,
    "fields": {
        "created_at": "2026-06-12T21:10:58.435Z",
        "updated_at": "2026-06-12T21:11:11.299Z",
        "is_active": true,
        "sales_order": 7,
        "amount": "11420000.00",
        "payment_method": "BANK_TRANSFER",
        "reference_number": "434536",
        "proof_notes": "ghdf",
        "status": "VERIFIED",
        "verified_by": 5,
        "verified_at": "2026-06-12T21:11:11.299Z",
        "failure_reason": "",
        "submitted_by": 5
    }
},
{
    "model": "sales.salesorderpickupdetail",
    "pk": 1,
    "fields": {
        "created_at": "2026-06-12T16:14:47.884Z",
        "updated_at": "2026-06-12T16:14:47.884Z",
        "is_active": true,
        "sales_order": 6,
        "pickup_date": "2026-06-12",
        "receiver_name": "innocent philbert",
        "receiver_phone": "0742860378",
        "signature_data": "",
        "notes": "",
        "recorded_by": 6
    }
},
{
    "model": "sales.salesorderdispatchassignment",
    "pk": 1,
    "fields": {
        "created_at": "2026-06-12T16:32:57.195Z",
        "updated_at": "2026-06-12T16:32:57.236Z",
        "is_active": true,
        "sales_order": 4,
        "assignment_type": "COMPANY",
        "vehicle": 1,
        "driver": 1,
        "driver_phone": "+255 754 000 111",
        "dispatch_date": "2026-06-12",
        "transport_company": "",
        "tracking_number": "",
        "contact_person": "",
        "contact_phone": "",
        "assigned_by": 6
    }
},
{
    "model": "sales.salesorderdispatchassignment",
    "pk": 2,
    "fields": {
        "created_at": "2026-06-12T17:25:59.466Z",
        "updated_at": "2026-06-12T17:25:59.490Z",
        "is_active": true,
        "sales_order": 3,
        "assignment_type": "COMPANY",
        "vehicle": 1,
        "driver": 1,
        "driver_phone": "+255 754 000 111",
        "dispatch_date": "2026-06-12",
        "transport_company": "",
        "tracking_number": "",
        "contact_person": "",
        "contact_phone": "",
        "assigned_by": 6
    }
},
{
    "model": "sales.salesorderdispatchassignment",
    "pk": 3,
    "fields": {
        "created_at": "2026-06-12T21:12:11.385Z",
        "updated_at": "2026-06-12T21:12:11.388Z",
        "is_active": true,
        "sales_order": 7,
        "assignment_type": "COMPANY",
        "vehicle": 1,
        "driver": 1,
        "driver_phone": "+255 754 000 111",
        "dispatch_date": "2026-06-12",
        "transport_company": "",
        "tracking_number": "",
        "contact_person": "",
        "contact_phone": "",
        "assigned_by": 6
    }
},
{
    "model": "sales.salesinvoice",
    "pk": 1,
    "fields": {
        "created_at": "2026-06-10T11:09:40.683Z",
        "updated_at": "2026-06-10T11:09:40.716Z",
        "is_active": true,
        "invoice_number": "INV-2026-001",
        "sales_order": 1,
        "customer": 1,
        "currency": 1,
        "exchange_rate": "1.000000",
        "invoice_date": "2026-06-10",
        "due_date": "2026-07-10",
        "subtotal": "4380000.00",
        "discount_amount": "0.00",
        "tax_amount": "788400.00",
        "total_amount": "5168400.00",
        "delivery_cost": "0.00",
        "paid_amount": "0.00",
        "status": "SENT",
        "tra_receipt_number": "",
        "created_by": 1
    }
},
{
    "model": "sales.salesinvoice",
    "pk": 2,
    "fields": {
        "created_at": "2026-06-10T11:16:35.803Z",
        "updated_at": "2026-06-10T11:16:58.107Z",
        "is_active": true,
        "invoice_number": "INV-2026-002",
        "sales_order": 1,
        "customer": 1,
        "currency": 1,
        "exchange_rate": "1.000000",
        "invoice_date": "2026-06-10",
        "due_date": "2026-07-10",
        "subtotal": "4380000.00",
        "discount_amount": "0.00",
        "tax_amount": "788400.00",
        "total_amount": "5168400.00",
        "delivery_cost": "0.00",
        "paid_amount": "0.00",
        "status": "SENT",
        "tra_receipt_number": "",
        "created_by": 1
    }
},
{
    "model": "sales.salesinvoice",
    "pk": 3,
    "fields": {
        "created_at": "2026-06-10T12:22:35.763Z",
        "updated_at": "2026-06-10T12:22:35.788Z",
        "is_active": true,
        "invoice_number": "INV-2026-003",
        "sales_order": 2,
        "customer": 1,
        "currency": 1,
        "exchange_rate": "1.000000",
        "invoice_date": "2026-06-10",
        "due_date": "2026-07-10",
        "subtotal": "4380000.00",
        "discount_amount": "0.00",
        "tax_amount": "788400.00",
        "total_amount": "5168400.00",
        "delivery_cost": "0.00",
        "paid_amount": "0.00",
        "status": "SENT",
        "tra_receipt_number": "",
        "created_by": 1
    }
},
{
    "model": "sales.salesinvoice",
    "pk": 4,
    "fields": {
        "created_at": "2026-06-11T05:19:19.542Z",
        "updated_at": "2026-06-11T05:19:19.564Z",
        "is_active": true,
        "invoice_number": "INV-2026-004",
        "sales_order": 3,
        "customer": 1,
        "currency": 1,
        "exchange_rate": "1.000000",
        "invoice_date": "2026-06-11",
        "due_date": "2026-07-11",
        "subtotal": "500000.00",
        "discount_amount": "0.00",
        "tax_amount": "90000.00",
        "total_amount": "590000.00",
        "delivery_cost": "0.00",
        "paid_amount": "0.00",
        "status": "SENT",
        "tra_receipt_number": "",
        "created_by": 1
    }
},
{
    "model": "sales.salesinvoice",
    "pk": 5,
    "fields": {
        "created_at": "2026-06-12T14:10:51.931Z",
        "updated_at": "2026-06-12T21:04:34.232Z",
        "is_active": true,
        "invoice_number": "INV-2026-005",
        "sales_order": 4,
        "customer": 5,
        "currency": 1,
        "exchange_rate": "1.000000",
        "invoice_date": "2026-06-12",
        "due_date": "2026-07-12",
        "subtotal": "500000.00",
        "discount_amount": "0.00",
        "tax_amount": "90000.00",
        "total_amount": "590000.00",
        "delivery_cost": "0.00",
        "paid_amount": "590000.00",
        "status": "PAID",
        "tra_receipt_number": "",
        "created_by": 5
    }
},
{
    "model": "sales.salesinvoice",
    "pk": 6,
    "fields": {
        "created_at": "2026-06-12T16:11:00.025Z",
        "updated_at": "2026-06-12T21:04:34.264Z",
        "is_active": true,
        "invoice_number": "INV-2026-006",
        "sales_order": 6,
        "customer": 5,
        "currency": 1,
        "exchange_rate": "1.000000",
        "invoice_date": "2026-06-12",
        "due_date": "2026-07-12",
        "subtotal": "500000.00",
        "discount_amount": "0.00",
        "tax_amount": "90000.00",
        "total_amount": "3590000.00",
        "delivery_cost": "0.00",
        "paid_amount": "3590000.00",
        "status": "PAID",
        "tra_receipt_number": "",
        "created_by": 5
    }
},
{
    "model": "sales.salesinvoice",
    "pk": 7,
    "fields": {
        "created_at": "2026-06-12T20:33:53.387Z",
        "updated_at": "2026-06-13T08:17:59.760Z",
        "is_active": true,
        "invoice_number": "INV-2026-007",
        "sales_order": 7,
        "customer": 4,
        "currency": 1,
        "exchange_rate": "1.000000",
        "invoice_date": "2026-06-12",
        "due_date": "2026-07-12",
        "subtotal": "9000000.00",
        "discount_amount": "0.00",
        "tax_amount": "1620000.00",
        "total_amount": "11420000.00",
        "delivery_cost": "0.00",
        "paid_amount": "11420000.00",
        "status": "PAID",
        "tra_receipt_number": "",
        "created_by": 5
    }
},
{
    "model": "sales.salesinvoiceitem",
    "pk": 1,
    "fields": {
        "invoice": 1,
        "item": 4,
        "quantity": "10.0000",
        "unit_price": "54000.00",
        "discount_percent": "0.00",
        "tax_rate": "18.00",
        "total_price": "637200.00"
    }
},
{
    "model": "sales.salesinvoiceitem",
    "pk": 2,
    "fields": {
        "invoice": 1,
        "item": 3,
        "quantity": "10.0000",
        "unit_price": "384000.00",
        "discount_percent": "0.00",
        "tax_rate": "18.00",
        "total_price": "4531200.00"
    }
},
{
    "model": "sales.salesinvoiceitem",
    "pk": 3,
    "fields": {
        "invoice": 2,
        "item": 4,
        "quantity": "10.0000",
        "unit_price": "54000.00",
        "discount_percent": "0.00",
        "tax_rate": "18.00",
        "total_price": "637200.00"
    }
},
{
    "model": "sales.salesinvoiceitem",
    "pk": 4,
    "fields": {
        "invoice": 2,
        "item": 3,
        "quantity": "10.0000",
        "unit_price": "384000.00",
        "discount_percent": "0.00",
        "tax_rate": "18.00",
        "total_price": "4531200.00"
    }
},
{
    "model": "sales.salesinvoiceitem",
    "pk": 5,
    "fields": {
        "invoice": 3,
        "item": 4,
        "quantity": "10.0000",
        "unit_price": "54000.00",
        "discount_percent": "0.00",
        "tax_rate": "18.00",
        "total_price": "637200.00"
    }
},
{
    "model": "sales.salesinvoiceitem",
    "pk": 6,
    "fields": {
        "invoice": 3,
        "item": 3,
        "quantity": "10.0000",
        "unit_price": "384000.00",
        "discount_percent": "0.00",
        "tax_rate": "18.00",
        "total_price": "4531200.00"
    }
},
{
    "model": "sales.salesinvoiceitem",
    "pk": 7,
    "fields": {
        "invoice": 4,
        "item": 7,
        "quantity": "10.0000",
        "unit_price": "50000.00",
        "discount_percent": "0.00",
        "tax_rate": "18.00",
        "total_price": "590000.00"
    }
},
{
    "model": "sales.salesinvoiceitem",
    "pk": 8,
    "fields": {
        "invoice": 4,
        "item": 8,
        "quantity": "10.0000",
        "unit_price": "0.00",
        "discount_percent": "0.00",
        "tax_rate": "18.00",
        "total_price": "0.00"
    }
},
{
    "model": "sales.salesinvoiceitem",
    "pk": 9,
    "fields": {
        "invoice": 5,
        "item": 54,
        "quantity": "1.0000",
        "unit_price": "500000.00",
        "discount_percent": "0.00",
        "tax_rate": "18.00",
        "total_price": "590000.00"
    }
},
{
    "model": "sales.salesinvoiceitem",
    "pk": 10,
    "fields": {
        "invoice": 6,
        "item": 54,
        "quantity": "1.0000",
        "unit_price": "500000.00",
        "discount_percent": "0.00",
        "tax_rate": "18.00",
        "total_price": "590000.00"
    }
},
{
    "model": "sales.salesinvoiceitem",
    "pk": 11,
    "fields": {
        "invoice": 7,
        "item": 48,
        "quantity": "2.0000",
        "unit_price": "4500000.00",
        "discount_percent": "0.00",
        "tax_rate": "18.00",
        "total_price": "10620000.00"
    }
},
{
    "model": "logistics.vehicle",
    "pk": 1,
    "fields": {
        "created_at": "2026-06-10T12:23:46.056Z",
        "updated_at": "2026-06-13T08:28:51.585Z",
        "is_active": true,
        "registration_number": "T 123 ABC",
        "make": "Isuzu",
        "model": "FVZ",
        "year": 2021,
        "vehicle_type": "TRUCK",
        "capacity_kg": "15000.00",
        "color": "White",
        "status": "MAINTENANCE",
        "insurance_expiry": "2027-06-13",
        "road_licence_expiry": "2027-06-13",
        "last_service_date": "2026-03-15",
        "next_service_date": "2026-07-13",
        "odometer_reading": 67925858,
        "current_location": ""
    }
},
{
    "model": "logistics.vehicle",
    "pk": 2,
    "fields": {
        "created_at": "2026-06-10T12:23:46.068Z",
        "updated_at": "2026-06-13T07:33:09.443Z",
        "is_active": true,
        "registration_number": "T 456 DEF",
        "make": "Toyota",
        "model": "Hilux",
        "year": 2023,
        "vehicle_type": "PICKUP",
        "capacity_kg": "1200.00",
        "color": "Silver",
        "status": "AVAILABLE",
        "insurance_expiry": "2027-06-13",
        "road_licence_expiry": "2027-06-13",
        "last_service_date": "2026-03-15",
        "next_service_date": "2026-07-13",
        "odometer_reading": 45000,
        "current_location": ""
    }
},
{
    "model": "logistics.vehicle",
    "pk": 3,
    "fields": {
        "created_at": "2026-06-10T12:23:46.077Z",
        "updated_at": "2026-06-13T07:33:09.451Z",
        "is_active": true,
        "registration_number": "T 789 GHI",
        "make": "Mercedes",
        "model": "Actros",
        "year": 2020,
        "vehicle_type": "TRUCK",
        "capacity_kg": "25000.00",
        "color": "Blue",
        "status": "MAINTENANCE",
        "insurance_expiry": "2027-06-13",
        "road_licence_expiry": "2027-06-13",
        "last_service_date": "2026-03-15",
        "next_service_date": "2026-07-13",
        "odometer_reading": 45000,
        "current_location": ""
    }
},
{
    "model": "logistics.driver",
    "pk": 1,
    "fields": {
        "created_at": "2026-06-10T12:23:46.111Z",
        "updated_at": "2026-06-13T08:52:59.246Z",
        "is_active": true,
        "user": 3,
        "license_number": "DL-2020-88421",
        "license_class": "CE",
        "employee_number": "RSL-EMP-006",
        "license_expiry": "2027-06-13",
        "medical_expiry": "2027-06-13",
        "is_available": true,
        "availability_status": "AVAILABLE",
        "assigned_vehicle": 1,
        "incidents_count": 0
    }
},
{
    "model": "logistics.driver",
    "pk": 2,
    "fields": {
        "created_at": "2026-06-13T12:18:10.773Z",
        "updated_at": "2026-06-13T12:18:10.773Z",
        "is_active": true,
        "user": 8,
        "license_number": "647",
        "license_class": "B",
        "employee_number": "RSL-EMP-007",
        "license_expiry": "2027-06-19",
        "medical_expiry": "2027-06-26",
        "is_available": true,
        "availability_status": "AVAILABLE",
        "assigned_vehicle": null,
        "incidents_count": 0
    }
},
{
    "model": "logistics.driver",
    "pk": 3,
    "fields": {
        "created_at": "2026-06-13T12:20:06.581Z",
        "updated_at": "2026-06-13T12:20:06.581Z",
        "is_active": true,
        "user": 9,
        "license_number": "412poo4-47",
        "license_class": "B",
        "employee_number": "RSL-EMP-008",
        "license_expiry": "2027-06-20",
        "medical_expiry": "2027-06-18",
        "is_available": true,
        "availability_status": "AVAILABLE",
        "assigned_vehicle": null,
        "incidents_count": 0
    }
},
{
    "model": "logistics.deliveryorder",
    "pk": 1,
    "fields": {
        "created_at": "2026-06-10T12:23:46.172Z",
        "updated_at": "2026-06-12T17:21:51.678Z",
        "is_active": true,
        "do_number": "DO-2026-001",
        "sales_order": 2,
        "vehicle": 1,
        "driver": 1,
        "origin_warehouse": 1,
        "destination": "Geita Gold Mine, Geita Region",
        "customer": 1,
        "scheduled_date": "2026-06-12T12:23:46.142Z",
        "actual_departure": "2026-06-12T17:16:44.256Z",
        "actual_arrival": "2026-06-12T17:21:51.678Z",
        "distance_km": "320.00",
        "status": "DELIVERED",
        "trip_status": "ASSIGNED",
        "logistics_review_status": "PENDING",
        "odometer_start": null,
        "odometer_end": null,
        "fuel_remaining": null,
        "vehicle_condition_start": "",
        "vehicle_condition_end": "",
        "trip_started_at": null,
        "arrived_at": null,
        "delivered_at": null,
        "return_started_at": null,
        "return_confirmed_at": null,
        "failure_reason": "",
        "notes": "",
        "created_by": 1
    }
},
{
    "model": "logistics.deliveryorder",
    "pk": 2,
    "fields": {
        "created_at": "2026-06-12T14:57:18.284Z",
        "updated_at": "2026-06-12T16:14:47.945Z",
        "is_active": true,
        "do_number": "DO-2026-002",
        "sales_order": 6,
        "vehicle": 1,
        "driver": 1,
        "origin_warehouse": 1,
        "destination": "morogoro ulanga-mahenge",
        "customer": 5,
        "scheduled_date": "2026-06-12T21:00:00Z",
        "actual_departure": "2026-06-12T16:14:47.874Z",
        "actual_arrival": "2026-06-12T16:14:47.942Z",
        "distance_km": "1500.00",
        "status": "DELIVERED",
        "trip_status": "ASSIGNED",
        "logistics_review_status": "PENDING",
        "odometer_start": null,
        "odometer_end": null,
        "fuel_remaining": null,
        "vehicle_condition_start": "",
        "vehicle_condition_end": "",
        "trip_started_at": null,
        "arrived_at": null,
        "delivered_at": null,
        "return_started_at": null,
        "return_confirmed_at": null,
        "failure_reason": "",
        "notes": "Auto-created from sales order SO-2026-006",
        "created_by": 5
    }
},
{
    "model": "logistics.deliveryorder",
    "pk": 3,
    "fields": {
        "created_at": "2026-06-12T17:24:35.591Z",
        "updated_at": "2026-06-12T17:25:59.496Z",
        "is_active": true,
        "do_number": "DO-2026-003",
        "sales_order": 3,
        "vehicle": 1,
        "driver": 1,
        "origin_warehouse": 1,
        "destination": "Geita Gold Mine, Geita Region",
        "customer": 1,
        "scheduled_date": "2026-06-24T21:00:00Z",
        "actual_departure": null,
        "actual_arrival": null,
        "distance_km": "0.00",
        "status": "SCHEDULED",
        "trip_status": "ASSIGNED",
        "logistics_review_status": "PENDING",
        "odometer_start": null,
        "odometer_end": null,
        "fuel_remaining": null,
        "vehicle_condition_start": "",
        "vehicle_condition_end": "",
        "trip_started_at": null,
        "arrived_at": null,
        "delivered_at": null,
        "return_started_at": null,
        "return_confirmed_at": null,
        "failure_reason": "",
        "notes": "Auto-created from sales order SO-2026-003",
        "created_by": 6
    }
},
{
    "model": "logistics.deliveryorder",
    "pk": 4,
    "fields": {
        "created_at": "2026-06-12T20:20:28.972Z",
        "updated_at": "2026-06-13T08:27:38.150Z",
        "is_active": true,
        "do_number": "DO-2026-004",
        "sales_order": 7,
        "vehicle": 1,
        "driver": 1,
        "origin_warehouse": 1,
        "destination": "kahama",
        "customer": 4,
        "scheduled_date": "2026-07-02T21:00:00Z",
        "actual_departure": "2026-06-13T08:04:00.800Z",
        "actual_arrival": "2026-06-13T08:15:46.636Z",
        "distance_km": "250.00",
        "status": "DELIVERED",
        "trip_status": "RETURN_CONFIRMED",
        "logistics_review_status": "APPROVED",
        "odometer_start": 6789929,
        "odometer_end": 67925858,
        "fuel_remaining": "45.00",
        "vehicle_condition_start": "GOOD",
        "vehicle_condition_end": "MAINTENANCE_REQUIRED",
        "trip_started_at": "2026-06-13T08:04:00.800Z",
        "arrived_at": "2026-06-13T08:05:05.342Z",
        "delivered_at": "2026-06-13T08:15:46.636Z",
        "return_started_at": "2026-06-13T08:19:37.940Z",
        "return_confirmed_at": "2026-06-13T08:27:38.150Z",
        "failure_reason": "",
        "notes": "Auto-created from sales order SO-2026-007\ngood",
        "created_by": 5
    }
},
{
    "model": "logistics.deliveryorderitem",
    "pk": 1,
    "fields": {
        "delivery_order": 1,
        "so_item": 3,
        "item": 4,
        "quantity": "10.0000",
        "serial_number": "",
        "condition_out": "Good",
        "condition_in": "",
        "notes": ""
    }
},
{
    "model": "logistics.deliveryorderitem",
    "pk": 2,
    "fields": {
        "delivery_order": 1,
        "so_item": 4,
        "item": 3,
        "quantity": "10.0000",
        "serial_number": "",
        "condition_out": "Good",
        "condition_in": "",
        "notes": ""
    }
},
{
    "model": "logistics.deliveryorderitem",
    "pk": 4,
    "fields": {
        "delivery_order": 2,
        "so_item": 9,
        "item": 54,
        "quantity": "1.0000",
        "serial_number": "",
        "condition_out": "Good",
        "condition_in": "",
        "notes": ""
    }
},
{
    "model": "logistics.deliveryorderitem",
    "pk": 5,
    "fields": {
        "delivery_order": 3,
        "so_item": 5,
        "item": 7,
        "quantity": "10.0000",
        "serial_number": "",
        "condition_out": "Good",
        "condition_in": "",
        "notes": ""
    }
},
{
    "model": "logistics.deliveryorderitem",
    "pk": 6,
    "fields": {
        "delivery_order": 3,
        "so_item": 6,
        "item": 8,
        "quantity": "10.0000",
        "serial_number": "",
        "condition_out": "Good",
        "condition_in": "",
        "notes": ""
    }
},
{
    "model": "logistics.deliveryorderitem",
    "pk": 7,
    "fields": {
        "delivery_order": 4,
        "so_item": 10,
        "item": 48,
        "quantity": "2.0000",
        "serial_number": "",
        "condition_out": "Good",
        "condition_in": "",
        "notes": ""
    }
},
{
    "model": "logistics.deliverynote",
    "pk": 1,
    "fields": {
        "created_at": "2026-06-12T17:21:51.735Z",
        "updated_at": "2026-06-12T17:21:51.735Z",
        "is_active": true,
        "dn_number": "DN-2026-001",
        "delivery_order": 1,
        "signed_by": "Innocent",
        "signed_at": "2026-06-12T17:21:51.678Z",
        "customer_feedback": "good",
        "condition_notes": "Not is Good",
        "status": "SIGNED"
    }
},
{
    "model": "logistics.vehiclemaintenance",
    "pk": 1,
    "fields": {
        "created_at": "2026-06-10T12:23:46.264Z",
        "updated_at": "2026-06-10T12:23:46.264Z",
        "is_active": true,
        "vehicle": 3,
        "maintenance_type": "SERVICE",
        "description": "Scheduled 10,000 km service",
        "cost": "850000.00",
        "service_date": "2026-06-15",
        "next_service_date": null,
        "performed_by": "Mwanza Auto Garage",
        "status": "SCHEDULED",
        "work_done": "",
        "parts_replaced": "",
        "odometer_reading": null,
        "notes": ""
    }
},
{
    "model": "logistics.vehiclemaintenance",
    "pk": 2,
    "fields": {
        "created_at": "2026-06-13T08:28:44.306Z",
        "updated_at": "2026-06-13T08:28:44.306Z",
        "is_active": true,
        "vehicle": 1,
        "maintenance_type": "INSPECTION",
        "description": "Maintenance required: services",
        "cost": "0.00",
        "service_date": "2026-06-13",
        "next_service_date": null,
        "performed_by": "",
        "status": "SCHEDULED",
        "work_done": "",
        "parts_replaced": "",
        "odometer_reading": null,
        "notes": ""
    }
},
{
    "model": "logistics.vehiclemaintenance",
    "pk": 3,
    "fields": {
        "created_at": "2026-06-13T08:28:51.586Z",
        "updated_at": "2026-06-13T08:28:51.586Z",
        "is_active": true,
        "vehicle": 1,
        "maintenance_type": "INSPECTION",
        "description": "Maintenance required: ",
        "cost": "0.00",
        "service_date": "2026-06-13",
        "next_service_date": null,
        "performed_by": "",
        "status": "SCHEDULED",
        "work_done": "",
        "parts_replaced": "",
        "odometer_reading": null,
        "notes": ""
    }
},
{
    "model": "logistics.fuelrecord",
    "pk": 1,
    "fields": {
        "created_at": "2026-06-10T12:23:46.234Z",
        "updated_at": "2026-06-10T12:23:46.236Z",
        "is_active": true,
        "vehicle": 1,
        "driver": 1,
        "date": "2026-06-07",
        "liters": "120.00",
        "cost_per_liter": "2950.00",
        "total_cost": "354000.00",
        "odometer_reading": 44800,
        "station_name": "Total Energies Mwanza",
        "notes": "",
        "recorded_by": 1
    }
},
{
    "model": "logistics.fuelrecord",
    "pk": 2,
    "fields": {
        "created_at": "2026-06-13T04:50:01.696Z",
        "updated_at": "2026-06-13T04:50:01.696Z",
        "is_active": true,
        "vehicle": 1,
        "driver": 1,
        "date": "2026-06-10",
        "liters": "120.00",
        "cost_per_liter": "2950.00",
        "total_cost": "354000.00",
        "odometer_reading": 44800,
        "station_name": "Total Energies Mwanza",
        "notes": "",
        "recorded_by": 1
    }
},
{
    "model": "logistics.deliveryconfirmation",
    "pk": 2,
    "fields": {
        "created_at": "2026-06-13T08:15:46.639Z",
        "updated_at": "2026-06-13T08:15:46.639Z",
        "is_active": true,
        "delivery_order": 4,
        "receiver_name": "juma hamis",
        "receiver_position": "secrateru",
        "receiver_phone": "0742860379",
        "receiver_company": "kahama",
        "quantity_delivered": "2.0000",
        "delivery_notes": "Good",
        "signature_data": "",
        "proof_photo_url": "",
        "proof_document_url": "",
        "confirmed_by": 3,
        "confirmed_at": "2026-06-13T08:15:46.636Z"
    }
},
{
    "model": "logistics.deliverytripevent",
    "pk": 1,
    "fields": {
        "created_at": "2026-06-13T08:04:00.806Z",
        "updated_at": "2026-06-13T08:04:00.806Z",
        "is_active": true,
        "delivery_order": 4,
        "action": "Trip Started",
        "from_status": "ASSIGNED",
        "to_status": "STARTED",
        "details": "Odometer: 6789929, Condition: GOOD",
        "user": 3
    }
},
{
    "model": "logistics.deliverytripevent",
    "pk": 2,
    "fields": {
        "created_at": "2026-06-13T08:04:00.850Z",
        "updated_at": "2026-06-13T08:04:00.850Z",
        "is_active": true,
        "delivery_order": 4,
        "action": "In Transit",
        "from_status": "STARTED",
        "to_status": "IN_TRANSIT",
        "details": "",
        "user": 3
    }
},
{
    "model": "logistics.deliverytripevent",
    "pk": 3,
    "fields": {
        "created_at": "2026-06-13T08:05:05.346Z",
        "updated_at": "2026-06-13T08:05:05.346Z",
        "is_active": true,
        "delivery_order": 4,
        "action": "Arrived at Destination",
        "from_status": "IN_TRANSIT",
        "to_status": "ARRIVED",
        "details": "good",
        "user": 3
    }
},
{
    "model": "logistics.deliverytripevent",
    "pk": 5,
    "fields": {
        "created_at": "2026-06-13T08:15:46.649Z",
        "updated_at": "2026-06-13T08:15:46.649Z",
        "is_active": true,
        "delivery_order": 4,
        "action": "Delivery Confirmed",
        "from_status": "ARRIVED",
        "to_status": "DELIVERED",
        "details": "Receiver: juma hamis",
        "user": 3
    }
},
{
    "model": "logistics.deliverytripevent",
    "pk": 6,
    "fields": {
        "created_at": "2026-06-13T08:16:31.765Z",
        "updated_at": "2026-06-13T08:16:31.765Z",
        "is_active": true,
        "delivery_order": 4,
        "action": "Logistics Approved",
        "from_status": "PENDING",
        "to_status": "APPROVED",
        "details": "",
        "user": 6
    }
},
{
    "model": "logistics.deliverytripevent",
    "pk": 7,
    "fields": {
        "created_at": "2026-06-13T08:19:37.949Z",
        "updated_at": "2026-06-13T08:19:37.949Z",
        "is_active": true,
        "delivery_order": 4,
        "action": "Return Started",
        "from_status": "DELIVERED",
        "to_status": "RETURNING",
        "details": "GOOD",
        "user": 3
    }
},
{
    "model": "logistics.deliverytripevent",
    "pk": 8,
    "fields": {
        "created_at": "2026-06-13T08:27:38.164Z",
        "updated_at": "2026-06-13T08:27:38.164Z",
        "is_active": true,
        "delivery_order": 4,
        "action": "Return Confirmed",
        "from_status": "RETURNING",
        "to_status": "RETURN_CONFIRMED",
        "details": "Odometer end: 67925858",
        "user": 3
    }
},
{
    "model": "logistics.vehicleconditionreport",
    "pk": 1,
    "fields": {
        "created_at": "2026-06-13T08:28:44.218Z",
        "updated_at": "2026-06-13T08:28:44.218Z",
        "is_active": true,
        "vehicle": 1,
        "driver": 1,
        "delivery_order": null,
        "condition": "MAINTENANCE_REQUIRED",
        "notes": "services",
        "odometer_reading": 67925858,
        "fuel_remaining": null,
        "photo_url": ""
    }
},
{
    "model": "logistics.vehicleconditionreport",
    "pk": 2,
    "fields": {
        "created_at": "2026-06-13T08:28:51.582Z",
        "updated_at": "2026-06-13T08:28:51.582Z",
        "is_active": true,
        "vehicle": 1,
        "driver": 1,
        "delivery_order": null,
        "condition": "MAINTENANCE_REQUIRED",
        "notes": "",
        "odometer_reading": 67925858,
        "fuel_remaining": null,
        "photo_url": ""
    }
},
{
    "model": "production.product",
    "pk": 1,
    "fields": {
        "created_at": "2026-06-10T14:58:00.897Z",
        "updated_at": "2026-06-10T14:58:00.897Z",
        "is_active": true,
        "item": 6,
        "name": "Wire Mesh Safety Net — Underground",
        "specifications": {
            "mesh_size": "50 x 50",
            "roll_width": "2.0",
            "wire_gauge": "4.0",
            "roll_length": "50",
            "roll_weight": "120"
        },
        "standard_output": "20.0000",
        "unit_of_measure": "ROLL"
    }
},
{
    "model": "production.product",
    "pk": 2,
    "fields": {
        "created_at": "2026-06-10T15:22:42.169Z",
        "updated_at": "2026-06-10T15:22:42.169Z",
        "is_active": true,
        "item": 7,
        "name": "Wire Mesh",
        "specifications": {
            "mesh_size": "5",
            "roll_width": "5",
            "wire_gauge": "5",
            "roll_length": "5",
            "roll_weight": "5"
        },
        "standard_output": "1.0000",
        "unit_of_measure": "pieces"
    }
},
{
    "model": "production.billofmaterials",
    "pk": 1,
    "fields": {
        "created_at": "2026-06-10T14:58:01.050Z",
        "updated_at": "2026-06-10T14:58:01.077Z",
        "is_active": true,
        "product": 1,
        "version": "1.0",
        "status": "ACTIVE",
        "material_cost_per_unit": "107087.50",
        "notes": "Standard underground wire mesh recipe",
        "created_by": 1
    }
},
{
    "model": "production.billofmaterials",
    "pk": 2,
    "fields": {
        "created_at": "2026-06-10T15:23:39.970Z",
        "updated_at": "2026-06-10T15:23:40.157Z",
        "is_active": true,
        "product": 2,
        "version": "1.0",
        "status": "ACTIVE",
        "material_cost_per_unit": "28000.00",
        "notes": "",
        "created_by": 1
    }
},
{
    "model": "production.bomitem",
    "pk": 1,
    "fields": {
        "bom": 1,
        "item": 1,
        "quantity_required": "2.5000",
        "wastage_percent": "5.00",
        "notes": ""
    }
},
{
    "model": "production.bomitem",
    "pk": 2,
    "fields": {
        "bom": 1,
        "item": 2,
        "quantity_required": "0.5000",
        "wastage_percent": "3.00",
        "notes": ""
    }
},
{
    "model": "production.bomitem",
    "pk": 3,
    "fields": {
        "bom": 2,
        "item": 5,
        "quantity_required": "1.0000",
        "wastage_percent": "0.00",
        "notes": ""
    }
},
{
    "model": "production.machine",
    "pk": 1,
    "fields": {
        "created_at": "2026-06-10T14:58:01.095Z",
        "updated_at": "2026-06-10T14:58:01.095Z",
        "is_active": true,
        "machine_code": "MCH-001",
        "name": "Wire Drawing Unit 1",
        "machine_type": "WIRE_DRAWING",
        "purchase_date": "2024-06-10",
        "status": "ACTIVE",
        "last_service_date": "2026-04-11",
        "next_service_date": "2026-07-10",
        "runtime_condition": "IDLE",
        "runtime_notes": "",
        "runtime_updated_at": null,
        "runtime_updated_by": null,
        "notes": ""
    }
},
{
    "model": "production.machine",
    "pk": 2,
    "fields": {
        "created_at": "2026-06-10T14:58:01.105Z",
        "updated_at": "2026-06-14T09:17:15.688Z",
        "is_active": true,
        "machine_code": "MCH-002",
        "name": "Mesh Weaving Line A",
        "machine_type": "MESH_WEAVING",
        "purchase_date": "2024-06-10",
        "status": "ACTIVE",
        "last_service_date": "2026-04-11",
        "next_service_date": "2026-07-10",
        "runtime_condition": "RUNNING",
        "runtime_notes": "",
        "runtime_updated_at": "2026-06-14T09:17:15.688Z",
        "runtime_updated_by": 13,
        "notes": ""
    }
},
{
    "model": "production.machine",
    "pk": 3,
    "fields": {
        "created_at": "2026-06-10T14:58:01.114Z",
        "updated_at": "2026-06-10T15:49:53.289Z",
        "is_active": true,
        "machine_code": "MCH-003",
        "name": "Cutting Station 1",
        "machine_type": "CUTTING",
        "purchase_date": "2024-06-10",
        "status": "BREAKDOWN",
        "last_service_date": "2026-04-11",
        "next_service_date": "2026-07-10",
        "runtime_condition": "IDLE",
        "runtime_notes": "",
        "runtime_updated_at": null,
        "runtime_updated_by": null,
        "notes": "engineer failed"
    }
},
{
    "model": "production.workorder",
    "pk": 1,
    "fields": {
        "created_at": "2026-06-10T14:58:01.137Z",
        "updated_at": "2026-06-10T14:58:01.137Z",
        "is_active": true,
        "wo_number": "WO-2026-001",
        "product": 1,
        "bom": 1,
        "sales_order": null,
        "machine": 2,
        "quantity_planned": "20.0000",
        "quantity_produced": "0.0000",
        "quantity_rejected": "0.0000",
        "planned_start": "2026-06-11T14:58:01.116Z",
        "planned_end": "2026-06-12T14:58:01.116Z",
        "actual_start": null,
        "actual_end": null,
        "shift": "MORNING",
        "status": "DRAFT",
        "priority": "MEDIUM",
        "production_line": "",
        "execution_workflow": false,
        "assigned_at": null,
        "completion_notes": "",
        "machine_condition": "",
        "production_approved_by": null,
        "production_approved_at": null,
        "store_received_by": null,
        "store_received_at": null,
        "operator": 4,
        "approved_by": null,
        "approved_at": null,
        "created_by": 1,
        "notes": "Customer order — Geita Gold Mine",
        "materials_issued": false
    }
},
{
    "model": "production.workorder",
    "pk": 2,
    "fields": {
        "created_at": "2026-06-10T14:58:01.162Z",
        "updated_at": "2026-06-10T14:58:01.162Z",
        "is_active": true,
        "wo_number": "WO-2026-002",
        "product": 1,
        "bom": 1,
        "sales_order": null,
        "machine": 2,
        "quantity_planned": "15.0000",
        "quantity_produced": "0.0000",
        "quantity_rejected": "0.0000",
        "planned_start": "2026-06-10T14:58:01.116Z",
        "planned_end": "2026-06-10T22:58:01.116Z",
        "actual_start": null,
        "actual_end": null,
        "shift": "AFTERNOON",
        "status": "APPROVED",
        "priority": "MEDIUM",
        "production_line": "",
        "execution_workflow": false,
        "assigned_at": null,
        "completion_notes": "",
        "machine_condition": "",
        "production_approved_by": null,
        "production_approved_at": null,
        "store_received_by": null,
        "store_received_at": null,
        "operator": 4,
        "approved_by": 1,
        "approved_at": "2026-06-10T14:58:01.116Z",
        "created_by": 1,
        "notes": "",
        "materials_issued": false
    }
},
{
    "model": "production.workorder",
    "pk": 3,
    "fields": {
        "created_at": "2026-06-10T15:26:21.918Z",
        "updated_at": "2026-06-10T15:27:00.897Z",
        "is_active": true,
        "wo_number": "WO-2026-003",
        "product": 1,
        "bom": 1,
        "sales_order": null,
        "machine": 1,
        "quantity_planned": "56.0000",
        "quantity_produced": "0.0000",
        "quantity_rejected": "0.0000",
        "planned_start": "2026-06-11T05:30:00Z",
        "planned_end": "2026-06-11T03:00:00Z",
        "actual_start": "2026-06-10T15:27:00.897Z",
        "actual_end": null,
        "shift": "MORNING",
        "status": "IN_PROGRESS",
        "priority": "MEDIUM",
        "production_line": "",
        "execution_workflow": false,
        "assigned_at": null,
        "completion_notes": "",
        "machine_condition": "",
        "production_approved_by": null,
        "production_approved_at": null,
        "store_received_by": null,
        "store_received_at": null,
        "operator": 3,
        "approved_by": 1,
        "approved_at": "2026-06-10T15:26:22.061Z",
        "created_by": 1,
        "notes": "Production shift",
        "materials_issued": true
    }
},
{
    "model": "production.workorder",
    "pk": 4,
    "fields": {
        "created_at": "2026-06-14T09:16:56.069Z",
        "updated_at": "2026-06-14T09:47:45.024Z",
        "is_active": true,
        "wo_number": "WO-2026-004",
        "product": 1,
        "bom": 1,
        "sales_order": null,
        "machine": 2,
        "quantity_planned": "50.0000",
        "quantity_produced": "50.0000",
        "quantity_rejected": "0.0000",
        "planned_start": "2026-06-14T09:14:00Z",
        "planned_end": "2026-06-14T04:15:00Z",
        "actual_start": "2026-06-14T09:17:15.680Z",
        "actual_end": "2026-06-14T09:47:45.002Z",
        "shift": "AFTERNOON",
        "status": "CLOSED",
        "priority": "MEDIUM",
        "production_line": "",
        "execution_workflow": true,
        "assigned_at": "2026-06-14T09:17:08.477Z",
        "completion_notes": "full production",
        "machine_condition": "",
        "production_approved_by": 13,
        "production_approved_at": "2026-06-14T09:28:12.300Z",
        "store_received_by": 11,
        "store_received_at": "2026-06-14T09:47:45.002Z",
        "operator": 4,
        "approved_by": 13,
        "approved_at": "2026-06-14T09:16:56.463Z",
        "created_by": 13,
        "notes": "production",
        "materials_issued": true
    }
},
{
    "model": "production.workorderpendingmaterial",
    "pk": 1,
    "fields": {
        "work_order": 4,
        "item": 1,
        "quantity_consumed": "131.2500",
        "waste_quantity": "0.0000",
        "posted": true,
        "recorded_by": 13,
        "created_at": "2026-06-14T09:23:48.453Z"
    }
},
{
    "model": "production.workorderpendingmaterial",
    "pk": 2,
    "fields": {
        "work_order": 4,
        "item": 2,
        "quantity_consumed": "25.7500",
        "waste_quantity": "0.0000",
        "posted": true,
        "recorded_by": 13,
        "created_at": "2026-06-14T09:23:48.456Z"
    }
},
{
    "model": "production.workorderexecutionevent",
    "pk": 1,
    "fields": {
        "work_order": 4,
        "user": 13,
        "action": "ASSIGN",
        "old_status": "APPROVED",
        "new_status": "ASSIGNED",
        "payload": {
            "operator_id": 4
        },
        "created_at": "2026-06-14T09:17:08.478Z"
    }
},
{
    "model": "production.workorderexecutionevent",
    "pk": 2,
    "fields": {
        "work_order": 4,
        "user": 13,
        "action": "START",
        "old_status": "ASSIGNED",
        "new_status": "IN_PROGRESS",
        "payload": {
            "machine_id": 2
        },
        "created_at": "2026-06-14T09:17:15.684Z"
    }
},
{
    "model": "production.workorderexecutionevent",
    "pk": 3,
    "fields": {
        "work_order": 4,
        "user": 13,
        "action": "CONSUMPTION",
        "old_status": "IN_PROGRESS",
        "new_status": "IN_PROGRESS",
        "payload": {
            "lines": 2
        },
        "created_at": "2026-06-14T09:23:48.456Z"
    }
},
{
    "model": "production.workorderexecutionevent",
    "pk": 4,
    "fields": {
        "work_order": 4,
        "user": 13,
        "action": "SUBMIT_COMPLETION",
        "old_status": "IN_PROGRESS",
        "new_status": "COMPLETED_PENDING",
        "payload": {
            "quantity_produced": "50.0000",
            "quantity_defective": "0.0000"
        },
        "created_at": "2026-06-14T09:27:15.393Z"
    }
},
{
    "model": "production.workorderexecutionevent",
    "pk": 5,
    "fields": {
        "work_order": 4,
        "user": 13,
        "action": "PROD_APPROVE",
        "old_status": "COMPLETED_PENDING",
        "new_status": "WAITING_STORE",
        "payload": {},
        "created_at": "2026-06-14T09:28:12.313Z"
    }
},
{
    "model": "production.workorderexecutionevent",
    "pk": 6,
    "fields": {
        "work_order": 4,
        "user": 11,
        "action": "STORE_RECEIPT",
        "old_status": "WAITING_STORE",
        "new_status": "INV_RECEIVED",
        "payload": {
            "warehouse_id": 1,
            "quantity_received": "50.0000"
        },
        "created_at": "2026-06-14T09:47:45.005Z"
    }
},
{
    "model": "production.workorderexecutionevent",
    "pk": 7,
    "fields": {
        "work_order": 4,
        "user": 11,
        "action": "STORE_RECEIPT",
        "old_status": "INV_RECEIVED",
        "new_status": "CLOSED",
        "payload": {},
        "created_at": "2026-06-14T09:47:45.025Z"
    }
},
{
    "model": "production.finishedgoodsreceipt",
    "pk": 1,
    "fields": {
        "created_at": "2026-06-14T09:28:12.308Z",
        "updated_at": "2026-06-14T09:47:44.999Z",
        "is_active": true,
        "work_order": 4,
        "warehouse": 1,
        "quantity_received": "50.0000",
        "batch_number": "FG-2026-001",
        "notes": "",
        "received_by": 11,
        "posted": true
    }
},
{
    "model": "production.workordermaterialissue",
    "pk": 1,
    "fields": {
        "work_order": 3,
        "item": 1,
        "quantity_issued": "147.0000",
        "quantity_returned": "0.0000",
        "wastage": "0.0000"
    }
},
{
    "model": "production.workordermaterialissue",
    "pk": 2,
    "fields": {
        "work_order": 3,
        "item": 2,
        "quantity_issued": "28.8400",
        "quantity_returned": "0.0000",
        "wastage": "0.0000"
    }
},
{
    "model": "production.workordermaterialissue",
    "pk": 3,
    "fields": {
        "work_order": 4,
        "item": 1,
        "quantity_issued": "131.2500",
        "quantity_returned": "0.0000",
        "wastage": "0.0000"
    }
},
{
    "model": "production.workordermaterialissue",
    "pk": 4,
    "fields": {
        "work_order": 4,
        "item": 2,
        "quantity_issued": "25.7500",
        "quantity_returned": "0.0000",
        "wastage": "0.0000"
    }
},
{
    "model": "finance.account",
    "pk": 1,
    "fields": {
        "created_at": "2026-06-11T05:19:21.198Z",
        "updated_at": "2026-06-11T05:19:21.198Z",
        "is_active": true,
        "account_code": "1000",
        "account_name": "ASSETS",
        "account_type": "ASSET",
        "parent": null,
        "description": "Rock Solutions — ASSETS"
    }
},
{
    "model": "finance.account",
    "pk": 2,
    "fields": {
        "created_at": "2026-06-11T05:19:21.201Z",
        "updated_at": "2026-06-11T05:19:21.201Z",
        "is_active": true,
        "account_code": "1100",
        "account_name": "Current Assets",
        "account_type": "ASSET",
        "parent": 1,
        "description": "Rock Solutions — Current Assets"
    }
},
{
    "model": "finance.account",
    "pk": 3,
    "fields": {
        "created_at": "2026-06-11T05:19:21.203Z",
        "updated_at": "2026-06-11T05:19:21.203Z",
        "is_active": true,
        "account_code": "1101",
        "account_name": "Cash",
        "account_type": "ASSET",
        "parent": 2,
        "description": "Rock Solutions — Cash"
    }
},
{
    "model": "finance.account",
    "pk": 4,
    "fields": {
        "created_at": "2026-06-11T05:19:21.205Z",
        "updated_at": "2026-06-11T05:19:21.205Z",
        "is_active": true,
        "account_code": "1102",
        "account_name": "Bank Account — CRDB",
        "account_type": "ASSET",
        "parent": 2,
        "description": "Rock Solutions — Bank Account — CRDB"
    }
},
{
    "model": "finance.account",
    "pk": 5,
    "fields": {
        "created_at": "2026-06-11T05:19:21.206Z",
        "updated_at": "2026-06-11T05:19:21.206Z",
        "is_active": true,
        "account_code": "1103",
        "account_name": "Bank Account — NMB",
        "account_type": "ASSET",
        "parent": 2,
        "description": "Rock Solutions — Bank Account — NMB"
    }
},
{
    "model": "finance.account",
    "pk": 6,
    "fields": {
        "created_at": "2026-06-11T05:19:21.208Z",
        "updated_at": "2026-06-11T05:19:21.208Z",
        "is_active": true,
        "account_code": "1200",
        "account_name": "Accounts Receivable",
        "account_type": "ASSET",
        "parent": 2,
        "description": "Rock Solutions — Accounts Receivable"
    }
},
{
    "model": "finance.account",
    "pk": 7,
    "fields": {
        "created_at": "2026-06-11T05:19:21.211Z",
        "updated_at": "2026-06-11T05:19:21.211Z",
        "is_active": true,
        "account_code": "1300",
        "account_name": "Inventory",
        "account_type": "ASSET",
        "parent": 2,
        "description": "Rock Solutions — Inventory"
    }
},
{
    "model": "finance.account",
    "pk": 8,
    "fields": {
        "created_at": "2026-06-11T05:19:21.213Z",
        "updated_at": "2026-06-11T05:19:21.213Z",
        "is_active": true,
        "account_code": "1400",
        "account_name": "Fixed Assets",
        "account_type": "ASSET",
        "parent": 1,
        "description": "Rock Solutions — Fixed Assets"
    }
},
{
    "model": "finance.account",
    "pk": 9,
    "fields": {
        "created_at": "2026-06-11T05:19:21.215Z",
        "updated_at": "2026-06-11T05:19:21.215Z",
        "is_active": true,
        "account_code": "1401",
        "account_name": "Machinery",
        "account_type": "ASSET",
        "parent": 8,
        "description": "Rock Solutions — Machinery"
    }
},
{
    "model": "finance.account",
    "pk": 10,
    "fields": {
        "created_at": "2026-06-11T05:19:21.217Z",
        "updated_at": "2026-06-11T05:19:21.217Z",
        "is_active": true,
        "account_code": "1402",
        "account_name": "Vehicles",
        "account_type": "ASSET",
        "parent": 8,
        "description": "Rock Solutions — Vehicles"
    }
},
{
    "model": "finance.account",
    "pk": 11,
    "fields": {
        "created_at": "2026-06-11T05:19:21.219Z",
        "updated_at": "2026-06-11T05:19:21.219Z",
        "is_active": true,
        "account_code": "2000",
        "account_name": "LIABILITIES",
        "account_type": "LIABILITY",
        "parent": null,
        "description": "Rock Solutions — LIABILITIES"
    }
},
{
    "model": "finance.account",
    "pk": 12,
    "fields": {
        "created_at": "2026-06-11T05:19:21.220Z",
        "updated_at": "2026-06-11T05:19:21.220Z",
        "is_active": true,
        "account_code": "2100",
        "account_name": "Current Liabilities",
        "account_type": "LIABILITY",
        "parent": 11,
        "description": "Rock Solutions — Current Liabilities"
    }
},
{
    "model": "finance.account",
    "pk": 13,
    "fields": {
        "created_at": "2026-06-11T05:19:21.223Z",
        "updated_at": "2026-06-11T05:19:21.223Z",
        "is_active": true,
        "account_code": "2101",
        "account_name": "Accounts Payable",
        "account_type": "LIABILITY",
        "parent": 12,
        "description": "Rock Solutions — Accounts Payable"
    }
},
{
    "model": "finance.account",
    "pk": 14,
    "fields": {
        "created_at": "2026-06-11T05:19:21.224Z",
        "updated_at": "2026-06-11T05:19:21.224Z",
        "is_active": true,
        "account_code": "2200",
        "account_name": "VAT Payable",
        "account_type": "LIABILITY",
        "parent": 12,
        "description": "Rock Solutions — VAT Payable"
    }
},
{
    "model": "finance.account",
    "pk": 15,
    "fields": {
        "created_at": "2026-06-11T05:19:21.226Z",
        "updated_at": "2026-06-11T05:19:21.226Z",
        "is_active": true,
        "account_code": "2300",
        "account_name": "Long Term Liabilities",
        "account_type": "LIABILITY",
        "parent": 11,
        "description": "Rock Solutions — Long Term Liabilities"
    }
},
{
    "model": "finance.account",
    "pk": 16,
    "fields": {
        "created_at": "2026-06-11T05:19:21.228Z",
        "updated_at": "2026-06-11T05:19:21.228Z",
        "is_active": true,
        "account_code": "3000",
        "account_name": "EQUITY",
        "account_type": "EQUITY",
        "parent": null,
        "description": "Rock Solutions — EQUITY"
    }
},
{
    "model": "finance.account",
    "pk": 17,
    "fields": {
        "created_at": "2026-06-11T05:19:21.231Z",
        "updated_at": "2026-06-11T05:19:21.231Z",
        "is_active": true,
        "account_code": "3001",
        "account_name": "Retained Earnings",
        "account_type": "EQUITY",
        "parent": 16,
        "description": "Rock Solutions — Retained Earnings"
    }
},
{
    "model": "finance.account",
    "pk": 18,
    "fields": {
        "created_at": "2026-06-11T05:19:21.234Z",
        "updated_at": "2026-06-11T05:19:21.234Z",
        "is_active": true,
        "account_code": "4000",
        "account_name": "REVENUE",
        "account_type": "REVENUE",
        "parent": null,
        "description": "Rock Solutions — REVENUE"
    }
},
{
    "model": "finance.account",
    "pk": 19,
    "fields": {
        "created_at": "2026-06-11T05:19:21.235Z",
        "updated_at": "2026-06-11T05:19:21.235Z",
        "is_active": true,
        "account_code": "4001",
        "account_name": "Trading Revenue",
        "account_type": "REVENUE",
        "parent": 18,
        "description": "Rock Solutions — Trading Revenue"
    }
},
{
    "model": "finance.account",
    "pk": 20,
    "fields": {
        "created_at": "2026-06-11T05:19:21.237Z",
        "updated_at": "2026-06-11T05:19:21.237Z",
        "is_active": true,
        "account_code": "4002",
        "account_name": "Manufacturing Revenue",
        "account_type": "REVENUE",
        "parent": 18,
        "description": "Rock Solutions — Manufacturing Revenue"
    }
},
{
    "model": "finance.account",
    "pk": 21,
    "fields": {
        "created_at": "2026-06-11T05:19:21.239Z",
        "updated_at": "2026-06-11T05:19:21.239Z",
        "is_active": true,
        "account_code": "5000",
        "account_name": "EXPENSES",
        "account_type": "EXPENSE",
        "parent": null,
        "description": "Rock Solutions — EXPENSES"
    }
},
{
    "model": "finance.account",
    "pk": 22,
    "fields": {
        "created_at": "2026-06-11T05:19:21.240Z",
        "updated_at": "2026-06-11T05:19:21.240Z",
        "is_active": true,
        "account_code": "5001",
        "account_name": "Cost of Goods Sold",
        "account_type": "EXPENSE",
        "parent": 21,
        "description": "Rock Solutions — Cost of Goods Sold"
    }
},
{
    "model": "finance.account",
    "pk": 23,
    "fields": {
        "created_at": "2026-06-11T05:19:21.243Z",
        "updated_at": "2026-06-11T05:19:21.243Z",
        "is_active": true,
        "account_code": "5100",
        "account_name": "Salaries",
        "account_type": "EXPENSE",
        "parent": 21,
        "description": "Rock Solutions — Salaries"
    }
},
{
    "model": "finance.account",
    "pk": 24,
    "fields": {
        "created_at": "2026-06-11T05:19:21.245Z",
        "updated_at": "2026-06-11T05:19:21.245Z",
        "is_active": true,
        "account_code": "5200",
        "account_name": "Fuel & Transport",
        "account_type": "EXPENSE",
        "parent": 21,
        "description": "Rock Solutions — Fuel & Transport"
    }
},
{
    "model": "finance.account",
    "pk": 25,
    "fields": {
        "created_at": "2026-06-11T05:19:21.247Z",
        "updated_at": "2026-06-11T05:19:21.247Z",
        "is_active": true,
        "account_code": "5300",
        "account_name": "Other Expenses",
        "account_type": "EXPENSE",
        "parent": 21,
        "description": "Rock Solutions — Other Expenses"
    }
},
{
    "model": "finance.account",
    "pk": 26,
    "fields": {
        "created_at": "2026-06-11T05:55:28.608Z",
        "updated_at": "2026-06-11T05:55:28.608Z",
        "is_active": true,
        "account_code": "343",
        "account_name": "bitech",
        "account_type": "EXPENSE",
        "parent": 21,
        "description": "malipo"
    }
},
{
    "model": "finance.account",
    "pk": 27,
    "fields": {
        "created_at": "2026-06-11T06:18:13.031Z",
        "updated_at": "2026-06-11T06:18:13.031Z",
        "is_active": true,
        "account_code": "4003",
        "account_name": "Bitech",
        "account_type": "REVENUE",
        "parent": 20,
        "description": "revenue"
    }
},
{
    "model": "finance.journalentry",
    "pk": 1,
    "fields": {
        "created_at": "2026-06-11T05:19:21.276Z",
        "updated_at": "2026-06-11T05:19:21.276Z",
        "is_active": true,
        "je_number": "JE-2026-001",
        "date": "2026-06-11",
        "reference_type": "MANUAL",
        "reference_id": "",
        "description": "Opening balances — seed data",
        "currency": 1,
        "exchange_rate": "1.000000",
        "status": "POSTED",
        "posted_by": 1,
        "posted_at": "2026-06-11T05:19:21.275Z",
        "reversed_entry": null,
        "created_by": 1
    }
},
{
    "model": "finance.journalentry",
    "pk": 2,
    "fields": {
        "created_at": "2026-06-11T05:19:21.283Z",
        "updated_at": "2026-06-11T05:19:21.283Z",
        "is_active": true,
        "je_number": "JE-2026-002",
        "date": "2026-06-11",
        "reference_type": "INVOICE",
        "reference_id": "SEED-REV-001",
        "description": "Sample trading revenue — mining equipment sale",
        "currency": 1,
        "exchange_rate": "1.000000",
        "status": "POSTED",
        "posted_by": 1,
        "posted_at": "2026-06-11T05:19:21.283Z",
        "reversed_entry": null,
        "created_by": 1
    }
},
{
    "model": "finance.journalline",
    "pk": 1,
    "fields": {
        "journal_entry": 1,
        "account": 4,
        "description": "Opening balance",
        "department": null,
        "debit_amount": "50000000.00",
        "credit_amount": "0.00",
        "is_reconciled": false
    }
},
{
    "model": "finance.journalline",
    "pk": 2,
    "fields": {
        "journal_entry": 1,
        "account": 17,
        "description": "Opening balance",
        "department": null,
        "debit_amount": "0.00",
        "credit_amount": "50000000.00",
        "is_reconciled": false
    }
},
{
    "model": "finance.journalline",
    "pk": 3,
    "fields": {
        "journal_entry": 2,
        "account": 6,
        "description": "Customer invoice",
        "department": null,
        "debit_amount": "8500000.00",
        "credit_amount": "0.00",
        "is_reconciled": false
    }
},
{
    "model": "finance.journalline",
    "pk": 4,
    "fields": {
        "journal_entry": 2,
        "account": 19,
        "description": "Trading revenue",
        "department": null,
        "debit_amount": "0.00",
        "credit_amount": "7200000.00",
        "is_reconciled": false
    }
},
{
    "model": "finance.journalline",
    "pk": 5,
    "fields": {
        "journal_entry": 2,
        "account": 14,
        "description": "Output VAT 18%",
        "department": null,
        "debit_amount": "0.00",
        "credit_amount": "1300000.00",
        "is_reconciled": false
    }
},
{
    "model": "finance.bankaccount",
    "pk": 1,
    "fields": {
        "created_at": "2026-06-11T05:19:21.250Z",
        "updated_at": "2026-06-11T05:19:21.250Z",
        "is_active": true,
        "bank_name": "CRDB Bank",
        "account_number": "0150123456789",
        "account_name": "Rock Solutions Ltd — Operating",
        "currency": 1,
        "gl_account": 4,
        "opening_balance": "50000000.00",
        "current_balance": "50000000.00",
        "last_reconciled": null
    }
},
{
    "model": "finance.bankaccount",
    "pk": 2,
    "fields": {
        "created_at": "2026-06-11T05:19:21.253Z",
        "updated_at": "2026-06-11T05:19:21.253Z",
        "is_active": true,
        "bank_name": "NMB Bank",
        "account_number": "2040123456789",
        "account_name": "Rock Solutions Ltd — Operating",
        "currency": 1,
        "gl_account": 5,
        "opening_balance": "50000000.00",
        "current_balance": "50000000.00",
        "last_reconciled": null
    }
},
{
    "model": "finance.bankaccount",
    "pk": 3,
    "fields": {
        "created_at": "2026-06-11T06:21:17.779Z",
        "updated_at": "2026-06-11T06:21:17.779Z",
        "is_active": true,
        "bank_name": "MWANGA BANK",
        "account_number": "1524789656234698",
        "account_name": "INNOCENT",
        "currency": 1,
        "gl_account": 6,
        "opening_balance": "5000000.00",
        "current_balance": "0.00",
        "last_reconciled": null
    }
},
{
    "model": "finance.budget",
    "pk": 1,
    "fields": {
        "created_at": "2026-06-11T05:19:21.269Z",
        "updated_at": "2026-06-11T05:19:21.269Z",
        "is_active": true,
        "name": "Finance Admin Expenses",
        "department": 1,
        "account": 25,
        "financial_year": 2026,
        "period": "ANNUAL",
        "amount_budgeted": "12000000.00",
        "notes": ""
    }
},
{
    "model": "finance.budget",
    "pk": 2,
    "fields": {
        "created_at": "2026-06-11T06:24:47.553Z",
        "updated_at": "2026-06-11T06:24:47.553Z",
        "is_active": true,
        "name": "IT services",
        "department": 6,
        "account": 21,
        "financial_year": 2026,
        "period": "QUARTERLY",
        "amount_budgeted": "10000000.00",
        "notes": "Bitech company limited"
    }
},
{
    "model": "finance.taxsetting",
    "pk": 1,
    "fields": {
        "created_at": "2026-06-11T05:19:21.256Z",
        "updated_at": "2026-06-11T05:19:21.256Z",
        "is_active": true,
        "name": "VAT",
        "rate": "18.0000",
        "applicable_to": "SALES",
        "description": "Value Added Tax — 18%"
    }
},
{
    "model": "finance.taxsetting",
    "pk": 2,
    "fields": {
        "created_at": "2026-06-11T05:19:21.258Z",
        "updated_at": "2026-06-11T05:47:57.670Z",
        "is_active": true,
        "name": "NSSF Employee",
        "rate": "10.0000",
        "applicable_to": "PAYROLL",
        "description": "NSSF employee contribution"
    }
},
{
    "model": "finance.taxsetting",
    "pk": 3,
    "fields": {
        "created_at": "2026-06-11T05:19:21.260Z",
        "updated_at": "2026-06-11T05:19:21.260Z",
        "is_active": true,
        "name": "NSSF Employer",
        "rate": "10.0000",
        "applicable_to": "PAYROLL",
        "description": "NSSF employer contribution"
    }
},
{
    "model": "finance.taxsetting",
    "pk": 4,
    "fields": {
        "created_at": "2026-06-11T05:19:21.262Z",
        "updated_at": "2026-06-11T05:19:21.262Z",
        "is_active": true,
        "name": "WHT",
        "rate": "5.0000",
        "applicable_to": "PURCHASE",
        "description": "Withholding tax on services"
    }
},
{
    "model": "hr.leavetype",
    "pk": 1,
    "fields": {
        "created_at": "2026-06-11T07:34:47.910Z",
        "updated_at": "2026-06-11T07:34:47.910Z",
        "is_active": true,
        "name": "Annual Leave",
        "code": "ANNUAL",
        "days_entitled": 28,
        "is_paid": true,
        "carry_forward": true,
        "description": ""
    }
},
{
    "model": "hr.leavetype",
    "pk": 2,
    "fields": {
        "created_at": "2026-06-11T07:34:47.913Z",
        "updated_at": "2026-06-11T07:34:47.913Z",
        "is_active": true,
        "name": "Sick Leave",
        "code": "SICK",
        "days_entitled": 14,
        "is_paid": true,
        "carry_forward": false,
        "description": ""
    }
},
{
    "model": "hr.leavetype",
    "pk": 3,
    "fields": {
        "created_at": "2026-06-11T07:34:47.915Z",
        "updated_at": "2026-06-11T07:34:47.915Z",
        "is_active": true,
        "name": "Maternity Leave",
        "code": "MATERNITY",
        "days_entitled": 84,
        "is_paid": true,
        "carry_forward": false,
        "description": ""
    }
},
{
    "model": "hr.leavetype",
    "pk": 4,
    "fields": {
        "created_at": "2026-06-11T07:34:47.917Z",
        "updated_at": "2026-06-11T07:34:47.917Z",
        "is_active": true,
        "name": "Paternity Leave",
        "code": "PATERNITY",
        "days_entitled": 3,
        "is_paid": true,
        "carry_forward": false,
        "description": ""
    }
},
{
    "model": "hr.leavetype",
    "pk": 5,
    "fields": {
        "created_at": "2026-06-11T07:34:47.919Z",
        "updated_at": "2026-06-11T07:34:47.919Z",
        "is_active": true,
        "name": "Compassionate Leave",
        "code": "COMPASSIONATE",
        "days_entitled": 3,
        "is_paid": true,
        "carry_forward": false,
        "description": ""
    }
},
{
    "model": "hr.allowanceconfig",
    "pk": 1,
    "fields": {
        "created_at": "2026-06-11T07:34:47.923Z",
        "updated_at": "2026-06-11T07:34:47.923Z",
        "is_active": true,
        "name": "Housing Allowance",
        "amount": "150000.00",
        "is_taxable": true,
        "department": null,
        "effective_date": "2026-06-11",
        "end_date": null
    }
},
{
    "model": "hr.allowanceconfig",
    "pk": 2,
    "fields": {
        "created_at": "2026-06-11T07:34:47.938Z",
        "updated_at": "2026-06-11T07:34:47.938Z",
        "is_active": true,
        "name": "Transport Allowance",
        "amount": "80000.00",
        "is_taxable": false,
        "department": null,
        "effective_date": "2026-06-11",
        "end_date": null
    }
},
{
    "model": "hr.employee",
    "pk": 1,
    "fields": {
        "created_at": "2026-06-11T07:34:47.982Z",
        "updated_at": "2026-06-11T07:34:47.982Z",
        "is_active": true,
        "employee_number": "RSL-EMP-001",
        "user": null,
        "first_name": "John",
        "last_name": "Mwangi",
        "gender": "MALE",
        "date_of_birth": null,
        "national_id": "19850000000",
        "tin_number": "127-950-695",
        "nssf_number": "NSSF000000",
        "nhif_number": "NHIF000000",
        "paye_applicable": true,
        "phone": "+255 700 000 000",
        "personal_email": "",
        "work_email": "",
        "address": "",
        "city": "",
        "profile_photo": "",
        "department": 3,
        "job_title": "Sales Officer",
        "employment_type": "PERMANENT",
        "contract_start": "2025-06-11",
        "contract_end": null,
        "probation_end": null,
        "reports_to": null,
        "basic_salary": "850000.00",
        "currency": 1,
        "payment_frequency": "MONTHLY",
        "bank_name": "",
        "bank_account": "",
        "bank_account_name": "",
        "bank_branch": "",
        "emergency_contact_name": "",
        "emergency_contact_relationship": "",
        "emergency_contact_phone": "",
        "emergency_contact_address": "",
        "status": "ACTIVE",
        "create_user_account": false,
        "resignation_date": null
    }
},
{
    "model": "hr.employee",
    "pk": 2,
    "fields": {
        "created_at": "2026-06-11T07:34:47.998Z",
        "updated_at": "2026-06-11T07:34:47.998Z",
        "is_active": true,
        "employee_number": "RSL-EMP-002",
        "user": null,
        "first_name": "Grace",
        "last_name": "Kimaro",
        "gender": "FEMALE",
        "date_of_birth": null,
        "national_id": "19850000001",
        "tin_number": "127-950-695",
        "nssf_number": "NSSF000001",
        "nhif_number": "NHIF000001",
        "paye_applicable": true,
        "phone": "+255 701 000 000",
        "personal_email": "",
        "work_email": "",
        "address": "",
        "city": "",
        "profile_photo": "",
        "department": 6,
        "job_title": "HR Officer",
        "employment_type": "PERMANENT",
        "contract_start": "2025-06-11",
        "contract_end": null,
        "probation_end": null,
        "reports_to": null,
        "basic_salary": "1200000.00",
        "currency": 1,
        "payment_frequency": "MONTHLY",
        "bank_name": "",
        "bank_account": "",
        "bank_account_name": "",
        "bank_branch": "",
        "emergency_contact_name": "",
        "emergency_contact_relationship": "",
        "emergency_contact_phone": "",
        "emergency_contact_address": "",
        "status": "ACTIVE",
        "create_user_account": false,
        "resignation_date": null
    }
},
{
    "model": "hr.employee",
    "pk": 3,
    "fields": {
        "created_at": "2026-06-11T07:34:48.010Z",
        "updated_at": "2026-06-11T07:34:48.010Z",
        "is_active": true,
        "employee_number": "RSL-EMP-003",
        "user": null,
        "first_name": "Peter",
        "last_name": "Msangi",
        "gender": "MALE",
        "date_of_birth": null,
        "national_id": "19850000002",
        "tin_number": "127-950-695",
        "nssf_number": "NSSF000002",
        "nhif_number": "NHIF000002",
        "paye_applicable": true,
        "phone": "+255 702 000 000",
        "personal_email": "",
        "work_email": "",
        "address": "",
        "city": "",
        "profile_photo": "",
        "department": 2,
        "job_title": "Storekeeper",
        "employment_type": "PERMANENT",
        "contract_start": "2025-06-11",
        "contract_end": null,
        "probation_end": null,
        "reports_to": null,
        "basic_salary": "650000.00",
        "currency": 1,
        "payment_frequency": "MONTHLY",
        "bank_name": "",
        "bank_account": "",
        "bank_account_name": "",
        "bank_branch": "",
        "emergency_contact_name": "",
        "emergency_contact_relationship": "",
        "emergency_contact_phone": "",
        "emergency_contact_address": "",
        "status": "ACTIVE",
        "create_user_account": false,
        "resignation_date": null
    }
},
{
    "model": "hr.employee",
    "pk": 4,
    "fields": {
        "created_at": "2026-06-11T07:34:48.022Z",
        "updated_at": "2026-06-11T07:34:48.022Z",
        "is_active": true,
        "employee_number": "RSL-EMP-004",
        "user": null,
        "first_name": "Amina",
        "last_name": "Hassan",
        "gender": "FEMALE",
        "date_of_birth": null,
        "national_id": "19850000003",
        "tin_number": "127-950-695",
        "nssf_number": "NSSF000003",
        "nhif_number": "NHIF000003",
        "paye_applicable": true,
        "phone": "+255 703 000 000",
        "personal_email": "",
        "work_email": "",
        "address": "",
        "city": "",
        "profile_photo": "",
        "department": 4,
        "job_title": "Logistics Officer",
        "employment_type": "CONTRACT",
        "contract_start": "2025-06-11",
        "contract_end": "2026-12-08",
        "probation_end": null,
        "reports_to": null,
        "basic_salary": "750000.00",
        "currency": 1,
        "payment_frequency": "MONTHLY",
        "bank_name": "",
        "bank_account": "",
        "bank_account_name": "",
        "bank_branch": "",
        "emergency_contact_name": "",
        "emergency_contact_relationship": "",
        "emergency_contact_phone": "",
        "emergency_contact_address": "",
        "status": "ACTIVE",
        "create_user_account": false,
        "resignation_date": null
    }
},
{
    "model": "hr.employee",
    "pk": 5,
    "fields": {
        "created_at": "2026-06-11T07:34:48.034Z",
        "updated_at": "2026-06-11T07:34:48.034Z",
        "is_active": true,
        "employee_number": "RSL-EMP-005",
        "user": null,
        "first_name": "Joseph",
        "last_name": "Macha",
        "gender": "MALE",
        "date_of_birth": null,
        "national_id": "19850000004",
        "tin_number": "127-950-695",
        "nssf_number": "NSSF000004",
        "nhif_number": "NHIF000004",
        "paye_applicable": true,
        "phone": "+255 704 000 000",
        "personal_email": "",
        "work_email": "",
        "address": "",
        "city": "",
        "profile_photo": "",
        "department": 5,
        "job_title": "Machine Operator",
        "employment_type": "PERMANENT",
        "contract_start": "2025-06-11",
        "contract_end": null,
        "probation_end": null,
        "reports_to": null,
        "basic_salary": "550000.00",
        "currency": 1,
        "payment_frequency": "MONTHLY",
        "bank_name": "",
        "bank_account": "",
        "bank_account_name": "",
        "bank_branch": "",
        "emergency_contact_name": "",
        "emergency_contact_relationship": "",
        "emergency_contact_phone": "",
        "emergency_contact_address": "",
        "status": "ACTIVE",
        "create_user_account": false,
        "resignation_date": null
    }
},
{
    "model": "hr.employee",
    "pk": 6,
    "fields": {
        "created_at": "2026-06-13T08:52:59.214Z",
        "updated_at": "2026-06-13T08:52:59.214Z",
        "is_active": true,
        "employee_number": "RSL-EMP-006",
        "user": 3,
        "first_name": "James",
        "last_name": "Mollel",
        "gender": "MALE",
        "date_of_birth": null,
        "national_id": "",
        "tin_number": "",
        "nssf_number": "",
        "nhif_number": "",
        "paye_applicable": true,
        "phone": "+255 754 000 111",
        "personal_email": "",
        "work_email": "driver@rocksolutions.co.tz",
        "address": "",
        "city": "",
        "profile_photo": "",
        "department": 4,
        "job_title": "Driver",
        "employment_type": "PERMANENT",
        "contract_start": "2026-06-13",
        "contract_end": null,
        "probation_end": null,
        "reports_to": null,
        "basic_salary": "650000.00",
        "currency": 1,
        "payment_frequency": "MONTHLY",
        "bank_name": "",
        "bank_account": "",
        "bank_account_name": "",
        "bank_branch": "",
        "emergency_contact_name": "",
        "emergency_contact_relationship": "",
        "emergency_contact_phone": "",
        "emergency_contact_address": "",
        "status": "ACTIVE",
        "create_user_account": false,
        "resignation_date": null
    }
},
{
    "model": "hr.employee",
    "pk": 7,
    "fields": {
        "created_at": "2026-06-13T09:19:12.920Z",
        "updated_at": "2026-06-13T12:18:10.753Z",
        "is_active": true,
        "employee_number": "RSL-EMP-007",
        "user": 8,
        "first_name": "Meshack",
        "last_name": "Philibert",
        "gender": "MALE",
        "date_of_birth": "2026-06-19",
        "national_id": "200725262312312312356",
        "tin_number": "456456456",
        "nssf_number": "t_452w6556",
        "nhif_number": "R563103",
        "paye_applicable": true,
        "phone": "07415263",
        "personal_email": "meshack@gmail.com",
        "work_email": "meshack@rocksolutions.co.tz",
        "address": "kiseke",
        "city": "mwanza",
        "profile_photo": "",
        "department": 4,
        "job_title": "driver",
        "employment_type": "CONTRACT",
        "contract_start": "2026-06-14",
        "contract_end": "2027-06-13",
        "probation_end": "2026-08-01",
        "reports_to": 2,
        "basic_salary": "750000.00",
        "currency": 1,
        "payment_frequency": "MONTHLY",
        "bank_name": "CRDB",
        "bank_account": "1234567899876",
        "bank_account_name": "MESHACK PHILIBERT",
        "bank_branch": "MWANZA",
        "emergency_contact_name": "HELINA MESHACK",
        "emergency_contact_relationship": "WIFI",
        "emergency_contact_phone": "074859656",
        "emergency_contact_address": "MWANZA-KISEKE",
        "status": "ACTIVE",
        "create_user_account": false,
        "resignation_date": null
    }
},
{
    "model": "hr.employee",
    "pk": 8,
    "fields": {
        "created_at": "2026-06-13T12:03:28.681Z",
        "updated_at": "2026-06-13T12:31:52.796Z",
        "is_active": true,
        "employee_number": "RSL-EMP-008",
        "user": 9,
        "first_name": "onesimo",
        "last_name": "one",
        "gender": "MALE",
        "date_of_birth": "1998-10-14",
        "national_id": "45612398778945612356",
        "tin_number": "",
        "nssf_number": "",
        "nhif_number": "",
        "paye_applicable": true,
        "phone": "04785969213",
        "personal_email": "onesimo@gmail.com",
        "work_email": "onesimo@rocksolutions.co.tz",
        "address": "fsfsafg",
        "city": "mwanza",
        "profile_photo": "",
        "department": 4,
        "job_title": "driver",
        "employment_type": "PERMANENT",
        "contract_start": "2026-06-13",
        "contract_end": "2027-06-20",
        "probation_end": "2026-09-13",
        "reports_to": 2,
        "basic_salary": "0.00",
        "currency": 1,
        "payment_frequency": "MONTHLY",
        "bank_name": "",
        "bank_account": "",
        "bank_account_name": "",
        "bank_branch": "",
        "emergency_contact_name": "",
        "emergency_contact_relationship": "",
        "emergency_contact_phone": "",
        "emergency_contact_address": "",
        "status": "ACTIVE",
        "create_user_account": false,
        "resignation_date": null
    }
},
{
    "model": "hr.employeeallowance",
    "pk": 1,
    "fields": {
        "created_at": "2026-06-11T07:34:47.986Z",
        "updated_at": "2026-06-11T07:34:47.986Z",
        "is_active": true,
        "employee": 1,
        "name": "Transport Allowance",
        "amount": "80000.00",
        "is_taxable": false,
        "effective_date": "2026-06-11"
    }
},
{
    "model": "hr.employeeallowance",
    "pk": 2,
    "fields": {
        "created_at": "2026-06-11T07:34:48.001Z",
        "updated_at": "2026-06-11T07:34:48.001Z",
        "is_active": true,
        "employee": 2,
        "name": "Transport Allowance",
        "amount": "80000.00",
        "is_taxable": false,
        "effective_date": "2026-06-11"
    }
},
{
    "model": "hr.employeeallowance",
    "pk": 3,
    "fields": {
        "created_at": "2026-06-11T07:34:48.013Z",
        "updated_at": "2026-06-11T07:34:48.013Z",
        "is_active": true,
        "employee": 3,
        "name": "Transport Allowance",
        "amount": "80000.00",
        "is_taxable": false,
        "effective_date": "2026-06-11"
    }
},
{
    "model": "hr.employeeallowance",
    "pk": 4,
    "fields": {
        "created_at": "2026-06-11T07:34:48.024Z",
        "updated_at": "2026-06-11T07:34:48.024Z",
        "is_active": true,
        "employee": 4,
        "name": "Transport Allowance",
        "amount": "80000.00",
        "is_taxable": false,
        "effective_date": "2026-06-11"
    }
},
{
    "model": "hr.employeeallowance",
    "pk": 5,
    "fields": {
        "created_at": "2026-06-11T07:34:48.037Z",
        "updated_at": "2026-06-11T07:34:48.037Z",
        "is_active": true,
        "employee": 5,
        "name": "Transport Allowance",
        "amount": "80000.00",
        "is_taxable": false,
        "effective_date": "2026-06-11"
    }
},
{
    "model": "hr.attendance",
    "pk": 1,
    "fields": {
        "created_at": "2026-06-11T07:34:47.991Z",
        "updated_at": "2026-06-11T07:34:47.991Z",
        "is_active": true,
        "employee": 1,
        "date": "2026-06-11",
        "time_in": null,
        "time_out": null,
        "hours_worked": "8.00",
        "status": "PRESENT",
        "notes": "",
        "marked_by": null
    }
},
{
    "model": "hr.attendance",
    "pk": 2,
    "fields": {
        "created_at": "2026-06-11T07:34:48.003Z",
        "updated_at": "2026-06-11T07:34:48.003Z",
        "is_active": true,
        "employee": 2,
        "date": "2026-06-11",
        "time_in": null,
        "time_out": null,
        "hours_worked": "8.00",
        "status": "PRESENT",
        "notes": "",
        "marked_by": null
    }
},
{
    "model": "hr.attendance",
    "pk": 3,
    "fields": {
        "created_at": "2026-06-11T07:34:48.015Z",
        "updated_at": "2026-06-11T07:34:48.015Z",
        "is_active": true,
        "employee": 3,
        "date": "2026-06-11",
        "time_in": null,
        "time_out": null,
        "hours_worked": "8.00",
        "status": "PRESENT",
        "notes": "",
        "marked_by": null
    }
},
{
    "model": "hr.attendance",
    "pk": 4,
    "fields": {
        "created_at": "2026-06-11T07:34:48.027Z",
        "updated_at": "2026-06-11T07:34:48.027Z",
        "is_active": true,
        "employee": 4,
        "date": "2026-06-11",
        "time_in": null,
        "time_out": null,
        "hours_worked": "8.00",
        "status": "PRESENT",
        "notes": "",
        "marked_by": null
    }
},
{
    "model": "hr.attendance",
    "pk": 5,
    "fields": {
        "created_at": "2026-06-11T07:34:48.039Z",
        "updated_at": "2026-06-11T07:34:48.039Z",
        "is_active": true,
        "employee": 5,
        "date": "2026-06-11",
        "time_in": null,
        "time_out": null,
        "hours_worked": "8.00",
        "status": "PRESENT",
        "notes": "",
        "marked_by": null
    }
},
{
    "model": "hr.attendance",
    "pk": 6,
    "fields": {
        "created_at": "2026-06-13T08:41:46.168Z",
        "updated_at": "2026-06-13T08:41:46.168Z",
        "is_active": true,
        "employee": 1,
        "date": "2026-06-13",
        "time_in": null,
        "time_out": null,
        "hours_worked": "0.00",
        "status": "PRESENT",
        "notes": "",
        "marked_by": 7
    }
},
{
    "model": "hr.leaverequest",
    "pk": 1,
    "fields": {
        "created_at": "2026-06-11T07:34:48.048Z",
        "updated_at": "2026-06-13T08:42:09.805Z",
        "is_active": true,
        "employee": 1,
        "leave_type": 1,
        "start_date": "2026-07-11",
        "end_date": "2026-07-15",
        "days_requested": 5,
        "reason": "Family visit",
        "medical_certificate": "",
        "status": "APPROVED",
        "approved_by": 7,
        "approved_at": "2026-06-13T08:42:09.804Z",
        "rejection_reason": ""
    }
},
{
    "model": "hr.payroll",
    "pk": 1,
    "fields": {
        "created_at": "2026-06-13T08:51:38.481Z",
        "updated_at": "2026-06-13T12:32:25.307Z",
        "is_active": true,
        "payroll_number": "PAY-2026-001",
        "period_month": 6,
        "period_year": 2026,
        "department": null,
        "total_employees": 6,
        "total_gross": "5050000.00",
        "total_nssf_employee": "465000.00",
        "total_nssf_employer": "465000.00",
        "total_paye": "558000.00",
        "total_nhif": "106000.00",
        "total_deductions": "1129000.00",
        "total_net": "3921000.00",
        "status": "PAID",
        "processed_by": 7,
        "approved_by": 10,
        "approved_at": "2026-06-13T12:28:40.308Z",
        "paid_at": "2026-06-13T12:32:25.305Z"
    }
},
{
    "model": "hr.payroll",
    "pk": 2,
    "fields": {
        "created_at": "2026-06-13T08:59:29.597Z",
        "updated_at": "2026-06-13T08:59:58.297Z",
        "is_active": true,
        "payroll_number": "PAY-2026-002",
        "period_month": 5,
        "period_year": 2026,
        "department": null,
        "total_employees": 6,
        "total_gross": "5050000.00",
        "total_nssf_employee": "465000.00",
        "total_nssf_employer": "465000.00",
        "total_paye": "558000.00",
        "total_nhif": "106000.00",
        "total_deductions": "1129000.00",
        "total_net": "3921000.00",
        "status": "REVIEWED",
        "processed_by": 7,
        "approved_by": null,
        "approved_at": null,
        "paid_at": null
    }
},
{
    "model": "hr.payrollitem",
    "pk": 6,
    "fields": {
        "created_at": "2026-06-13T08:56:32.173Z",
        "updated_at": "2026-06-13T08:56:32.173Z",
        "is_active": true,
        "payroll": 1,
        "employee": 1,
        "basic_salary": "850000.00",
        "allowances_json": [
            {
                "name": "Transport Allowance",
                "amount": "80000.00",
                "is_taxable": false
            }
        ],
        "total_allowances": "80000.00",
        "gross_salary": "930000.00",
        "nssf_employee": "85000.00",
        "nssf_employer": "85000.00",
        "paye": "110500.00",
        "nhif": "18000.00",
        "other_deductions": "0.00",
        "total_deductions": "213500.00",
        "net_salary": "716500.00"
    }
},
{
    "model": "hr.payrollitem",
    "pk": 7,
    "fields": {
        "created_at": "2026-06-13T08:56:32.177Z",
        "updated_at": "2026-06-13T08:56:32.177Z",
        "is_active": true,
        "payroll": 1,
        "employee": 2,
        "basic_salary": "1200000.00",
        "allowances_json": [
            {
                "name": "Transport Allowance",
                "amount": "80000.00",
                "is_taxable": false
            }
        ],
        "total_allowances": "80000.00",
        "gross_salary": "1280000.00",
        "nssf_employee": "120000.00",
        "nssf_employer": "120000.00",
        "paye": "212000.00",
        "nhif": "25000.00",
        "other_deductions": "0.00",
        "total_deductions": "357000.00",
        "net_salary": "923000.00"
    }
},
{
    "model": "hr.payrollitem",
    "pk": 8,
    "fields": {
        "created_at": "2026-06-13T08:56:32.179Z",
        "updated_at": "2026-06-13T08:56:32.179Z",
        "is_active": true,
        "payroll": 1,
        "employee": 3,
        "basic_salary": "650000.00",
        "allowances_json": [
            {
                "name": "Transport Allowance",
                "amount": "80000.00",
                "is_taxable": false
            }
        ],
        "total_allowances": "80000.00",
        "gross_salary": "730000.00",
        "nssf_employee": "65000.00",
        "nssf_employer": "65000.00",
        "paye": "62000.00",
        "nhif": "15000.00",
        "other_deductions": "0.00",
        "total_deductions": "142000.00",
        "net_salary": "588000.00"
    }
},
{
    "model": "hr.payrollitem",
    "pk": 9,
    "fields": {
        "created_at": "2026-06-13T08:56:32.181Z",
        "updated_at": "2026-06-13T08:56:32.181Z",
        "is_active": true,
        "payroll": 1,
        "employee": 4,
        "basic_salary": "750000.00",
        "allowances_json": [
            {
                "name": "Transport Allowance",
                "amount": "80000.00",
                "is_taxable": false
            }
        ],
        "total_allowances": "80000.00",
        "gross_salary": "830000.00",
        "nssf_employee": "75000.00",
        "nssf_employer": "75000.00",
        "paye": "85500.00",
        "nhif": "18000.00",
        "other_deductions": "0.00",
        "total_deductions": "178500.00",
        "net_salary": "651500.00"
    }
},
{
    "model": "hr.payrollitem",
    "pk": 10,
    "fields": {
        "created_at": "2026-06-13T08:56:32.183Z",
        "updated_at": "2026-06-13T08:56:32.183Z",
        "is_active": true,
        "payroll": 1,
        "employee": 5,
        "basic_salary": "550000.00",
        "allowances_json": [
            {
                "name": "Transport Allowance",
                "amount": "80000.00",
                "is_taxable": false
            }
        ],
        "total_allowances": "80000.00",
        "gross_salary": "630000.00",
        "nssf_employee": "55000.00",
        "nssf_employer": "55000.00",
        "paye": "42000.00",
        "nhif": "15000.00",
        "other_deductions": "0.00",
        "total_deductions": "112000.00",
        "net_salary": "518000.00"
    }
},
{
    "model": "hr.payrollitem",
    "pk": 11,
    "fields": {
        "created_at": "2026-06-13T08:56:32.184Z",
        "updated_at": "2026-06-13T08:56:32.184Z",
        "is_active": true,
        "payroll": 1,
        "employee": 6,
        "basic_salary": "650000.00",
        "allowances_json": [],
        "total_allowances": "0.00",
        "gross_salary": "650000.00",
        "nssf_employee": "65000.00",
        "nssf_employer": "65000.00",
        "paye": "46000.00",
        "nhif": "15000.00",
        "other_deductions": "0.00",
        "total_deductions": "126000.00",
        "net_salary": "524000.00"
    }
},
{
    "model": "hr.payrollitem",
    "pk": 12,
    "fields": {
        "created_at": "2026-06-13T08:59:29.611Z",
        "updated_at": "2026-06-13T08:59:29.611Z",
        "is_active": true,
        "payroll": 2,
        "employee": 1,
        "basic_salary": "850000.00",
        "allowances_json": [
            {
                "name": "Transport Allowance",
                "amount": "80000.00",
                "is_taxable": false
            }
        ],
        "total_allowances": "80000.00",
        "gross_salary": "930000.00",
        "nssf_employee": "85000.00",
        "nssf_employer": "85000.00",
        "paye": "110500.00",
        "nhif": "18000.00",
        "other_deductions": "0.00",
        "total_deductions": "213500.00",
        "net_salary": "716500.00"
    }
},
{
    "model": "hr.payrollitem",
    "pk": 13,
    "fields": {
        "created_at": "2026-06-13T08:59:29.627Z",
        "updated_at": "2026-06-13T08:59:29.627Z",
        "is_active": true,
        "payroll": 2,
        "employee": 2,
        "basic_salary": "1200000.00",
        "allowances_json": [
            {
                "name": "Transport Allowance",
                "amount": "80000.00",
                "is_taxable": false
            }
        ],
        "total_allowances": "80000.00",
        "gross_salary": "1280000.00",
        "nssf_employee": "120000.00",
        "nssf_employer": "120000.00",
        "paye": "212000.00",
        "nhif": "25000.00",
        "other_deductions": "0.00",
        "total_deductions": "357000.00",
        "net_salary": "923000.00"
    }
},
{
    "model": "hr.payrollitem",
    "pk": 14,
    "fields": {
        "created_at": "2026-06-13T08:59:29.629Z",
        "updated_at": "2026-06-13T08:59:29.629Z",
        "is_active": true,
        "payroll": 2,
        "employee": 3,
        "basic_salary": "650000.00",
        "allowances_json": [
            {
                "name": "Transport Allowance",
                "amount": "80000.00",
                "is_taxable": false
            }
        ],
        "total_allowances": "80000.00",
        "gross_salary": "730000.00",
        "nssf_employee": "65000.00",
        "nssf_employer": "65000.00",
        "paye": "62000.00",
        "nhif": "15000.00",
        "other_deductions": "0.00",
        "total_deductions": "142000.00",
        "net_salary": "588000.00"
    }
},
{
    "model": "hr.payrollitem",
    "pk": 15,
    "fields": {
        "created_at": "2026-06-13T08:59:29.632Z",
        "updated_at": "2026-06-13T08:59:29.632Z",
        "is_active": true,
        "payroll": 2,
        "employee": 4,
        "basic_salary": "750000.00",
        "allowances_json": [
            {
                "name": "Transport Allowance",
                "amount": "80000.00",
                "is_taxable": false
            }
        ],
        "total_allowances": "80000.00",
        "gross_salary": "830000.00",
        "nssf_employee": "75000.00",
        "nssf_employer": "75000.00",
        "paye": "85500.00",
        "nhif": "18000.00",
        "other_deductions": "0.00",
        "total_deductions": "178500.00",
        "net_salary": "651500.00"
    }
},
{
    "model": "hr.payrollitem",
    "pk": 16,
    "fields": {
        "created_at": "2026-06-13T08:59:29.633Z",
        "updated_at": "2026-06-13T08:59:29.633Z",
        "is_active": true,
        "payroll": 2,
        "employee": 5,
        "basic_salary": "550000.00",
        "allowances_json": [
            {
                "name": "Transport Allowance",
                "amount": "80000.00",
                "is_taxable": false
            }
        ],
        "total_allowances": "80000.00",
        "gross_salary": "630000.00",
        "nssf_employee": "55000.00",
        "nssf_employer": "55000.00",
        "paye": "42000.00",
        "nhif": "15000.00",
        "other_deductions": "0.00",
        "total_deductions": "112000.00",
        "net_salary": "518000.00"
    }
},
{
    "model": "hr.payrollitem",
    "pk": 17,
    "fields": {
        "created_at": "2026-06-13T08:59:29.635Z",
        "updated_at": "2026-06-13T08:59:29.635Z",
        "is_active": true,
        "payroll": 2,
        "employee": 6,
        "basic_salary": "650000.00",
        "allowances_json": [],
        "total_allowances": "0.00",
        "gross_salary": "650000.00",
        "nssf_employee": "65000.00",
        "nssf_employer": "65000.00",
        "paye": "46000.00",
        "nhif": "15000.00",
        "other_deductions": "0.00",
        "total_deductions": "126000.00",
        "net_salary": "524000.00"
    }
},
{
    "model": "hr.disciplinaryrecord",
    "pk": 1,
    "fields": {
        "created_at": "2026-06-11T07:43:47.269Z",
        "updated_at": "2026-06-11T07:43:47.269Z",
        "is_active": true,
        "employee": 2,
        "incident_date": "2026-06-11",
        "record_type": "WRITTEN_WARNING",
        "description": "edf",
        "action_taken": "fdsf",
        "issued_by": 1,
        "witness": "dfw4fr3",
        "employee_acknowledged": true,
        "is_confidential": true
    }
},
{
    "model": "hr.publicholiday",
    "pk": 1,
    "fields": {
        "created_at": "2026-06-11T07:34:47.942Z",
        "updated_at": "2026-06-11T07:34:47.942Z",
        "is_active": true,
        "name": "New Year's Day",
        "date": "2026-01-01",
        "is_variable": false,
        "year": 2026
    }
},
{
    "model": "hr.publicholiday",
    "pk": 2,
    "fields": {
        "created_at": "2026-06-11T07:34:47.945Z",
        "updated_at": "2026-06-11T07:34:47.945Z",
        "is_active": true,
        "name": "Zanzibar Revolution Day",
        "date": "2026-01-12",
        "is_variable": false,
        "year": 2026
    }
},
{
    "model": "hr.publicholiday",
    "pk": 3,
    "fields": {
        "created_at": "2026-06-11T07:34:47.947Z",
        "updated_at": "2026-06-11T07:34:47.947Z",
        "is_active": true,
        "name": "Union Day",
        "date": "2026-04-26",
        "is_variable": false,
        "year": 2026
    }
},
{
    "model": "hr.publicholiday",
    "pk": 4,
    "fields": {
        "created_at": "2026-06-11T07:34:47.950Z",
        "updated_at": "2026-06-11T07:34:47.950Z",
        "is_active": true,
        "name": "Workers' Day",
        "date": "2026-05-01",
        "is_variable": false,
        "year": 2026
    }
},
{
    "model": "hr.publicholiday",
    "pk": 5,
    "fields": {
        "created_at": "2026-06-11T07:34:47.952Z",
        "updated_at": "2026-06-11T07:34:47.952Z",
        "is_active": true,
        "name": "Saba Saba",
        "date": "2026-07-07",
        "is_variable": false,
        "year": 2026
    }
},
{
    "model": "hr.publicholiday",
    "pk": 6,
    "fields": {
        "created_at": "2026-06-11T07:34:47.954Z",
        "updated_at": "2026-06-11T07:34:47.954Z",
        "is_active": true,
        "name": "Nane Nane",
        "date": "2026-08-08",
        "is_variable": false,
        "year": 2026
    }
},
{
    "model": "hr.publicholiday",
    "pk": 7,
    "fields": {
        "created_at": "2026-06-11T07:34:47.956Z",
        "updated_at": "2026-06-11T07:34:47.956Z",
        "is_active": true,
        "name": "Nyerere Day",
        "date": "2026-10-14",
        "is_variable": false,
        "year": 2026
    }
},
{
    "model": "hr.publicholiday",
    "pk": 8,
    "fields": {
        "created_at": "2026-06-11T07:34:47.959Z",
        "updated_at": "2026-06-11T07:34:47.959Z",
        "is_active": true,
        "name": "Independence Day",
        "date": "2026-12-09",
        "is_variable": false,
        "year": 2026
    }
},
{
    "model": "hr.publicholiday",
    "pk": 9,
    "fields": {
        "created_at": "2026-06-11T07:34:47.961Z",
        "updated_at": "2026-06-11T07:34:47.961Z",
        "is_active": true,
        "name": "Christmas Day",
        "date": "2026-12-25",
        "is_variable": false,
        "year": 2026
    }
},
{
    "model": "hr.publicholiday",
    "pk": 10,
    "fields": {
        "created_at": "2026-06-11T07:34:47.963Z",
        "updated_at": "2026-06-11T07:34:47.963Z",
        "is_active": true,
        "name": "Boxing Day",
        "date": "2026-12-26",
        "is_variable": false,
        "year": 2026
    }
},
{
    "model": "hr.workinghoursconfig",
    "pk": 1,
    "fields": {
        "created_at": "2026-06-11T07:34:47.903Z",
        "updated_at": "2026-06-11T07:34:47.903Z",
        "is_active": true,
        "hours_per_day": "8.00",
        "working_days": "MON,TUE,WED,THU,FRI"
    }
},
{
    "model": "hr.companyprofile",
    "pk": 1,
    "fields": {
        "created_at": "2026-06-11T07:34:47.900Z",
        "updated_at": "2026-06-11T07:34:47.900Z",
        "is_active": true,
        "company_name": "Rock Solutions Limited",
        "tin": "127-950-695",
        "vat_number": "40022138R",
        "address": "Plot 252 Block L, Misungwi, Mwanza",
        "phone": "+255 28 250 0000",
        "email": "info@rocksolutions.co.tz",
        "website": "",
        "logo_url": ""
    }
},
{
    "model": "safety.safetyincident",
    "pk": 1,
    "fields": {
        "created_at": "2026-06-11T08:34:01.929Z",
        "updated_at": "2026-06-11T08:34:01.929Z",
        "is_active": true,
        "incident_number": "INC-2026-001",
        "incident_type": "NEAR_MISS",
        "severity": "MEDIUM",
        "date_occurred": "2026-04-27T08:34:01.903Z",
        "location": "Factory Floor",
        "department": 1,
        "description": "Operator nearly caught hand in conveyor belt during maintenance. Machine was not locked out. Immediate stop applied.",
        "immediate_actions": "Machine isolated and LOTO applied. Area cordoned off.",
        "anyone_injured": false,
        "injured_person": null,
        "injury_description": "",
        "body_parts": [],
        "medical_treatment_required": false,
        "hospitalized": false,
        "first_aid_given": false,
        "first_aid_provider": "",
        "photos": [],
        "documents": [],
        "cctv_reference": "",
        "immediate_cause": "",
        "contributing_factors": [],
        "root_cause": "",
        "root_cause_categories": [],
        "why_analysis": [],
        "investigation_findings": "",
        "investigator": null,
        "investigated_at": null,
        "lessons_learned": "Always apply LOTO before maintenance.",
        "prevention_measures": "",
        "status": "CLOSED",
        "reported_by": 1,
        "closed_by": 1,
        "closed_at": "2026-05-12T08:34:01.903Z"
    }
},
{
    "model": "safety.safetyincident",
    "pk": 2,
    "fields": {
        "created_at": "2026-06-11T08:34:01.940Z",
        "updated_at": "2026-06-11T08:34:01.940Z",
        "is_active": true,
        "incident_number": "INC-2026-002",
        "incident_type": "NEAR_MISS",
        "severity": "LOW",
        "date_occurred": "2026-06-06T08:34:01.903Z",
        "location": "Warehouse",
        "department": 1,
        "description": "Forklift operator reversed without checking mirrors. No collision occurred but pedestrian was in blind spot.",
        "immediate_actions": "Operator retrained on reversing procedure.",
        "anyone_injured": false,
        "injured_person": null,
        "injury_description": "",
        "body_parts": [],
        "medical_treatment_required": false,
        "hospitalized": false,
        "first_aid_given": false,
        "first_aid_provider": "",
        "photos": [],
        "documents": [],
        "cctv_reference": "",
        "immediate_cause": "",
        "contributing_factors": [],
        "root_cause": "",
        "root_cause_categories": [],
        "why_analysis": [],
        "investigation_findings": "",
        "investigator": 1,
        "investigated_at": "2026-06-08T08:34:01.903Z",
        "lessons_learned": "",
        "prevention_measures": "",
        "status": "INVESTIGATING",
        "reported_by": 1,
        "closed_by": null,
        "closed_at": null
    }
},
{
    "model": "safety.safetyinspection",
    "pk": 1,
    "fields": {
        "created_at": "2026-06-11T08:34:01.956Z",
        "updated_at": "2026-06-11T08:34:02.021Z",
        "is_active": true,
        "inspection_number": "INS-2026-001",
        "inspection_type": "WEEKLY",
        "area": "Factory Floor",
        "scheduled_date": "2026-06-13T08:34:01.903Z",
        "inspector": 1,
        "overall_result": null,
        "total_items": 18,
        "passed_items": 0,
        "failed_items": 0,
        "next_inspection": null,
        "status": "SCHEDULED",
        "notes": ""
    }
},
{
    "model": "safety.safetyinspection",
    "pk": 2,
    "fields": {
        "created_at": "2026-06-11T08:34:02.030Z",
        "updated_at": "2026-06-11T08:34:02.030Z",
        "is_active": true,
        "inspection_number": "INS-2026-002",
        "inspection_type": "DAILY",
        "area": "Warehouse",
        "scheduled_date": "2026-06-08T08:34:01.903Z",
        "inspector": 1,
        "overall_result": "PASS",
        "total_items": 4,
        "passed_items": 4,
        "failed_items": 0,
        "next_inspection": null,
        "status": "COMPLETED",
        "notes": ""
    }
},
{
    "model": "safety.inspectionchecklistitem",
    "pk": 1,
    "fields": {
        "created_at": "2026-06-11T08:34:01.961Z",
        "updated_at": "2026-06-11T08:34:01.961Z",
        "is_active": true,
        "inspection": 1,
        "section": "FIRE SAFETY",
        "checklist_item": "Fire extinguishers accessible and charged",
        "result": null,
        "remarks": "",
        "photo_url": ""
    }
},
{
    "model": "safety.inspectionchecklistitem",
    "pk": 2,
    "fields": {
        "created_at": "2026-06-11T08:34:01.968Z",
        "updated_at": "2026-06-11T08:34:01.968Z",
        "is_active": true,
        "inspection": 1,
        "section": "FIRE SAFETY",
        "checklist_item": "Fire exits clear and marked",
        "result": null,
        "remarks": "",
        "photo_url": ""
    }
},
{
    "model": "safety.inspectionchecklistitem",
    "pk": 3,
    "fields": {
        "created_at": "2026-06-11T08:34:01.969Z",
        "updated_at": "2026-06-11T08:34:01.969Z",
        "is_active": true,
        "inspection": 1,
        "section": "FIRE SAFETY",
        "checklist_item": "No flammable materials near heat sources",
        "result": null,
        "remarks": "",
        "photo_url": ""
    }
},
{
    "model": "safety.inspectionchecklistitem",
    "pk": 4,
    "fields": {
        "created_at": "2026-06-11T08:34:01.972Z",
        "updated_at": "2026-06-11T08:34:01.972Z",
        "is_active": true,
        "inspection": 1,
        "section": "FIRE SAFETY",
        "checklist_item": "Fire alarm system functional",
        "result": null,
        "remarks": "",
        "photo_url": ""
    }
},
{
    "model": "safety.inspectionchecklistitem",
    "pk": 5,
    "fields": {
        "created_at": "2026-06-11T08:34:01.974Z",
        "updated_at": "2026-06-11T08:34:01.974Z",
        "is_active": true,
        "inspection": 1,
        "section": "FIRE SAFETY",
        "checklist_item": "Emergency evacuation route displayed",
        "result": null,
        "remarks": "",
        "photo_url": ""
    }
},
{
    "model": "safety.inspectionchecklistitem",
    "pk": 6,
    "fields": {
        "created_at": "2026-06-11T08:34:01.976Z",
        "updated_at": "2026-06-11T08:34:01.976Z",
        "is_active": true,
        "inspection": 1,
        "section": "MACHINERY SAFETY",
        "checklist_item": "Machine guards in place",
        "result": null,
        "remarks": "",
        "photo_url": ""
    }
},
{
    "model": "safety.inspectionchecklistitem",
    "pk": 7,
    "fields": {
        "created_at": "2026-06-11T08:34:01.979Z",
        "updated_at": "2026-06-11T08:34:01.979Z",
        "is_active": true,
        "inspection": 1,
        "section": "MACHINERY SAFETY",
        "checklist_item": "Emergency stop buttons functional",
        "result": null,
        "remarks": "",
        "photo_url": ""
    }
},
{
    "model": "safety.inspectionchecklistitem",
    "pk": 8,
    "fields": {
        "created_at": "2026-06-11T08:34:01.980Z",
        "updated_at": "2026-06-11T08:34:01.980Z",
        "is_active": true,
        "inspection": 1,
        "section": "MACHINERY SAFETY",
        "checklist_item": "Machinery properly maintained",
        "result": null,
        "remarks": "",
        "photo_url": ""
    }
},
{
    "model": "safety.inspectionchecklistitem",
    "pk": 9,
    "fields": {
        "created_at": "2026-06-11T08:34:01.982Z",
        "updated_at": "2026-06-11T08:34:01.982Z",
        "is_active": true,
        "inspection": 1,
        "section": "MACHINERY SAFETY",
        "checklist_item": "No unauthorized modifications",
        "result": null,
        "remarks": "",
        "photo_url": ""
    }
},
{
    "model": "safety.inspectionchecklistitem",
    "pk": 10,
    "fields": {
        "created_at": "2026-06-11T08:34:01.984Z",
        "updated_at": "2026-06-11T08:34:01.984Z",
        "is_active": true,
        "inspection": 1,
        "section": "MACHINERY SAFETY",
        "checklist_item": "Operators wearing correct PPE",
        "result": null,
        "remarks": "",
        "photo_url": ""
    }
},
{
    "model": "safety.inspectionchecklistitem",
    "pk": 11,
    "fields": {
        "created_at": "2026-06-11T08:34:01.986Z",
        "updated_at": "2026-06-11T08:34:01.986Z",
        "is_active": true,
        "inspection": 1,
        "section": "HOUSEKEEPING",
        "checklist_item": "Work areas clean and tidy",
        "result": null,
        "remarks": "",
        "photo_url": ""
    }
},
{
    "model": "safety.inspectionchecklistitem",
    "pk": 12,
    "fields": {
        "created_at": "2026-06-11T08:34:01.988Z",
        "updated_at": "2026-06-11T08:34:01.988Z",
        "is_active": true,
        "inspection": 1,
        "section": "HOUSEKEEPING",
        "checklist_item": "No slip/trip hazards",
        "result": null,
        "remarks": "",
        "photo_url": ""
    }
},
{
    "model": "safety.inspectionchecklistitem",
    "pk": 13,
    "fields": {
        "created_at": "2026-06-11T08:34:01.991Z",
        "updated_at": "2026-06-11T08:34:01.991Z",
        "is_active": true,
        "inspection": 1,
        "section": "HOUSEKEEPING",
        "checklist_item": "Waste properly disposed",
        "result": null,
        "remarks": "",
        "photo_url": ""
    }
},
{
    "model": "safety.inspectionchecklistitem",
    "pk": 14,
    "fields": {
        "created_at": "2026-06-11T08:34:01.993Z",
        "updated_at": "2026-06-11T08:34:01.993Z",
        "is_active": true,
        "inspection": 1,
        "section": "HOUSEKEEPING",
        "checklist_item": "Tools stored correctly",
        "result": null,
        "remarks": "",
        "photo_url": ""
    }
},
{
    "model": "safety.inspectionchecklistitem",
    "pk": 15,
    "fields": {
        "created_at": "2026-06-11T08:34:01.994Z",
        "updated_at": "2026-06-11T08:34:01.994Z",
        "is_active": true,
        "inspection": 1,
        "section": "ELECTRICAL",
        "checklist_item": "No exposed wiring",
        "result": null,
        "remarks": "",
        "photo_url": ""
    }
},
{
    "model": "safety.inspectionchecklistitem",
    "pk": 16,
    "fields": {
        "created_at": "2026-06-11T08:34:01.997Z",
        "updated_at": "2026-06-11T08:34:01.997Z",
        "is_active": true,
        "inspection": 1,
        "section": "ELECTRICAL",
        "checklist_item": "Electrical panels accessible",
        "result": null,
        "remarks": "",
        "photo_url": ""
    }
},
{
    "model": "safety.inspectionchecklistitem",
    "pk": 17,
    "fields": {
        "created_at": "2026-06-11T08:34:01.998Z",
        "updated_at": "2026-06-11T08:34:01.998Z",
        "is_active": true,
        "inspection": 1,
        "section": "ELECTRICAL",
        "checklist_item": "No overloaded sockets",
        "result": null,
        "remarks": "",
        "photo_url": ""
    }
},
{
    "model": "safety.inspectionchecklistitem",
    "pk": 18,
    "fields": {
        "created_at": "2026-06-11T08:34:02.000Z",
        "updated_at": "2026-06-11T08:34:02.000Z",
        "is_active": true,
        "inspection": 1,
        "section": "ELECTRICAL",
        "checklist_item": "Ground connections secure",
        "result": null,
        "remarks": "",
        "photo_url": ""
    }
},
{
    "model": "safety.ppeitem",
    "pk": 1,
    "fields": {
        "created_at": "2026-06-11T08:34:01.877Z",
        "updated_at": "2026-06-11T12:04:15.858Z",
        "is_active": true,
        "ppe_type": "HELMET",
        "name": "Safety Helmet — Mining Grade",
        "safety_standard": "EN 397",
        "inventory_item": null,
        "total_issued": 6,
        "stock_on_hand": 39,
        "reorder_level": 10
    }
},
{
    "model": "safety.ppeitem",
    "pk": 2,
    "fields": {
        "created_at": "2026-06-11T08:34:01.880Z",
        "updated_at": "2026-06-11T08:34:01.880Z",
        "is_active": true,
        "ppe_type": "GLOVES",
        "name": "Cut-Resistant Gloves",
        "safety_standard": "EN 388",
        "inventory_item": null,
        "total_issued": 0,
        "stock_on_hand": 80,
        "reorder_level": 15
    }
},
{
    "model": "safety.ppeitem",
    "pk": 3,
    "fields": {
        "created_at": "2026-06-11T08:34:01.882Z",
        "updated_at": "2026-06-11T08:34:01.882Z",
        "is_active": true,
        "ppe_type": "SAFETY_BOOTS",
        "name": "Steel Toe Boots",
        "safety_standard": "EN ISO 20345",
        "inventory_item": null,
        "total_issued": 0,
        "stock_on_hand": 35,
        "reorder_level": 10
    }
},
{
    "model": "safety.ppeitem",
    "pk": 4,
    "fields": {
        "created_at": "2026-06-11T08:34:01.884Z",
        "updated_at": "2026-06-11T08:34:01.884Z",
        "is_active": true,
        "ppe_type": "VEST",
        "name": "High-Vis Safety Vest",
        "safety_standard": "EN ISO 20471",
        "inventory_item": null,
        "total_issued": 0,
        "stock_on_hand": 60,
        "reorder_level": 20
    }
},
{
    "model": "safety.ppeitem",
    "pk": 5,
    "fields": {
        "created_at": "2026-06-11T08:34:01.885Z",
        "updated_at": "2026-06-11T08:34:01.885Z",
        "is_active": true,
        "ppe_type": "GOGGLES",
        "name": "Safety Goggles",
        "safety_standard": "EN 166",
        "inventory_item": null,
        "total_issued": 0,
        "stock_on_hand": 50,
        "reorder_level": 10
    }
},
{
    "model": "safety.ppeitem",
    "pk": 6,
    "fields": {
        "created_at": "2026-06-11T08:34:01.888Z",
        "updated_at": "2026-06-11T08:34:01.888Z",
        "is_active": true,
        "ppe_type": "EAR_PROTECTION",
        "name": "Ear Plugs — Disposable",
        "safety_standard": "EN 352",
        "inventory_item": null,
        "total_issued": 0,
        "stock_on_hand": 200,
        "reorder_level": 50
    }
},
{
    "model": "safety.ppeitem",
    "pk": 7,
    "fields": {
        "created_at": "2026-06-11T08:34:01.890Z",
        "updated_at": "2026-06-11T08:34:01.890Z",
        "is_active": true,
        "ppe_type": "HARNESS",
        "name": "Fall Arrest Harness",
        "safety_standard": "EN 361",
        "inventory_item": null,
        "total_issued": 0,
        "stock_on_hand": 12,
        "reorder_level": 5
    }
},
{
    "model": "safety.ppeitem",
    "pk": 8,
    "fields": {
        "created_at": "2026-06-11T08:34:01.893Z",
        "updated_at": "2026-06-11T08:34:01.893Z",
        "is_active": true,
        "ppe_type": "RESPIRATOR",
        "name": "Dust Respirator FFP2",
        "safety_standard": "EN 149",
        "inventory_item": null,
        "total_issued": 0,
        "stock_on_hand": 100,
        "reorder_level": 25
    }
},
{
    "model": "safety.ppeissuance",
    "pk": 1,
    "fields": {
        "created_at": "2026-06-11T08:51:28.040Z",
        "updated_at": "2026-06-11T08:51:28.040Z",
        "is_active": true,
        "employee": 1,
        "ppe_item": 1,
        "quantity": 1,
        "issue_date": "2026-06-11",
        "expected_return": "2026-10-29",
        "actual_return": null,
        "condition_issued": "NEW",
        "condition_returned": null,
        "issued_by": 1,
        "notes": "",
        "ppe_request": null
    }
},
{
    "model": "safety.ppeissuance",
    "pk": 2,
    "fields": {
        "created_at": "2026-06-11T12:04:15.802Z",
        "updated_at": "2026-06-11T12:04:15.802Z",
        "is_active": true,
        "employee": 1,
        "ppe_item": 1,
        "quantity": 5,
        "issue_date": "2026-06-11",
        "expected_return": null,
        "actual_return": null,
        "condition_issued": "NEW",
        "condition_returned": null,
        "issued_by": 1,
        "notes": "New machine operators require safety helmets before site assignment.",
        "ppe_request": 1
    }
},
{
    "model": "safety.pperequest",
    "pk": 1,
    "fields": {
        "created_at": "2026-06-11T09:57:40.716Z",
        "updated_at": "2026-06-11T12:04:15.864Z",
        "is_active": true,
        "request_number": "PPR-2026-001",
        "employee": 1,
        "ppe_item": 1,
        "quantity": 5,
        "priority": "URGENT",
        "reason": "New machine operators require safety helmets before site assignment.",
        "status": "ISSUED",
        "requested_by": 1,
        "submitted_at": "2026-06-11T09:57:40.598Z",
        "store_reviewed_by": 1,
        "store_reviewed_at": "2026-06-11T12:03:58.652Z",
        "store_notes": "",
        "stock_available": true,
        "purchase_requisition": null,
        "procurement_notes": "",
        "stock_received_at": null,
        "stock_received_by": null,
        "ready_at": null,
        "issuance": 2,
        "issued_at": "2026-06-11T12:04:15.863Z",
        "cancelled_at": null,
        "cancellation_reason": "",
        "requested_new_item": false
    }
},
{
    "model": "safety.pperolerequirement",
    "pk": 1,
    "fields": {
        "created_at": "2026-06-11T08:34:01.896Z",
        "updated_at": "2026-06-11T08:34:01.896Z",
        "is_active": true,
        "job_title": "Machine Operator",
        "required_ppe_types": [
            "HELMET",
            "GOGGLES",
            "GLOVES",
            "SAFETY_BOOTS",
            "VEST"
        ]
    }
},
{
    "model": "safety.pperolerequirement",
    "pk": 2,
    "fields": {
        "created_at": "2026-06-11T08:34:01.898Z",
        "updated_at": "2026-06-11T08:34:01.898Z",
        "is_active": true,
        "job_title": "Storekeeper",
        "required_ppe_types": [
            "SAFETY_BOOTS",
            "VEST",
            "GLOVES"
        ]
    }
},
{
    "model": "safety.pperolerequirement",
    "pk": 3,
    "fields": {
        "created_at": "2026-06-11T08:34:01.901Z",
        "updated_at": "2026-06-11T08:34:01.901Z",
        "is_active": true,
        "job_title": "Logistics Officer",
        "required_ppe_types": [
            "SAFETY_BOOTS",
            "VEST"
        ]
    }
},
{
    "model": "safety.pperolerequirement",
    "pk": 4,
    "fields": {
        "created_at": "2026-06-11T08:34:01.902Z",
        "updated_at": "2026-06-11T08:34:01.902Z",
        "is_active": true,
        "job_title": "Sales Officer",
        "required_ppe_types": [
            "SAFETY_BOOTS"
        ]
    }
},
{
    "model": "safety.workpermit",
    "pk": 1,
    "fields": {
        "created_at": "2026-06-11T08:34:02.048Z",
        "updated_at": "2026-06-11T08:34:02.048Z",
        "is_active": true,
        "permit_number": "WP-2026-001",
        "permit_type": "HOT_WORK",
        "work_description": "Welding repair on conveyor frame",
        "location": "Factory Floor",
        "department": 1,
        "workers": [
            {
                "id": "RSL-EMP-001",
                "name": "John Mwangi"
            }
        ],
        "equipment_tools": "",
        "valid_from": "2026-06-11T08:34:01.903Z",
        "valid_until": "2026-06-11T16:34:01.903Z",
        "hazards": [
            "Fire",
            "Burns"
        ],
        "risk_level": "MEDIUM",
        "control_measures": "Fire extinguisher on standby. Fire watch assigned.",
        "safety_checklist": [
            {
                "item": "Fire extinguisher on standby",
                "checked": false
            },
            {
                "item": "Fire watch assigned",
                "checked": false
            },
            {
                "item": "Combustibles removed (10m radius)",
                "checked": false
            },
            {
                "item": "Hot work area barricaded",
                "checked": false
            },
            {
                "item": "Welding screens in place",
                "checked": false
            }
        ],
        "extension_count": 0,
        "issued_by": 1,
        "approved_by": 1,
        "approved_at": "2026-06-11T08:34:01.903Z",
        "status": "ACTIVE",
        "rejection_reason": ""
    }
},
{
    "model": "safety.safetytraining",
    "pk": 1,
    "fields": {
        "created_at": "2026-06-11T08:34:02.073Z",
        "updated_at": "2026-06-11T08:34:02.073Z",
        "is_active": true,
        "training_name": "Safety Induction — New Employees",
        "training_type": "INDUCTION",
        "description": "Mandatory safety induction for all new employees",
        "trainer": "Grace Kimaro",
        "scheduled_date": "2026-06-18T08:34:01.903Z",
        "duration_hours": "4.00",
        "location": "Main Conference Room",
        "max_attendees": 30,
        "status": "SCHEDULED",
        "materials_notes": "",
        "created_by": 1
    }
},
{
    "model": "safety.trainingattendee",
    "pk": 1,
    "fields": {
        "created_at": "2026-06-11T08:34:02.093Z",
        "updated_at": "2026-06-11T08:34:02.093Z",
        "is_active": true,
        "training": 1,
        "employee": 1,
        "attended": false,
        "certificate_issued": false,
        "certificate_expiry": null,
        "notes": ""
    }
},
{
    "model": "safety.trainingattendee",
    "pk": 2,
    "fields": {
        "created_at": "2026-06-11T08:34:02.102Z",
        "updated_at": "2026-06-11T08:34:02.102Z",
        "is_active": true,
        "training": 1,
        "employee": 2,
        "attended": false,
        "certificate_issued": false,
        "certificate_expiry": null,
        "notes": ""
    }
},
{
    "model": "safety.trainingattendee",
    "pk": 3,
    "fields": {
        "created_at": "2026-06-11T08:34:02.112Z",
        "updated_at": "2026-06-11T08:34:02.112Z",
        "is_active": true,
        "training": 1,
        "employee": 3,
        "attended": false,
        "certificate_issued": false,
        "certificate_expiry": null,
        "notes": ""
    }
},
{
    "model": "safety.securitylocation",
    "pk": 1,
    "fields": {
        "created_at": "2026-06-13T05:02:05.402Z",
        "updated_at": "2026-06-13T06:45:23.634Z",
        "is_active": true,
        "name": "Main Office",
        "address": "Plot 252 Block L, Misungwi, Mwanza",
        "description": "All offices, main warehouse, reception",
        "color": "#1B3A6B",
        "icon": "🏢"
    }
},
{
    "model": "safety.securitylocation",
    "pk": 2,
    "fields": {
        "created_at": "2026-06-13T05:02:05.412Z",
        "updated_at": "2026-06-13T06:45:23.639Z",
        "is_active": true,
        "name": "Stein",
        "address": "~2.5km from Main Office, Mwanza",
        "description": "Wire mesh factory, factory store, production floor",
        "color": "#F0A500",
        "icon": "🏭"
    }
},
{
    "model": "safety.visitor",
    "pk": 1,
    "fields": {
        "created_at": "2026-06-13T05:02:05.559Z",
        "updated_at": "2026-06-13T15:47:03.640Z",
        "is_active": true,
        "visitor_number": "V-2026-001",
        "full_name": "John Mining Visitor",
        "id_type": "NATIONAL_ID",
        "id_number": "19800101-12345-67890-12",
        "phone": "255712345678",
        "company": "John Mining Co.",
        "photo_url": "",
        "email": "",
        "purpose": "MEETING",
        "host_employee": 1,
        "department": 3,
        "location": 1,
        "expected_time_in": "2026-06-13T05:02:05.526Z",
        "expected_time_out": "2026-06-13T07:02:05.526Z",
        "actual_time_in": "2026-06-13T05:02:05.526Z",
        "actual_time_out": "2026-06-13T15:47:03.640Z",
        "badge_number": "",
        "vehicle_registration": "",
        "items_brought": [],
        "status": "SIGNED_OUT",
        "denial_reason": "",
        "notes": "",
        "pre_approved": false,
        "registered_by": 1
    }
},
{
    "model": "safety.securityshift",
    "pk": 1,
    "fields": {
        "created_at": "2026-06-13T05:02:05.471Z",
        "updated_at": "2026-06-13T05:02:05.471Z",
        "is_active": true,
        "date": "2026-06-13",
        "shift_type": "MORNING",
        "location": 1,
        "status": "ACTIVE",
        "special_instructions": "",
        "incidents_count": 0,
        "handover_submitted": false,
        "handover_notes": "",
        "outgoing_officer": null,
        "incoming_officer": null
    }
},
{
    "model": "safety.securityshiftofficer",
    "pk": 1,
    "fields": {
        "created_at": "2026-06-13T05:02:05.500Z",
        "updated_at": "2026-06-13T05:02:05.500Z",
        "is_active": true,
        "shift": 1,
        "officer": 1,
        "post_station": "Main Gate"
    }
},
{
    "model": "safety.accesszone",
    "pk": 1,
    "fields": {
        "created_at": "2026-06-13T05:02:05.419Z",
        "updated_at": "2026-06-13T05:02:05.419Z",
        "is_active": true,
        "location": 1,
        "name": "Main Gate",
        "access_level": "PUBLIC",
        "description": ""
    }
},
{
    "model": "safety.accesszone",
    "pk": 2,
    "fields": {
        "created_at": "2026-06-13T05:02:05.423Z",
        "updated_at": "2026-06-13T05:02:05.423Z",
        "is_active": true,
        "location": 1,
        "name": "Reception",
        "access_level": "PUBLIC",
        "description": ""
    }
},
{
    "model": "safety.accesszone",
    "pk": 3,
    "fields": {
        "created_at": "2026-06-13T05:02:05.426Z",
        "updated_at": "2026-06-13T05:02:05.426Z",
        "is_active": true,
        "location": 1,
        "name": "Main Warehouse",
        "access_level": "STAFF_ONLY",
        "description": ""
    }
},
{
    "model": "safety.accesszone",
    "pk": 4,
    "fields": {
        "created_at": "2026-06-13T05:02:05.428Z",
        "updated_at": "2026-06-13T05:02:05.428Z",
        "is_active": true,
        "location": 1,
        "name": "Finance Office",
        "access_level": "AUTHORIZED_ONLY",
        "description": ""
    }
},
{
    "model": "safety.accesszone",
    "pk": 5,
    "fields": {
        "created_at": "2026-06-13T05:02:05.432Z",
        "updated_at": "2026-06-13T05:02:05.432Z",
        "is_active": true,
        "location": 1,
        "name": "GM Office",
        "access_level": "RESTRICTED",
        "description": ""
    }
},
{
    "model": "safety.accesszone",
    "pk": 6,
    "fields": {
        "created_at": "2026-06-13T05:02:05.434Z",
        "updated_at": "2026-06-13T05:02:05.434Z",
        "is_active": true,
        "location": 1,
        "name": "Server Room",
        "access_level": "RESTRICTED",
        "description": ""
    }
},
{
    "model": "safety.accesszone",
    "pk": 7,
    "fields": {
        "created_at": "2026-06-13T05:02:05.437Z",
        "updated_at": "2026-06-13T05:02:05.437Z",
        "is_active": true,
        "location": 1,
        "name": "Parking",
        "access_level": "PUBLIC",
        "description": ""
    }
},
{
    "model": "safety.accesszone",
    "pk": 8,
    "fields": {
        "created_at": "2026-06-13T05:02:05.441Z",
        "updated_at": "2026-06-13T05:02:05.441Z",
        "is_active": true,
        "location": 2,
        "name": "Factory Gate",
        "access_level": "PUBLIC",
        "description": ""
    }
},
{
    "model": "safety.accesszone",
    "pk": 9,
    "fields": {
        "created_at": "2026-06-13T05:02:05.444Z",
        "updated_at": "2026-06-13T05:02:05.444Z",
        "is_active": true,
        "location": 2,
        "name": "Production Floor",
        "access_level": "AUTHORIZED_ONLY",
        "description": ""
    }
},
{
    "model": "safety.accesszone",
    "pk": 10,
    "fields": {
        "created_at": "2026-06-13T05:02:05.447Z",
        "updated_at": "2026-06-13T05:02:05.447Z",
        "is_active": true,
        "location": 2,
        "name": "Factory Store",
        "access_level": "STAFF_ONLY",
        "description": ""
    }
},
{
    "model": "safety.accesszone",
    "pk": 11,
    "fields": {
        "created_at": "2026-06-13T05:02:05.451Z",
        "updated_at": "2026-06-13T05:02:05.451Z",
        "is_active": true,
        "location": 2,
        "name": "Machine Room",
        "access_level": "RESTRICTED",
        "description": ""
    }
},
{
    "model": "safety.accesszone",
    "pk": 12,
    "fields": {
        "created_at": "2026-06-13T05:02:05.455Z",
        "updated_at": "2026-06-13T05:02:05.455Z",
        "is_active": true,
        "location": 2,
        "name": "QC Area",
        "access_level": "AUTHORIZED_ONLY",
        "description": ""
    }
},
{
    "model": "safety.accesszone",
    "pk": 13,
    "fields": {
        "created_at": "2026-06-13T05:02:05.460Z",
        "updated_at": "2026-06-13T05:02:05.460Z",
        "is_active": true,
        "location": 2,
        "name": "Finished Goods Area",
        "access_level": "STAFF_ONLY",
        "description": ""
    }
},
{
    "model": "safety.accesslog",
    "pk": 1,
    "fields": {
        "created_at": "2026-06-13T15:47:03.645Z",
        "updated_at": "2026-06-13T15:47:03.645Z",
        "is_active": true,
        "zone": null,
        "location": 1,
        "person_name": "John Mining Visitor",
        "person_type": "VISITOR",
        "employee_user": null,
        "action": "GRANTED",
        "method": "MANUAL",
        "security_officer": 12,
        "notes": "Visitor sign-out V-2026-001"
    }
},
{
    "model": "messaging.conversation",
    "pk": 11,
    "fields": {
        "created_at": "2026-06-11T12:32:46.657Z",
        "updated_at": "2026-06-11T12:32:46.855Z",
        "is_active": true,
        "conversation_type": "GROUP",
        "name": "Finance Team",
        "avatar": null,
        "department": 1,
        "is_system_group": true,
        "created_by": null
    }
},
{
    "model": "messaging.conversation",
    "pk": 12,
    "fields": {
        "created_at": "2026-06-11T12:32:46.711Z",
        "updated_at": "2026-06-11T12:32:46.711Z",
        "is_active": true,
        "conversation_type": "GROUP",
        "name": "Procurement Team",
        "avatar": null,
        "department": 2,
        "is_system_group": true,
        "created_by": null
    }
},
{
    "model": "messaging.conversation",
    "pk": 13,
    "fields": {
        "created_at": "2026-06-11T12:32:46.727Z",
        "updated_at": "2026-06-11T12:32:46.727Z",
        "is_active": true,
        "conversation_type": "GROUP",
        "name": "Sales Team",
        "avatar": null,
        "department": 3,
        "is_system_group": true,
        "created_by": null
    }
},
{
    "model": "messaging.conversation",
    "pk": 14,
    "fields": {
        "created_at": "2026-06-11T12:32:46.749Z",
        "updated_at": "2026-06-11T12:32:46.749Z",
        "is_active": true,
        "conversation_type": "GROUP",
        "name": "Logistics Team",
        "avatar": null,
        "department": 4,
        "is_system_group": true,
        "created_by": null
    }
},
{
    "model": "messaging.conversation",
    "pk": 15,
    "fields": {
        "created_at": "2026-06-11T12:32:46.756Z",
        "updated_at": "2026-06-11T12:32:46.756Z",
        "is_active": true,
        "conversation_type": "GROUP",
        "name": "Production Team",
        "avatar": null,
        "department": 5,
        "is_system_group": true,
        "created_by": null
    }
},
{
    "model": "messaging.conversation",
    "pk": 16,
    "fields": {
        "created_at": "2026-06-11T12:32:46.768Z",
        "updated_at": "2026-06-11T12:32:46.768Z",
        "is_active": true,
        "conversation_type": "GROUP",
        "name": "Safety Team",
        "avatar": null,
        "department": 7,
        "is_system_group": true,
        "created_by": null
    }
},
{
    "model": "messaging.conversation",
    "pk": 17,
    "fields": {
        "created_at": "2026-06-11T12:32:46.771Z",
        "updated_at": "2026-06-11T12:32:46.771Z",
        "is_active": true,
        "conversation_type": "GROUP",
        "name": "HR & Admin Team",
        "avatar": null,
        "department": 6,
        "is_system_group": true,
        "created_by": null
    }
},
{
    "model": "messaging.conversation",
    "pk": 18,
    "fields": {
        "created_at": "2026-06-11T12:32:46.774Z",
        "updated_at": "2026-06-11T12:32:46.774Z",
        "is_active": true,
        "conversation_type": "GROUP",
        "name": "All Staff",
        "avatar": null,
        "department": null,
        "is_system_group": true,
        "created_by": null
    }
},
{
    "model": "messaging.conversation",
    "pk": 19,
    "fields": {
        "created_at": "2026-06-11T12:32:46.792Z",
        "updated_at": "2026-06-11T12:32:46.792Z",
        "is_active": true,
        "conversation_type": "GROUP",
        "name": "Management",
        "avatar": null,
        "department": null,
        "is_system_group": true,
        "created_by": null
    }
},
{
    "model": "messaging.conversation",
    "pk": 20,
    "fields": {
        "created_at": "2026-06-11T12:32:46.818Z",
        "updated_at": "2026-06-11T12:32:46.840Z",
        "is_active": true,
        "conversation_type": "DIRECT",
        "name": null,
        "avatar": null,
        "department": null,
        "is_system_group": false,
        "created_by": 1
    }
},
{
    "model": "messaging.conversation",
    "pk": 21,
    "fields": {
        "created_at": "2026-06-11T12:32:46.858Z",
        "updated_at": "2026-06-11T12:32:46.858Z",
        "is_active": true,
        "conversation_type": "BROADCAST",
        "name": "Safety Reminder",
        "avatar": null,
        "department": null,
        "is_system_group": false,
        "created_by": 1
    }
},
{
    "model": "messaging.conversation",
    "pk": 22,
    "fields": {
        "created_at": "2026-06-11T13:20:34.029Z",
        "updated_at": "2026-06-11T13:58:19.473Z",
        "is_active": true,
        "conversation_type": "DIRECT",
        "name": null,
        "avatar": null,
        "department": null,
        "is_system_group": false,
        "created_by": 1
    }
},
{
    "model": "messaging.conversation",
    "pk": 23,
    "fields": {
        "created_at": "2026-06-11T13:20:34.048Z",
        "updated_at": "2026-06-11T13:20:34.048Z",
        "is_active": true,
        "conversation_type": "BROADCAST",
        "name": "Safety Reminder",
        "avatar": null,
        "department": null,
        "is_system_group": false,
        "created_by": 1
    }
},
{
    "model": "messaging.conversation",
    "pk": 24,
    "fields": {
        "created_at": "2026-06-11T13:59:51.472Z",
        "updated_at": "2026-06-11T14:00:08.330Z",
        "is_active": true,
        "conversation_type": "DIRECT",
        "name": null,
        "avatar": null,
        "department": null,
        "is_system_group": false,
        "created_by": 1
    }
},
{
    "model": "messaging.conversation",
    "pk": 25,
    "fields": {
        "created_at": "2026-06-11T15:22:32.261Z",
        "updated_at": "2026-06-11T15:22:55.882Z",
        "is_active": true,
        "conversation_type": "DIRECT",
        "name": null,
        "avatar": null,
        "department": null,
        "is_system_group": false,
        "created_by": 2
    }
},
{
    "model": "messaging.conversationparticipant",
    "pk": 11,
    "fields": {
        "created_at": "2026-06-11T12:32:46.721Z",
        "updated_at": "2026-06-11T15:22:26.377Z",
        "is_active": true,
        "conversation": 12,
        "user": 2,
        "is_admin": false,
        "is_muted": false,
        "last_read_at": "2026-06-11T15:22:26.377Z"
    }
},
{
    "model": "messaging.conversationparticipant",
    "pk": 12,
    "fields": {
        "created_at": "2026-06-11T12:32:46.753Z",
        "updated_at": "2026-06-11T12:32:46.753Z",
        "is_active": true,
        "conversation": 14,
        "user": 3,
        "is_admin": false,
        "is_muted": false,
        "last_read_at": null
    }
},
{
    "model": "messaging.conversationparticipant",
    "pk": 13,
    "fields": {
        "created_at": "2026-06-11T12:32:46.764Z",
        "updated_at": "2026-06-11T12:32:46.764Z",
        "is_active": true,
        "conversation": 15,
        "user": 4,
        "is_admin": false,
        "is_muted": false,
        "last_read_at": null
    }
},
{
    "model": "messaging.conversationparticipant",
    "pk": 14,
    "fields": {
        "created_at": "2026-06-11T12:32:46.785Z",
        "updated_at": "2026-06-11T13:58:28.509Z",
        "is_active": true,
        "conversation": 18,
        "user": 1,
        "is_admin": false,
        "is_muted": false,
        "last_read_at": "2026-06-11T13:58:28.509Z"
    }
},
{
    "model": "messaging.conversationparticipant",
    "pk": 15,
    "fields": {
        "created_at": "2026-06-11T12:32:46.788Z",
        "updated_at": "2026-06-11T12:32:46.788Z",
        "is_active": true,
        "conversation": 18,
        "user": 4,
        "is_admin": false,
        "is_muted": false,
        "last_read_at": null
    }
},
{
    "model": "messaging.conversationparticipant",
    "pk": 16,
    "fields": {
        "created_at": "2026-06-11T12:32:46.789Z",
        "updated_at": "2026-06-11T12:32:46.789Z",
        "is_active": true,
        "conversation": 18,
        "user": 3,
        "is_admin": false,
        "is_muted": false,
        "last_read_at": null
    }
},
{
    "model": "messaging.conversationparticipant",
    "pk": 17,
    "fields": {
        "created_at": "2026-06-11T12:32:46.791Z",
        "updated_at": "2026-06-11T15:22:27.089Z",
        "is_active": true,
        "conversation": 18,
        "user": 2,
        "is_admin": false,
        "is_muted": false,
        "last_read_at": "2026-06-11T15:22:27.089Z"
    }
},
{
    "model": "messaging.conversationparticipant",
    "pk": 18,
    "fields": {
        "created_at": "2026-06-11T12:32:46.801Z",
        "updated_at": "2026-06-11T13:58:37.134Z",
        "is_active": true,
        "conversation": 19,
        "user": 1,
        "is_admin": false,
        "is_muted": false,
        "last_read_at": "2026-06-11T13:58:37.134Z"
    }
},
{
    "model": "messaging.conversationparticipant",
    "pk": 19,
    "fields": {
        "created_at": "2026-06-11T12:32:46.818Z",
        "updated_at": "2026-06-11T14:44:45.367Z",
        "is_active": true,
        "conversation": 20,
        "user": 1,
        "is_admin": false,
        "is_muted": false,
        "last_read_at": "2026-06-11T14:44:45.367Z"
    }
},
{
    "model": "messaging.conversationparticipant",
    "pk": 20,
    "fields": {
        "created_at": "2026-06-11T12:32:46.819Z",
        "updated_at": "2026-06-11T15:22:15.984Z",
        "is_active": true,
        "conversation": 20,
        "user": 2,
        "is_admin": false,
        "is_muted": false,
        "last_read_at": "2026-06-11T15:22:15.984Z"
    }
},
{
    "model": "messaging.conversationparticipant",
    "pk": 21,
    "fields": {
        "created_at": "2026-06-11T12:32:46.860Z",
        "updated_at": "2026-06-11T13:59:12.753Z",
        "is_active": true,
        "conversation": 21,
        "user": 1,
        "is_admin": false,
        "is_muted": false,
        "last_read_at": "2026-06-11T13:59:12.753Z"
    }
},
{
    "model": "messaging.conversationparticipant",
    "pk": 22,
    "fields": {
        "created_at": "2026-06-11T12:32:46.861Z",
        "updated_at": "2026-06-14T08:24:45.106Z",
        "is_active": true,
        "conversation": 21,
        "user": 4,
        "is_admin": false,
        "is_muted": false,
        "last_read_at": "2026-06-14T08:24:45.106Z"
    }
},
{
    "model": "messaging.conversationparticipant",
    "pk": 23,
    "fields": {
        "created_at": "2026-06-11T12:32:46.861Z",
        "updated_at": "2026-06-11T15:23:40.695Z",
        "is_active": true,
        "conversation": 21,
        "user": 3,
        "is_admin": false,
        "is_muted": false,
        "last_read_at": "2026-06-11T15:23:40.695Z"
    }
},
{
    "model": "messaging.conversationparticipant",
    "pk": 24,
    "fields": {
        "created_at": "2026-06-11T12:32:46.862Z",
        "updated_at": "2026-06-11T15:22:24.427Z",
        "is_active": true,
        "conversation": 21,
        "user": 2,
        "is_admin": false,
        "is_muted": false,
        "last_read_at": "2026-06-11T15:22:24.427Z"
    }
},
{
    "model": "messaging.conversationparticipant",
    "pk": 25,
    "fields": {
        "created_at": "2026-06-11T13:20:34.030Z",
        "updated_at": "2026-06-11T14:44:46.234Z",
        "is_active": true,
        "conversation": 22,
        "user": 1,
        "is_admin": false,
        "is_muted": false,
        "last_read_at": "2026-06-11T14:44:46.234Z"
    }
},
{
    "model": "messaging.conversationparticipant",
    "pk": 26,
    "fields": {
        "created_at": "2026-06-11T13:20:34.032Z",
        "updated_at": "2026-06-11T15:22:14.192Z",
        "is_active": true,
        "conversation": 22,
        "user": 2,
        "is_admin": false,
        "is_muted": false,
        "last_read_at": "2026-06-11T15:22:14.192Z"
    }
},
{
    "model": "messaging.conversationparticipant",
    "pk": 27,
    "fields": {
        "created_at": "2026-06-11T13:20:34.049Z",
        "updated_at": "2026-06-11T13:59:13.745Z",
        "is_active": true,
        "conversation": 23,
        "user": 1,
        "is_admin": false,
        "is_muted": false,
        "last_read_at": "2026-06-11T13:59:13.745Z"
    }
},
{
    "model": "messaging.conversationparticipant",
    "pk": 28,
    "fields": {
        "created_at": "2026-06-11T13:20:34.050Z",
        "updated_at": "2026-06-14T08:24:41.169Z",
        "is_active": true,
        "conversation": 23,
        "user": 4,
        "is_admin": false,
        "is_muted": false,
        "last_read_at": "2026-06-14T08:24:41.169Z"
    }
},
{
    "model": "messaging.conversationparticipant",
    "pk": 29,
    "fields": {
        "created_at": "2026-06-11T13:20:34.050Z",
        "updated_at": "2026-06-11T15:23:37.138Z",
        "is_active": true,
        "conversation": 23,
        "user": 3,
        "is_admin": false,
        "is_muted": false,
        "last_read_at": "2026-06-11T15:23:37.138Z"
    }
},
{
    "model": "messaging.conversationparticipant",
    "pk": 30,
    "fields": {
        "created_at": "2026-06-11T13:20:34.051Z",
        "updated_at": "2026-06-11T15:22:22.619Z",
        "is_active": true,
        "conversation": 23,
        "user": 2,
        "is_admin": false,
        "is_muted": false,
        "last_read_at": "2026-06-11T15:22:22.619Z"
    }
},
{
    "model": "messaging.conversationparticipant",
    "pk": 31,
    "fields": {
        "created_at": "2026-06-11T13:59:51.474Z",
        "updated_at": "2026-06-11T14:44:46.791Z",
        "is_active": true,
        "conversation": 24,
        "user": 1,
        "is_admin": false,
        "is_muted": false,
        "last_read_at": "2026-06-11T14:44:46.791Z"
    }
},
{
    "model": "messaging.conversationparticipant",
    "pk": 32,
    "fields": {
        "created_at": "2026-06-11T13:59:51.489Z",
        "updated_at": "2026-06-11T15:22:12.698Z",
        "is_active": true,
        "conversation": 24,
        "user": 2,
        "is_admin": false,
        "is_muted": false,
        "last_read_at": "2026-06-11T15:22:12.698Z"
    }
},
{
    "model": "messaging.conversationparticipant",
    "pk": 33,
    "fields": {
        "created_at": "2026-06-11T15:22:32.282Z",
        "updated_at": "2026-06-11T15:22:32.576Z",
        "is_active": true,
        "conversation": 25,
        "user": 2,
        "is_admin": false,
        "is_muted": false,
        "last_read_at": "2026-06-11T15:22:32.576Z"
    }
},
{
    "model": "messaging.conversationparticipant",
    "pk": 34,
    "fields": {
        "created_at": "2026-06-11T15:22:32.285Z",
        "updated_at": "2026-06-11T15:23:43.222Z",
        "is_active": true,
        "conversation": 25,
        "user": 3,
        "is_admin": false,
        "is_muted": false,
        "last_read_at": "2026-06-11T15:23:43.222Z"
    }
},
{
    "model": "messaging.message",
    "pk": 3,
    "fields": {
        "created_at": "2026-06-11T12:32:46.825Z",
        "updated_at": "2026-06-11T15:21:52.288Z",
        "is_active": true,
        "conversation": 20,
        "sender": 1,
        "body": "Please review the Q3 procurement report when you have a moment.",
        "message_type": "TEXT",
        "priority": "NORMAL",
        "reply_to": null,
        "read_by": [
            2
        ],
        "status": "READ",
        "is_deleted": false,
        "is_starred": false
    }
},
{
    "model": "messaging.message",
    "pk": 4,
    "fields": {
        "created_at": "2026-06-11T12:32:46.838Z",
        "updated_at": "2026-06-11T13:57:11.546Z",
        "is_active": true,
        "conversation": 20,
        "sender": 2,
        "body": "Invoice approved ✓ — I'll send the updated figures shortly.",
        "message_type": "TEXT",
        "priority": "NORMAL",
        "reply_to": null,
        "read_by": [
            1
        ],
        "status": "READ",
        "is_deleted": false,
        "is_starred": false
    }
},
{
    "model": "messaging.message",
    "pk": 5,
    "fields": {
        "created_at": "2026-06-11T12:32:46.854Z",
        "updated_at": "2026-06-11T12:32:46.854Z",
        "is_active": true,
        "conversation": 11,
        "sender": 1,
        "body": "Q3 report ready for review.",
        "message_type": "TEXT",
        "priority": "NORMAL",
        "reply_to": null,
        "read_by": [],
        "status": "DELIVERED",
        "is_deleted": false,
        "is_starred": false
    }
},
{
    "model": "messaging.message",
    "pk": 6,
    "fields": {
        "created_at": "2026-06-11T12:32:46.862Z",
        "updated_at": "2026-06-14T08:24:45.112Z",
        "is_active": true,
        "conversation": 21,
        "sender": 1,
        "body": "Remember to wear PPE in all production areas.",
        "message_type": "BROADCAST",
        "priority": "HIGH",
        "reply_to": null,
        "read_by": [
            2,
            3,
            4
        ],
        "status": "READ",
        "is_deleted": false,
        "is_starred": false
    }
},
{
    "model": "messaging.message",
    "pk": 7,
    "fields": {
        "created_at": "2026-06-11T13:20:34.035Z",
        "updated_at": "2026-06-11T15:21:42.461Z",
        "is_active": true,
        "conversation": 22,
        "sender": 1,
        "body": "Please review the Q3 procurement report when you have a moment.",
        "message_type": "TEXT",
        "priority": "NORMAL",
        "reply_to": null,
        "read_by": [
            2
        ],
        "status": "READ",
        "is_deleted": false,
        "is_starred": false
    }
},
{
    "model": "messaging.message",
    "pk": 8,
    "fields": {
        "created_at": "2026-06-11T13:20:34.039Z",
        "updated_at": "2026-06-11T13:57:29.396Z",
        "is_active": true,
        "conversation": 22,
        "sender": 2,
        "body": "Invoice approved ✓ — I'll send the updated figures shortly.",
        "message_type": "TEXT",
        "priority": "NORMAL",
        "reply_to": null,
        "read_by": [
            1
        ],
        "status": "READ",
        "is_deleted": false,
        "is_starred": false
    }
},
{
    "model": "messaging.message",
    "pk": 9,
    "fields": {
        "created_at": "2026-06-11T13:20:34.051Z",
        "updated_at": "2026-06-14T08:24:41.078Z",
        "is_active": true,
        "conversation": 23,
        "sender": 1,
        "body": "Remember to wear PPE in all production areas.",
        "message_type": "BROADCAST",
        "priority": "HIGH",
        "reply_to": null,
        "read_by": [
            2,
            3,
            4
        ],
        "status": "READ",
        "is_deleted": false,
        "is_starred": false
    }
},
{
    "model": "messaging.message",
    "pk": 10,
    "fields": {
        "created_at": "2026-06-11T13:58:19.455Z",
        "updated_at": "2026-06-11T15:21:42.468Z",
        "is_active": true,
        "conversation": 22,
        "sender": 1,
        "body": "okay akuna shida make sure unafatilia kazi inamilika kwa wakati",
        "message_type": "TEXT",
        "priority": "NORMAL",
        "reply_to": null,
        "read_by": [
            2
        ],
        "status": "READ",
        "is_deleted": false,
        "is_starred": false
    }
},
{
    "model": "messaging.message",
    "pk": 11,
    "fields": {
        "created_at": "2026-06-11T14:00:08.321Z",
        "updated_at": "2026-06-11T15:09:17.845Z",
        "is_active": true,
        "conversation": 24,
        "sender": 1,
        "body": "Sorry Nimeisha fika kazini",
        "message_type": "TEXT",
        "priority": "NORMAL",
        "reply_to": null,
        "read_by": [
            2
        ],
        "status": "READ",
        "is_deleted": false,
        "is_starred": false
    }
},
{
    "model": "messaging.message",
    "pk": 12,
    "fields": {
        "created_at": "2026-06-11T15:22:55.863Z",
        "updated_at": "2026-06-11T15:23:43.232Z",
        "is_active": true,
        "conversation": 25,
        "sender": 2,
        "body": "okay",
        "message_type": "TEXT",
        "priority": "NORMAL",
        "reply_to": null,
        "read_by": [
            3
        ],
        "status": "READ",
        "is_deleted": false,
        "is_starred": false
    }
},
{
    "model": "messaging.userpresence",
    "pk": 1,
    "fields": {
        "created_at": "2026-06-11T14:34:06.745Z",
        "updated_at": "2026-06-11T14:51:08.129Z",
        "is_active": true,
        "user": 1,
        "is_online": false,
        "last_seen": "2026-06-11T14:51:08.129Z"
    }
},
{
    "model": "messaging.userpresence",
    "pk": 2,
    "fields": {
        "created_at": "2026-06-11T14:51:09.443Z",
        "updated_at": "2026-06-11T15:22:06.890Z",
        "is_active": true,
        "user": 2,
        "is_online": true,
        "last_seen": "2026-06-11T15:22:06.890Z"
    }
},
{
    "model": "messaging.userpresence",
    "pk": 3,
    "fields": {
        "created_at": "2026-06-11T15:06:34.709Z",
        "updated_at": "2026-06-11T15:23:40.898Z",
        "is_active": true,
        "user": 3,
        "is_online": true,
        "last_seen": "2026-06-11T15:23:40.898Z"
    }
},
{
    "model": "messaging.userpresence",
    "pk": 4,
    "fields": {
        "created_at": "2026-06-13T08:21:45.147Z",
        "updated_at": "2026-06-13T16:12:34.074Z",
        "is_active": true,
        "user": 6,
        "is_online": false,
        "last_seen": "2026-06-13T16:12:34.074Z"
    }
},
{
    "model": "messaging.userpresence",
    "pk": 5,
    "fields": {
        "created_at": "2026-06-13T12:30:23.464Z",
        "updated_at": "2026-06-13T12:30:23.490Z",
        "is_active": true,
        "user": 7,
        "is_online": true,
        "last_seen": "2026-06-13T12:30:23.490Z"
    }
},
{
    "model": "messaging.userpresence",
    "pk": 6,
    "fields": {
        "created_at": "2026-06-13T14:16:15.529Z",
        "updated_at": "2026-06-13T15:10:41.475Z",
        "is_active": true,
        "user": 10,
        "is_online": false,
        "last_seen": "2026-06-13T15:10:41.475Z"
    }
},
{
    "model": "messaging.userpresence",
    "pk": 7,
    "fields": {
        "created_at": "2026-06-14T08:24:38.946Z",
        "updated_at": "2026-06-14T08:24:38.990Z",
        "is_active": true,
        "user": 4,
        "is_online": true,
        "last_seen": "2026-06-14T08:24:38.990Z"
    }
},
{
    "model": "messaging.userpresence",
    "pk": 8,
    "fields": {
        "created_at": "2026-06-14T08:53:19.636Z",
        "updated_at": "2026-06-14T10:17:37.273Z",
        "is_active": true,
        "user": 13,
        "is_online": false,
        "last_seen": "2026-06-14T10:17:37.273Z"
    }
},
{
    "model": "messaging.userpresence",
    "pk": 9,
    "fields": {
        "created_at": "2026-06-14T11:37:48.782Z",
        "updated_at": "2026-06-14T11:47:44.116Z",
        "is_active": true,
        "user": 14,
        "is_online": false,
        "last_seen": "2026-06-14T11:47:44.116Z"
    }
},
{
    "model": "messaging.appnotification",
    "pk": 3,
    "fields": {
        "created_at": "2026-06-11T12:32:46.837Z",
        "updated_at": "2026-06-11T12:32:46.837Z",
        "is_active": true,
        "user": 2,
        "notification_type": "MESSAGE",
        "title": "New message from System Administrator",
        "body": "Please review the Q3 procurement report when you have a moment.",
        "icon": "message",
        "color": "blue",
        "reference_type": "conversation",
        "reference_id": 20,
        "navigate_to": "/messaging?c=20",
        "is_read": false
    }
},
{
    "model": "messaging.appnotification",
    "pk": 4,
    "fields": {
        "created_at": "2026-06-11T12:32:46.843Z",
        "updated_at": "2026-06-11T12:32:46.843Z",
        "is_active": true,
        "user": 1,
        "notification_type": "MESSAGE",
        "title": "New message from innocent philbert",
        "body": "Invoice approved ✓ — I'll send the updated figures shortly.",
        "icon": "message",
        "color": "blue",
        "reference_type": "conversation",
        "reference_id": 20,
        "navigate_to": "/messaging?c=20",
        "is_read": false
    }
},
{
    "model": "messaging.appnotification",
    "pk": 5,
    "fields": {
        "created_at": "2026-06-11T12:32:46.864Z",
        "updated_at": "2026-06-11T12:32:46.864Z",
        "is_active": true,
        "user": 4,
        "notification_type": "BROADCAST",
        "title": "[BROADCAST] Safety Reminder",
        "body": "From System Administrator: Remember to wear PPE in all production areas.",
        "icon": "broadcast",
        "color": "orange",
        "reference_type": "conversation",
        "reference_id": 21,
        "navigate_to": "/messaging?c=21",
        "is_read": false
    }
},
{
    "model": "messaging.appnotification",
    "pk": 6,
    "fields": {
        "created_at": "2026-06-11T12:32:46.866Z",
        "updated_at": "2026-06-11T12:32:46.866Z",
        "is_active": true,
        "user": 3,
        "notification_type": "BROADCAST",
        "title": "[BROADCAST] Safety Reminder",
        "body": "From System Administrator: Remember to wear PPE in all production areas.",
        "icon": "broadcast",
        "color": "orange",
        "reference_type": "conversation",
        "reference_id": 21,
        "navigate_to": "/messaging?c=21",
        "is_read": false
    }
},
{
    "model": "messaging.appnotification",
    "pk": 7,
    "fields": {
        "created_at": "2026-06-11T12:32:46.867Z",
        "updated_at": "2026-06-11T12:32:46.867Z",
        "is_active": true,
        "user": 2,
        "notification_type": "BROADCAST",
        "title": "[BROADCAST] Safety Reminder",
        "body": "From System Administrator: Remember to wear PPE in all production areas.",
        "icon": "broadcast",
        "color": "orange",
        "reference_type": "conversation",
        "reference_id": 21,
        "navigate_to": "/messaging?c=21",
        "is_read": false
    }
},
{
    "model": "messaging.appnotification",
    "pk": 8,
    "fields": {
        "created_at": "2026-06-11T12:32:46.870Z",
        "updated_at": "2026-06-11T12:32:46.870Z",
        "is_active": true,
        "user": 1,
        "notification_type": "SYSTEM",
        "title": "Welcome to RSL Messaging",
        "body": "Internal messaging is now available.",
        "icon": "bell",
        "color": "blue",
        "reference_type": null,
        "reference_id": null,
        "navigate_to": "/messaging",
        "is_read": false
    }
},
{
    "model": "messaging.appnotification",
    "pk": 9,
    "fields": {
        "created_at": "2026-06-11T12:32:46.872Z",
        "updated_at": "2026-06-11T12:32:46.872Z",
        "is_active": true,
        "user": 2,
        "notification_type": "SYSTEM",
        "title": "Welcome to RSL Messaging",
        "body": "Internal messaging is now available.",
        "icon": "bell",
        "color": "blue",
        "reference_type": null,
        "reference_id": null,
        "navigate_to": "/messaging",
        "is_read": false
    }
},
{
    "model": "messaging.appnotification",
    "pk": 10,
    "fields": {
        "created_at": "2026-06-11T12:32:46.874Z",
        "updated_at": "2026-06-11T12:32:46.874Z",
        "is_active": true,
        "user": 3,
        "notification_type": "SYSTEM",
        "title": "Welcome to RSL Messaging",
        "body": "Internal messaging is now available.",
        "icon": "bell",
        "color": "blue",
        "reference_type": null,
        "reference_id": null,
        "navigate_to": "/messaging",
        "is_read": false
    }
},
{
    "model": "messaging.appnotification",
    "pk": 11,
    "fields": {
        "created_at": "2026-06-11T13:20:34.038Z",
        "updated_at": "2026-06-11T13:20:34.038Z",
        "is_active": true,
        "user": 2,
        "notification_type": "MESSAGE",
        "title": "New message from System Administrator",
        "body": "Please review the Q3 procurement report when you have a moment.",
        "icon": "message",
        "color": "blue",
        "reference_type": "conversation",
        "reference_id": 22,
        "navigate_to": "/messaging?c=22",
        "is_read": false
    }
},
{
    "model": "messaging.appnotification",
    "pk": 12,
    "fields": {
        "created_at": "2026-06-11T13:20:34.042Z",
        "updated_at": "2026-06-11T13:20:34.042Z",
        "is_active": true,
        "user": 1,
        "notification_type": "MESSAGE",
        "title": "New message from innocent philbert",
        "body": "Invoice approved ✓ — I'll send the updated figures shortly.",
        "icon": "message",
        "color": "blue",
        "reference_type": "conversation",
        "reference_id": 22,
        "navigate_to": "/messaging?c=22",
        "is_read": false
    }
},
{
    "model": "messaging.appnotification",
    "pk": 13,
    "fields": {
        "created_at": "2026-06-11T13:20:34.053Z",
        "updated_at": "2026-06-11T13:20:34.053Z",
        "is_active": true,
        "user": 4,
        "notification_type": "BROADCAST",
        "title": "[BROADCAST] Safety Reminder",
        "body": "From System Administrator: Remember to wear PPE in all production areas.",
        "icon": "broadcast",
        "color": "orange",
        "reference_type": "conversation",
        "reference_id": 23,
        "navigate_to": "/messaging?c=23",
        "is_read": false
    }
},
{
    "model": "messaging.appnotification",
    "pk": 14,
    "fields": {
        "created_at": "2026-06-11T13:20:34.053Z",
        "updated_at": "2026-06-11T13:20:34.053Z",
        "is_active": true,
        "user": 3,
        "notification_type": "BROADCAST",
        "title": "[BROADCAST] Safety Reminder",
        "body": "From System Administrator: Remember to wear PPE in all production areas.",
        "icon": "broadcast",
        "color": "orange",
        "reference_type": "conversation",
        "reference_id": 23,
        "navigate_to": "/messaging?c=23",
        "is_read": false
    }
},
{
    "model": "messaging.appnotification",
    "pk": 15,
    "fields": {
        "created_at": "2026-06-11T13:20:34.053Z",
        "updated_at": "2026-06-11T13:20:34.053Z",
        "is_active": true,
        "user": 2,
        "notification_type": "BROADCAST",
        "title": "[BROADCAST] Safety Reminder",
        "body": "From System Administrator: Remember to wear PPE in all production areas.",
        "icon": "broadcast",
        "color": "orange",
        "reference_type": "conversation",
        "reference_id": 23,
        "navigate_to": "/messaging?c=23",
        "is_read": false
    }
},
{
    "model": "messaging.appnotification",
    "pk": 16,
    "fields": {
        "created_at": "2026-06-11T13:58:19.479Z",
        "updated_at": "2026-06-11T13:58:19.479Z",
        "is_active": true,
        "user": 2,
        "notification_type": "MESSAGE",
        "title": "New message from System Administrator",
        "body": "okay akuna shida make sure unafatilia kazi inamilika kwa wakati",
        "icon": "message",
        "color": "blue",
        "reference_type": "conversation",
        "reference_id": 22,
        "navigate_to": "/messaging?c=22",
        "is_read": false
    }
},
{
    "model": "messaging.appnotification",
    "pk": 17,
    "fields": {
        "created_at": "2026-06-11T14:00:08.333Z",
        "updated_at": "2026-06-11T14:00:08.333Z",
        "is_active": true,
        "user": 2,
        "notification_type": "MESSAGE",
        "title": "New message from System Administrator",
        "body": "Sorry Nimeisha fika kazini",
        "icon": "message",
        "color": "blue",
        "reference_type": "conversation",
        "reference_id": 24,
        "navigate_to": "/messaging?c=24",
        "is_read": false
    }
},
{
    "model": "messaging.appnotification",
    "pk": 18,
    "fields": {
        "created_at": "2026-06-11T15:22:55.886Z",
        "updated_at": "2026-06-11T15:22:55.886Z",
        "is_active": true,
        "user": 3,
        "notification_type": "MESSAGE",
        "title": "New message from innocent philbert",
        "body": "okay",
        "icon": "message",
        "color": "blue",
        "reference_type": "conversation",
        "reference_id": 25,
        "navigate_to": "/messaging?c=25",
        "is_read": false
    }
},
{
    "model": "messaging.appnotification",
    "pk": 19,
    "fields": {
        "created_at": "2026-06-12T14:05:34.638Z",
        "updated_at": "2026-06-12T14:05:34.638Z",
        "is_active": true,
        "user": 1,
        "notification_type": "ALERT",
        "title": "New order SO-2026-004",
        "body": "Customer A-class Marble ltd submitted order for review.",
        "icon": "bell",
        "color": "blue",
        "reference_type": "sales_order",
        "reference_id": 4,
        "navigate_to": "/sales/orders/4/view",
        "is_read": false
    }
},
{
    "model": "messaging.appnotification",
    "pk": 20,
    "fields": {
        "created_at": "2026-06-12T14:05:34.644Z",
        "updated_at": "2026-06-12T14:05:34.644Z",
        "is_active": true,
        "user": 5,
        "notification_type": "ALERT",
        "title": "New order SO-2026-004",
        "body": "Customer A-class Marble ltd submitted order for review.",
        "icon": "bell",
        "color": "blue",
        "reference_type": "sales_order",
        "reference_id": 4,
        "navigate_to": "/sales/orders/4/view",
        "is_read": false
    }
},
{
    "model": "messaging.appnotification",
    "pk": 21,
    "fields": {
        "created_at": "2026-06-12T14:27:35.501Z",
        "updated_at": "2026-06-12T14:27:35.501Z",
        "is_active": true,
        "user": 1,
        "notification_type": "ALERT",
        "title": "Payment proof for SO-2026-004",
        "body": "Amount 590000.00 — verify payment reference 78654874.",
        "icon": "bell",
        "color": "blue",
        "reference_type": "sales_order",
        "reference_id": 4,
        "navigate_to": "/sales/orders/4/view",
        "is_read": false
    }
},
{
    "model": "messaging.appnotification",
    "pk": 22,
    "fields": {
        "created_at": "2026-06-12T14:39:40.250Z",
        "updated_at": "2026-06-12T14:39:40.250Z",
        "is_active": true,
        "user": 1,
        "notification_type": "ALERT",
        "title": "New order SO-2026-005",
        "body": "Customer A-class Marble ltd submitted order for review.",
        "icon": "bell",
        "color": "blue",
        "reference_type": "sales_order",
        "reference_id": 5,
        "navigate_to": "/sales/orders/5/view",
        "is_read": false
    }
},
{
    "model": "messaging.appnotification",
    "pk": 23,
    "fields": {
        "created_at": "2026-06-12T14:39:40.251Z",
        "updated_at": "2026-06-12T14:39:40.251Z",
        "is_active": true,
        "user": 5,
        "notification_type": "ALERT",
        "title": "New order SO-2026-005",
        "body": "Customer A-class Marble ltd submitted order for review.",
        "icon": "bell",
        "color": "blue",
        "reference_type": "sales_order",
        "reference_id": 5,
        "navigate_to": "/sales/orders/5/view",
        "is_read": false
    }
},
{
    "model": "messaging.appnotification",
    "pk": 24,
    "fields": {
        "created_at": "2026-06-12T14:57:18.212Z",
        "updated_at": "2026-06-12T14:57:18.212Z",
        "is_active": true,
        "user": 1,
        "notification_type": "ALERT",
        "title": "New order SO-2026-006",
        "body": "Customer A-class Marble ltd submitted order for review.",
        "icon": "bell",
        "color": "blue",
        "reference_type": "sales_order",
        "reference_id": 6,
        "navigate_to": "/sales/orders/6/view",
        "is_read": false
    }
},
{
    "model": "messaging.appnotification",
    "pk": 25,
    "fields": {
        "created_at": "2026-06-12T14:57:18.215Z",
        "updated_at": "2026-06-12T14:57:18.215Z",
        "is_active": true,
        "user": 5,
        "notification_type": "ALERT",
        "title": "New order SO-2026-006",
        "body": "Customer A-class Marble ltd submitted order for review.",
        "icon": "bell",
        "color": "blue",
        "reference_type": "sales_order",
        "reference_id": 6,
        "navigate_to": "/sales/orders/6/view",
        "is_read": false
    }
},
{
    "model": "messaging.appnotification",
    "pk": 26,
    "fields": {
        "created_at": "2026-06-12T14:57:18.260Z",
        "updated_at": "2026-06-12T14:57:18.260Z",
        "is_active": true,
        "user": 1,
        "notification_type": "ALERT",
        "title": "[Logistics] SO-2026-006 — Stock Verified & Reserved",
        "body": "Pending Delivery Cost. Customer: A-class Marble ltd. Destination: morogoro. All items reserved in inventory.",
        "icon": "truck",
        "color": "orange",
        "reference_type": "sales_order",
        "reference_id": 6,
        "navigate_to": "/sales/orders/6/view",
        "is_read": false
    }
},
{
    "model": "messaging.appnotification",
    "pk": 27,
    "fields": {
        "created_at": "2026-06-12T14:57:18.262Z",
        "updated_at": "2026-06-12T14:57:18.262Z",
        "is_active": true,
        "user": 3,
        "notification_type": "ALERT",
        "title": "[Logistics] SO-2026-006 — Stock Verified & Reserved",
        "body": "Pending Delivery Cost. Customer: A-class Marble ltd. Destination: morogoro. All items reserved in inventory.",
        "icon": "truck",
        "color": "orange",
        "reference_type": "sales_order",
        "reference_id": 6,
        "navigate_to": "/sales/orders/6/view",
        "is_read": false
    }
},
{
    "model": "messaging.appnotification",
    "pk": 28,
    "fields": {
        "created_at": "2026-06-12T14:57:18.273Z",
        "updated_at": "2026-06-12T14:57:18.273Z",
        "is_active": true,
        "user": 1,
        "notification_type": "SYSTEM",
        "title": "[Info] SO-2026-006 — Pending Delivery Cost",
        "body": "Sales order update: Stock Verified & Reserved. All items reserved in inventory. View delivery details in Logistics.",
        "icon": "info",
        "color": "gray",
        "reference_type": "sales_order",
        "reference_id": 6,
        "navigate_to": "/sales/orders/6/view",
        "is_read": false
    }
},
{
    "model": "messaging.appnotification",
    "pk": 29,
    "fields": {
        "created_at": "2026-06-12T14:57:18.276Z",
        "updated_at": "2026-06-12T14:57:18.276Z",
        "is_active": true,
        "user": 3,
        "notification_type": "SYSTEM",
        "title": "[Info] SO-2026-006 — Pending Delivery Cost",
        "body": "Sales order update: Stock Verified & Reserved. All items reserved in inventory. View delivery details in Logistics.",
        "icon": "info",
        "color": "gray",
        "reference_type": "sales_order",
        "reference_id": 6,
        "navigate_to": "/sales/orders/6/view",
        "is_read": false
    }
},
{
    "model": "messaging.appnotification",
    "pk": 30,
    "fields": {
        "created_at": "2026-06-12T16:02:25.691Z",
        "updated_at": "2026-06-12T16:02:25.691Z",
        "is_active": true,
        "user": 1,
        "notification_type": "ALERT",
        "title": "[Logistics] SO-2026-006 — Sent to Logistics for Delivery Cost",
        "body": "Delivery Cost Calculation. Customer: A-class Marble ltd. Destination: morogoro. Sales requested delivery cost calculation.",
        "icon": "truck",
        "color": "orange",
        "reference_type": "sales_order",
        "reference_id": 6,
        "navigate_to": "/logistics/sales-queue",
        "is_read": false
    }
},
{
    "model": "messaging.appnotification",
    "pk": 31,
    "fields": {
        "created_at": "2026-06-12T16:02:25.705Z",
        "updated_at": "2026-06-12T16:02:25.706Z",
        "is_active": true,
        "user": 6,
        "notification_type": "ALERT",
        "title": "[Logistics] SO-2026-006 — Sent to Logistics for Delivery Cost",
        "body": "Delivery Cost Calculation. Customer: A-class Marble ltd. Destination: morogoro. Sales requested delivery cost calculation.",
        "icon": "truck",
        "color": "orange",
        "reference_type": "sales_order",
        "reference_id": 6,
        "navigate_to": "/logistics/sales-queue",
        "is_read": false
    }
},
{
    "model": "messaging.appnotification",
    "pk": 32,
    "fields": {
        "created_at": "2026-06-12T16:02:25.708Z",
        "updated_at": "2026-06-12T16:02:25.708Z",
        "is_active": true,
        "user": 3,
        "notification_type": "ALERT",
        "title": "[Logistics] SO-2026-006 — Sent to Logistics for Delivery Cost",
        "body": "Delivery Cost Calculation. Customer: A-class Marble ltd. Destination: morogoro. Sales requested delivery cost calculation.",
        "icon": "truck",
        "color": "orange",
        "reference_type": "sales_order",
        "reference_id": 6,
        "navigate_to": "/logistics/sales-queue",
        "is_read": false
    }
},
{
    "model": "messaging.appnotification",
    "pk": 33,
    "fields": {
        "created_at": "2026-06-12T16:02:25.718Z",
        "updated_at": "2026-06-12T16:02:25.718Z",
        "is_active": true,
        "user": 1,
        "notification_type": "SYSTEM",
        "title": "[Info] SO-2026-006 — Delivery Cost Calculation",
        "body": "Sales order update: Sent to Logistics for Delivery Cost. Sales requested delivery cost calculation. View delivery details in Logistics.",
        "icon": "info",
        "color": "gray",
        "reference_type": "sales_order",
        "reference_id": 6,
        "navigate_to": "/logistics/sales-queue",
        "is_read": false
    }
},
{
    "model": "messaging.appnotification",
    "pk": 34,
    "fields": {
        "created_at": "2026-06-12T16:02:25.721Z",
        "updated_at": "2026-06-12T16:02:25.721Z",
        "is_active": true,
        "user": 6,
        "notification_type": "SYSTEM",
        "title": "[Info] SO-2026-006 — Delivery Cost Calculation",
        "body": "Sales order update: Sent to Logistics for Delivery Cost. Sales requested delivery cost calculation. View delivery details in Logistics.",
        "icon": "info",
        "color": "gray",
        "reference_type": "sales_order",
        "reference_id": 6,
        "navigate_to": "/logistics/sales-queue",
        "is_read": false
    }
},
{
    "model": "messaging.appnotification",
    "pk": 35,
    "fields": {
        "created_at": "2026-06-12T16:02:25.723Z",
        "updated_at": "2026-06-12T16:02:25.723Z",
        "is_active": true,
        "user": 3,
        "notification_type": "SYSTEM",
        "title": "[Info] SO-2026-006 — Delivery Cost Calculation",
        "body": "Sales order update: Sent to Logistics for Delivery Cost. Sales requested delivery cost calculation. View delivery details in Logistics.",
        "icon": "info",
        "color": "gray",
        "reference_type": "sales_order",
        "reference_id": 6,
        "navigate_to": "/logistics/sales-queue",
        "is_read": false
    }
},
{
    "model": "messaging.appnotification",
    "pk": 36,
    "fields": {
        "created_at": "2026-06-12T16:02:25.763Z",
        "updated_at": "2026-06-12T16:02:25.763Z",
        "is_active": true,
        "user": 1,
        "notification_type": "ALERT",
        "title": "[Logistics] SO-2026-006 — Sent to Logistics for Delivery Cost",
        "body": "Delivery Cost Calculation. Customer: A-class Marble ltd. Destination: morogoro. Sales requested delivery cost calculation.",
        "icon": "truck",
        "color": "orange",
        "reference_type": "sales_order",
        "reference_id": 6,
        "navigate_to": "/logistics/sales-queue",
        "is_read": false
    }
},
{
    "model": "messaging.appnotification",
    "pk": 37,
    "fields": {
        "created_at": "2026-06-12T16:02:25.811Z",
        "updated_at": "2026-06-12T16:02:25.811Z",
        "is_active": true,
        "user": 6,
        "notification_type": "ALERT",
        "title": "[Logistics] SO-2026-006 — Sent to Logistics for Delivery Cost",
        "body": "Delivery Cost Calculation. Customer: A-class Marble ltd. Destination: morogoro. Sales requested delivery cost calculation.",
        "icon": "truck",
        "color": "orange",
        "reference_type": "sales_order",
        "reference_id": 6,
        "navigate_to": "/logistics/sales-queue",
        "is_read": false
    }
},
{
    "model": "messaging.appnotification",
    "pk": 38,
    "fields": {
        "created_at": "2026-06-12T16:02:25.816Z",
        "updated_at": "2026-06-12T16:02:25.816Z",
        "is_active": true,
        "user": 3,
        "notification_type": "ALERT",
        "title": "[Logistics] SO-2026-006 — Sent to Logistics for Delivery Cost",
        "body": "Delivery Cost Calculation. Customer: A-class Marble ltd. Destination: morogoro. Sales requested delivery cost calculation.",
        "icon": "truck",
        "color": "orange",
        "reference_type": "sales_order",
        "reference_id": 6,
        "navigate_to": "/logistics/sales-queue",
        "is_read": false
    }
},
{
    "model": "messaging.appnotification",
    "pk": 39,
    "fields": {
        "created_at": "2026-06-12T16:02:25.827Z",
        "updated_at": "2026-06-12T16:02:25.827Z",
        "is_active": true,
        "user": 1,
        "notification_type": "SYSTEM",
        "title": "[Info] SO-2026-006 — Delivery Cost Calculation",
        "body": "Sales order update: Sent to Logistics for Delivery Cost. Sales requested delivery cost calculation. View delivery details in Logistics.",
        "icon": "info",
        "color": "gray",
        "reference_type": "sales_order",
        "reference_id": 6,
        "navigate_to": "/logistics/sales-queue",
        "is_read": false
    }
},
{
    "model": "messaging.appnotification",
    "pk": 40,
    "fields": {
        "created_at": "2026-06-12T16:02:25.831Z",
        "updated_at": "2026-06-12T16:02:25.831Z",
        "is_active": true,
        "user": 6,
        "notification_type": "SYSTEM",
        "title": "[Info] SO-2026-006 — Delivery Cost Calculation",
        "body": "Sales order update: Sent to Logistics for Delivery Cost. Sales requested delivery cost calculation. View delivery details in Logistics.",
        "icon": "info",
        "color": "gray",
        "reference_type": "sales_order",
        "reference_id": 6,
        "navigate_to": "/logistics/sales-queue",
        "is_read": false
    }
},
{
    "model": "messaging.appnotification",
    "pk": 41,
    "fields": {
        "created_at": "2026-06-12T16:02:25.834Z",
        "updated_at": "2026-06-12T16:02:25.834Z",
        "is_active": true,
        "user": 3,
        "notification_type": "SYSTEM",
        "title": "[Info] SO-2026-006 — Delivery Cost Calculation",
        "body": "Sales order update: Sent to Logistics for Delivery Cost. Sales requested delivery cost calculation. View delivery details in Logistics.",
        "icon": "info",
        "color": "gray",
        "reference_type": "sales_order",
        "reference_id": 6,
        "navigate_to": "/logistics/sales-queue",
        "is_read": false
    }
},
{
    "model": "messaging.appnotification",
    "pk": 42,
    "fields": {
        "created_at": "2026-06-12T16:09:11.033Z",
        "updated_at": "2026-06-12T16:09:11.033Z",
        "is_active": true,
        "user": 1,
        "notification_type": "ALERT",
        "title": "SO-2026-006 — Delivery Cost Ready",
        "body": "Logistics calculated delivery cost: 3000000.00 TZS. Distance: 1500.00 km. You can now send the quotation to the customer.",
        "icon": "check-circle",
        "color": "green",
        "reference_type": "sales_order",
        "reference_id": 6,
        "navigate_to": "/sales/orders/6/view",
        "is_read": false
    }
},
{
    "model": "messaging.appnotification",
    "pk": 43,
    "fields": {
        "created_at": "2026-06-12T16:09:11.071Z",
        "updated_at": "2026-06-12T16:09:11.071Z",
        "is_active": true,
        "user": 5,
        "notification_type": "ALERT",
        "title": "SO-2026-006 — Delivery Cost Ready",
        "body": "Logistics calculated delivery cost: 3000000.00 TZS. Distance: 1500.00 km. You can now send the quotation to the customer.",
        "icon": "check-circle",
        "color": "green",
        "reference_type": "sales_order",
        "reference_id": 6,
        "navigate_to": "/sales/orders/6/view",
        "is_read": false
    }
},
{
    "model": "messaging.appnotification",
    "pk": 44,
    "fields": {
        "created_at": "2026-06-12T16:09:11.081Z",
        "updated_at": "2026-06-12T16:09:11.081Z",
        "is_active": true,
        "user": 1,
        "notification_type": "SYSTEM",
        "title": "[Info] SO-2026-006 — SO-2026-006 — Delivery Cost Ready",
        "body": "Logistics calculated delivery cost: 3000000.00 TZS. Distance: 1500.00 km. You can now send the quotation to the customer.",
        "icon": "info",
        "color": "gray",
        "reference_type": "sales_order",
        "reference_id": 6,
        "navigate_to": "/sales/orders/6/view",
        "is_read": false
    }
},
{
    "model": "messaging.appnotification",
    "pk": 45,
    "fields": {
        "created_at": "2026-06-12T16:09:11.085Z",
        "updated_at": "2026-06-12T16:09:11.085Z",
        "is_active": true,
        "user": 5,
        "notification_type": "SYSTEM",
        "title": "[Info] SO-2026-006 — SO-2026-006 — Delivery Cost Ready",
        "body": "Logistics calculated delivery cost: 3000000.00 TZS. Distance: 1500.00 km. You can now send the quotation to the customer.",
        "icon": "info",
        "color": "gray",
        "reference_type": "sales_order",
        "reference_id": 6,
        "navigate_to": "/sales/orders/6/view",
        "is_read": false
    }
},
{
    "model": "messaging.appnotification",
    "pk": 46,
    "fields": {
        "created_at": "2026-06-12T16:11:37.671Z",
        "updated_at": "2026-06-12T16:11:37.671Z",
        "is_active": true,
        "user": 1,
        "notification_type": "ALERT",
        "title": "Payment proof for SO-2026-006",
        "body": "Amount 3590000.00 — verify payment reference 4541566.",
        "icon": "bell",
        "color": "blue",
        "reference_type": "sales_order",
        "reference_id": 6,
        "navigate_to": "/sales/orders/6/view",
        "is_read": false
    }
},
{
    "model": "messaging.appnotification",
    "pk": 47,
    "fields": {
        "created_at": "2026-06-12T16:11:43.264Z",
        "updated_at": "2026-06-12T16:11:43.264Z",
        "is_active": true,
        "user": 1,
        "notification_type": "ALERT",
        "title": "[Logistics] SO-2026-006 — Payment Confirmed — Plan Delivery",
        "body": "Payment Confirmed. Customer: A-class Marble ltd. Destination: morogoro. Customer payment verified. Set delivery method and schedule dispatch.",
        "icon": "truck",
        "color": "orange",
        "reference_type": "sales_order",
        "reference_id": 6,
        "navigate_to": "/logistics/sales-queue",
        "is_read": false
    }
},
{
    "model": "messaging.appnotification",
    "pk": 48,
    "fields": {
        "created_at": "2026-06-12T16:11:43.266Z",
        "updated_at": "2026-06-12T16:11:43.266Z",
        "is_active": true,
        "user": 6,
        "notification_type": "ALERT",
        "title": "[Logistics] SO-2026-006 — Payment Confirmed — Plan Delivery",
        "body": "Payment Confirmed. Customer: A-class Marble ltd. Destination: morogoro. Customer payment verified. Set delivery method and schedule dispatch.",
        "icon": "truck",
        "color": "orange",
        "reference_type": "sales_order",
        "reference_id": 6,
        "navigate_to": "/logistics/sales-queue",
        "is_read": false
    }
},
{
    "model": "messaging.appnotification",
    "pk": 49,
    "fields": {
        "created_at": "2026-06-12T16:11:43.266Z",
        "updated_at": "2026-06-12T16:11:43.266Z",
        "is_active": true,
        "user": 3,
        "notification_type": "ALERT",
        "title": "[Logistics] SO-2026-006 — Payment Confirmed — Plan Delivery",
        "body": "Payment Confirmed. Customer: A-class Marble ltd. Destination: morogoro. Customer payment verified. Set delivery method and schedule dispatch.",
        "icon": "truck",
        "color": "orange",
        "reference_type": "sales_order",
        "reference_id": 6,
        "navigate_to": "/logistics/sales-queue",
        "is_read": false
    }
},
{
    "model": "messaging.appnotification",
    "pk": 50,
    "fields": {
        "created_at": "2026-06-12T16:11:43.269Z",
        "updated_at": "2026-06-12T16:11:43.269Z",
        "is_active": true,
        "user": 1,
        "notification_type": "SYSTEM",
        "title": "[Info] SO-2026-006 — Payment Confirmed",
        "body": "Sales order update: Payment Confirmed — Plan Delivery. Customer payment verified. Set delivery method and schedule dispatch. View delivery details in Logistics.",
        "icon": "info",
        "color": "gray",
        "reference_type": "sales_order",
        "reference_id": 6,
        "navigate_to": "/logistics/sales-queue",
        "is_read": false
    }
},
{
    "model": "messaging.appnotification",
    "pk": 51,
    "fields": {
        "created_at": "2026-06-12T16:11:43.269Z",
        "updated_at": "2026-06-12T16:11:43.269Z",
        "is_active": true,
        "user": 6,
        "notification_type": "SYSTEM",
        "title": "[Info] SO-2026-006 — Payment Confirmed",
        "body": "Sales order update: Payment Confirmed — Plan Delivery. Customer payment verified. Set delivery method and schedule dispatch. View delivery details in Logistics.",
        "icon": "info",
        "color": "gray",
        "reference_type": "sales_order",
        "reference_id": 6,
        "navigate_to": "/logistics/sales-queue",
        "is_read": false
    }
},
{
    "model": "messaging.appnotification",
    "pk": 52,
    "fields": {
        "created_at": "2026-06-12T16:11:43.270Z",
        "updated_at": "2026-06-12T16:11:43.270Z",
        "is_active": true,
        "user": 3,
        "notification_type": "SYSTEM",
        "title": "[Info] SO-2026-006 — Payment Confirmed",
        "body": "Sales order update: Payment Confirmed — Plan Delivery. Customer payment verified. Set delivery method and schedule dispatch. View delivery details in Logistics.",
        "icon": "info",
        "color": "gray",
        "reference_type": "sales_order",
        "reference_id": 6,
        "navigate_to": "/logistics/sales-queue",
        "is_read": false
    }
},
{
    "model": "messaging.appnotification",
    "pk": 53,
    "fields": {
        "created_at": "2026-06-12T16:13:55.688Z",
        "updated_at": "2026-06-12T16:13:55.688Z",
        "is_active": true,
        "user": 1,
        "notification_type": "ALERT",
        "title": "[Logistics] SO-2026-006 — Delivery Method Set",
        "body": "Ready for Customer Pickup. Customer: A-class Marble ltd. Destination: morogoro. PICKUP",
        "icon": "truck",
        "color": "orange",
        "reference_type": "sales_order",
        "reference_id": 6,
        "navigate_to": "/logistics/sales-queue",
        "is_read": false
    }
},
{
    "model": "messaging.appnotification",
    "pk": 54,
    "fields": {
        "created_at": "2026-06-12T16:13:55.690Z",
        "updated_at": "2026-06-12T16:13:55.690Z",
        "is_active": true,
        "user": 6,
        "notification_type": "ALERT",
        "title": "[Logistics] SO-2026-006 — Delivery Method Set",
        "body": "Ready for Customer Pickup. Customer: A-class Marble ltd. Destination: morogoro. PICKUP",
        "icon": "truck",
        "color": "orange",
        "reference_type": "sales_order",
        "reference_id": 6,
        "navigate_to": "/logistics/sales-queue",
        "is_read": false
    }
},
{
    "model": "messaging.appnotification",
    "pk": 55,
    "fields": {
        "created_at": "2026-06-12T16:13:55.691Z",
        "updated_at": "2026-06-12T16:13:55.691Z",
        "is_active": true,
        "user": 3,
        "notification_type": "ALERT",
        "title": "[Logistics] SO-2026-006 — Delivery Method Set",
        "body": "Ready for Customer Pickup. Customer: A-class Marble ltd. Destination: morogoro. PICKUP",
        "icon": "truck",
        "color": "orange",
        "reference_type": "sales_order",
        "reference_id": 6,
        "navigate_to": "/logistics/sales-queue",
        "is_read": false
    }
},
{
    "model": "messaging.appnotification",
    "pk": 56,
    "fields": {
        "created_at": "2026-06-12T16:13:55.695Z",
        "updated_at": "2026-06-12T16:13:55.695Z",
        "is_active": true,
        "user": 1,
        "notification_type": "SYSTEM",
        "title": "[Info] SO-2026-006 — Ready for Customer Pickup",
        "body": "Sales order update: Delivery Method Set. PICKUP View delivery details in Logistics.",
        "icon": "info",
        "color": "gray",
        "reference_type": "sales_order",
        "reference_id": 6,
        "navigate_to": "/logistics/sales-queue",
        "is_read": false
    }
},
{
    "model": "messaging.appnotification",
    "pk": 57,
    "fields": {
        "created_at": "2026-06-12T16:13:55.696Z",
        "updated_at": "2026-06-12T16:13:55.696Z",
        "is_active": true,
        "user": 6,
        "notification_type": "SYSTEM",
        "title": "[Info] SO-2026-006 — Ready for Customer Pickup",
        "body": "Sales order update: Delivery Method Set. PICKUP View delivery details in Logistics.",
        "icon": "info",
        "color": "gray",
        "reference_type": "sales_order",
        "reference_id": 6,
        "navigate_to": "/logistics/sales-queue",
        "is_read": false
    }
},
{
    "model": "messaging.appnotification",
    "pk": 58,
    "fields": {
        "created_at": "2026-06-12T16:13:55.696Z",
        "updated_at": "2026-06-12T16:13:55.696Z",
        "is_active": true,
        "user": 3,
        "notification_type": "SYSTEM",
        "title": "[Info] SO-2026-006 — Ready for Customer Pickup",
        "body": "Sales order update: Delivery Method Set. PICKUP View delivery details in Logistics.",
        "icon": "info",
        "color": "gray",
        "reference_type": "sales_order",
        "reference_id": 6,
        "navigate_to": "/logistics/sales-queue",
        "is_read": false
    }
},
{
    "model": "messaging.appnotification",
    "pk": 59,
    "fields": {
        "created_at": "2026-06-12T16:14:47.859Z",
        "updated_at": "2026-06-12T16:14:47.859Z",
        "is_active": true,
        "user": 1,
        "notification_type": "ALERT",
        "title": "[Logistics] SO-2026-006 — Dispatched",
        "body": "Dispatched. Customer: A-class Marble ltd. Destination: morogoro. Stock released",
        "icon": "truck",
        "color": "orange",
        "reference_type": "sales_order",
        "reference_id": 6,
        "navigate_to": "/logistics/sales-queue",
        "is_read": false
    }
},
{
    "model": "messaging.appnotification",
    "pk": 60,
    "fields": {
        "created_at": "2026-06-12T16:14:47.863Z",
        "updated_at": "2026-06-12T16:14:47.863Z",
        "is_active": true,
        "user": 6,
        "notification_type": "ALERT",
        "title": "[Logistics] SO-2026-006 — Dispatched",
        "body": "Dispatched. Customer: A-class Marble ltd. Destination: morogoro. Stock released",
        "icon": "truck",
        "color": "orange",
        "reference_type": "sales_order",
        "reference_id": 6,
        "navigate_to": "/logistics/sales-queue",
        "is_read": false
    }
},
{
    "model": "messaging.appnotification",
    "pk": 61,
    "fields": {
        "created_at": "2026-06-12T16:14:47.864Z",
        "updated_at": "2026-06-12T16:14:47.864Z",
        "is_active": true,
        "user": 3,
        "notification_type": "ALERT",
        "title": "[Logistics] SO-2026-006 — Dispatched",
        "body": "Dispatched. Customer: A-class Marble ltd. Destination: morogoro. Stock released",
        "icon": "truck",
        "color": "orange",
        "reference_type": "sales_order",
        "reference_id": 6,
        "navigate_to": "/logistics/sales-queue",
        "is_read": false
    }
},
{
    "model": "messaging.appnotification",
    "pk": 62,
    "fields": {
        "created_at": "2026-06-12T16:14:47.869Z",
        "updated_at": "2026-06-12T16:14:47.869Z",
        "is_active": true,
        "user": 1,
        "notification_type": "SYSTEM",
        "title": "[Info] SO-2026-006 — Dispatched",
        "body": "Sales order update: Dispatched. Stock released View delivery details in Logistics.",
        "icon": "info",
        "color": "gray",
        "reference_type": "sales_order",
        "reference_id": 6,
        "navigate_to": "/logistics/sales-queue",
        "is_read": false
    }
},
{
    "model": "messaging.appnotification",
    "pk": 63,
    "fields": {
        "created_at": "2026-06-12T16:14:47.870Z",
        "updated_at": "2026-06-12T16:14:47.870Z",
        "is_active": true,
        "user": 6,
        "notification_type": "SYSTEM",
        "title": "[Info] SO-2026-006 — Dispatched",
        "body": "Sales order update: Dispatched. Stock released View delivery details in Logistics.",
        "icon": "info",
        "color": "gray",
        "reference_type": "sales_order",
        "reference_id": 6,
        "navigate_to": "/logistics/sales-queue",
        "is_read": false
    }
},
{
    "model": "messaging.appnotification",
    "pk": 64,
    "fields": {
        "created_at": "2026-06-12T16:14:47.872Z",
        "updated_at": "2026-06-12T16:14:47.872Z",
        "is_active": true,
        "user": 3,
        "notification_type": "SYSTEM",
        "title": "[Info] SO-2026-006 — Dispatched",
        "body": "Sales order update: Dispatched. Stock released View delivery details in Logistics.",
        "icon": "info",
        "color": "gray",
        "reference_type": "sales_order",
        "reference_id": 6,
        "navigate_to": "/logistics/sales-queue",
        "is_read": false
    }
},
{
    "model": "messaging.appnotification",
    "pk": 65,
    "fields": {
        "created_at": "2026-06-12T16:14:47.927Z",
        "updated_at": "2026-06-12T16:14:47.927Z",
        "is_active": true,
        "user": 1,
        "notification_type": "APPROVAL",
        "title": "[Logistics] SO-2026-006 — Customer Pickup Completed",
        "body": "Completed — Customer Pickup. Customer: A-class Marble ltd. Destination: morogoro.",
        "icon": "info",
        "color": "blue",
        "reference_type": "sales_order",
        "reference_id": 6,
        "navigate_to": "/logistics/deliveries/2/view",
        "is_read": false
    }
},
{
    "model": "messaging.appnotification",
    "pk": 66,
    "fields": {
        "created_at": "2026-06-12T16:14:47.929Z",
        "updated_at": "2026-06-12T16:14:47.929Z",
        "is_active": true,
        "user": 6,
        "notification_type": "APPROVAL",
        "title": "[Logistics] SO-2026-006 — Customer Pickup Completed",
        "body": "Completed — Customer Pickup. Customer: A-class Marble ltd. Destination: morogoro.",
        "icon": "info",
        "color": "blue",
        "reference_type": "sales_order",
        "reference_id": 6,
        "navigate_to": "/logistics/deliveries/2/view",
        "is_read": false
    }
},
{
    "model": "messaging.appnotification",
    "pk": 67,
    "fields": {
        "created_at": "2026-06-12T16:14:47.930Z",
        "updated_at": "2026-06-12T16:14:47.930Z",
        "is_active": true,
        "user": 3,
        "notification_type": "APPROVAL",
        "title": "[Logistics] SO-2026-006 — Customer Pickup Completed",
        "body": "Completed — Customer Pickup. Customer: A-class Marble ltd. Destination: morogoro.",
        "icon": "info",
        "color": "blue",
        "reference_type": "sales_order",
        "reference_id": 6,
        "navigate_to": "/logistics/deliveries/2/view",
        "is_read": false
    }
},
{
    "model": "messaging.appnotification",
    "pk": 68,
    "fields": {
        "created_at": "2026-06-12T16:14:47.936Z",
        "updated_at": "2026-06-12T16:14:47.936Z",
        "is_active": true,
        "user": 1,
        "notification_type": "SYSTEM",
        "title": "[Info] SO-2026-006 — Completed — Customer Pickup",
        "body": "Sales order update: Customer Pickup Completed.  View delivery details in Logistics.",
        "icon": "info",
        "color": "gray",
        "reference_type": "sales_order",
        "reference_id": 6,
        "navigate_to": "/logistics/deliveries/2/view",
        "is_read": false
    }
},
{
    "model": "messaging.appnotification",
    "pk": 69,
    "fields": {
        "created_at": "2026-06-12T16:14:47.938Z",
        "updated_at": "2026-06-12T16:14:47.938Z",
        "is_active": true,
        "user": 6,
        "notification_type": "SYSTEM",
        "title": "[Info] SO-2026-006 — Completed — Customer Pickup",
        "body": "Sales order update: Customer Pickup Completed.  View delivery details in Logistics.",
        "icon": "info",
        "color": "gray",
        "reference_type": "sales_order",
        "reference_id": 6,
        "navigate_to": "/logistics/deliveries/2/view",
        "is_read": false
    }
},
{
    "model": "messaging.appnotification",
    "pk": 70,
    "fields": {
        "created_at": "2026-06-12T16:14:47.940Z",
        "updated_at": "2026-06-12T16:14:47.940Z",
        "is_active": true,
        "user": 3,
        "notification_type": "SYSTEM",
        "title": "[Info] SO-2026-006 — Completed — Customer Pickup",
        "body": "Sales order update: Customer Pickup Completed.  View delivery details in Logistics.",
        "icon": "info",
        "color": "gray",
        "reference_type": "sales_order",
        "reference_id": 6,
        "navigate_to": "/logistics/deliveries/2/view",
        "is_read": false
    }
},
{
    "model": "messaging.appnotification",
    "pk": 71,
    "fields": {
        "created_at": "2026-06-12T16:32:57.285Z",
        "updated_at": "2026-06-12T16:32:57.285Z",
        "is_active": true,
        "user": 1,
        "notification_type": "ALERT",
        "title": "[Logistics] SO-2026-004 — Vehicle Assigned",
        "body": "Company Vehicle Assigned. Customer: A-class Marble ltd. Destination: morogor, ulanga-mahenge. T 123 ABC / James Mollel",
        "icon": "truck",
        "color": "orange",
        "reference_type": "sales_order",
        "reference_id": 4,
        "navigate_to": "/logistics/sales-queue",
        "is_read": false
    }
},
{
    "model": "messaging.appnotification",
    "pk": 72,
    "fields": {
        "created_at": "2026-06-12T16:32:57.334Z",
        "updated_at": "2026-06-12T16:32:57.334Z",
        "is_active": true,
        "user": 6,
        "notification_type": "ALERT",
        "title": "[Logistics] SO-2026-004 — Vehicle Assigned",
        "body": "Company Vehicle Assigned. Customer: A-class Marble ltd. Destination: morogor, ulanga-mahenge. T 123 ABC / James Mollel",
        "icon": "truck",
        "color": "orange",
        "reference_type": "sales_order",
        "reference_id": 4,
        "navigate_to": "/logistics/sales-queue",
        "is_read": false
    }
},
{
    "model": "messaging.appnotification",
    "pk": 73,
    "fields": {
        "created_at": "2026-06-12T16:32:57.336Z",
        "updated_at": "2026-06-12T16:32:57.336Z",
        "is_active": true,
        "user": 3,
        "notification_type": "ALERT",
        "title": "[Logistics] SO-2026-004 — Vehicle Assigned",
        "body": "Company Vehicle Assigned. Customer: A-class Marble ltd. Destination: morogor, ulanga-mahenge. T 123 ABC / James Mollel",
        "icon": "truck",
        "color": "orange",
        "reference_type": "sales_order",
        "reference_id": 4,
        "navigate_to": "/logistics/sales-queue",
        "is_read": false
    }
},
{
    "model": "messaging.appnotification",
    "pk": 74,
    "fields": {
        "created_at": "2026-06-12T16:32:57.345Z",
        "updated_at": "2026-06-12T16:32:57.345Z",
        "is_active": true,
        "user": 1,
        "notification_type": "SYSTEM",
        "title": "[Info] SO-2026-004 — Company Vehicle Assigned",
        "body": "Sales order update: Vehicle Assigned. T 123 ABC / James Mollel View delivery details in Logistics.",
        "icon": "info",
        "color": "gray",
        "reference_type": "sales_order",
        "reference_id": 4,
        "navigate_to": "/logistics/sales-queue",
        "is_read": false
    }
},
{
    "model": "messaging.appnotification",
    "pk": 75,
    "fields": {
        "created_at": "2026-06-12T16:32:57.368Z",
        "updated_at": "2026-06-12T16:32:57.368Z",
        "is_active": true,
        "user": 6,
        "notification_type": "SYSTEM",
        "title": "[Info] SO-2026-004 — Company Vehicle Assigned",
        "body": "Sales order update: Vehicle Assigned. T 123 ABC / James Mollel View delivery details in Logistics.",
        "icon": "info",
        "color": "gray",
        "reference_type": "sales_order",
        "reference_id": 4,
        "navigate_to": "/logistics/sales-queue",
        "is_read": false
    }
},
{
    "model": "messaging.appnotification",
    "pk": 76,
    "fields": {
        "created_at": "2026-06-12T16:32:57.370Z",
        "updated_at": "2026-06-12T16:32:57.370Z",
        "is_active": true,
        "user": 3,
        "notification_type": "SYSTEM",
        "title": "[Info] SO-2026-004 — Company Vehicle Assigned",
        "body": "Sales order update: Vehicle Assigned. T 123 ABC / James Mollel View delivery details in Logistics.",
        "icon": "info",
        "color": "gray",
        "reference_type": "sales_order",
        "reference_id": 4,
        "navigate_to": "/logistics/sales-queue",
        "is_read": false
    }
},
{
    "model": "messaging.appnotification",
    "pk": 77,
    "fields": {
        "created_at": "2026-06-12T16:33:21.626Z",
        "updated_at": "2026-06-12T16:33:21.626Z",
        "is_active": true,
        "user": 1,
        "notification_type": "ALERT",
        "title": "[Logistics] SO-2026-004 — Dispatched",
        "body": "Dispatched. Customer: A-class Marble ltd. Destination: morogor, ulanga-mahenge. Stock released",
        "icon": "truck",
        "color": "orange",
        "reference_type": "sales_order",
        "reference_id": 4,
        "navigate_to": "/logistics/sales-queue",
        "is_read": false
    }
},
{
    "model": "messaging.appnotification",
    "pk": 78,
    "fields": {
        "created_at": "2026-06-12T16:33:21.628Z",
        "updated_at": "2026-06-12T16:33:21.628Z",
        "is_active": true,
        "user": 6,
        "notification_type": "ALERT",
        "title": "[Logistics] SO-2026-004 — Dispatched",
        "body": "Dispatched. Customer: A-class Marble ltd. Destination: morogor, ulanga-mahenge. Stock released",
        "icon": "truck",
        "color": "orange",
        "reference_type": "sales_order",
        "reference_id": 4,
        "navigate_to": "/logistics/sales-queue",
        "is_read": false
    }
},
{
    "model": "messaging.appnotification",
    "pk": 79,
    "fields": {
        "created_at": "2026-06-12T16:33:21.628Z",
        "updated_at": "2026-06-12T16:33:21.628Z",
        "is_active": true,
        "user": 3,
        "notification_type": "ALERT",
        "title": "[Logistics] SO-2026-004 — Dispatched",
        "body": "Dispatched. Customer: A-class Marble ltd. Destination: morogor, ulanga-mahenge. Stock released",
        "icon": "truck",
        "color": "orange",
        "reference_type": "sales_order",
        "reference_id": 4,
        "navigate_to": "/logistics/sales-queue",
        "is_read": false
    }
},
{
    "model": "messaging.appnotification",
    "pk": 80,
    "fields": {
        "created_at": "2026-06-12T16:33:21.632Z",
        "updated_at": "2026-06-12T16:33:21.632Z",
        "is_active": true,
        "user": 1,
        "notification_type": "SYSTEM",
        "title": "[Info] SO-2026-004 — Dispatched",
        "body": "Sales order update: Dispatched. Stock released View delivery details in Logistics.",
        "icon": "info",
        "color": "gray",
        "reference_type": "sales_order",
        "reference_id": 4,
        "navigate_to": "/logistics/sales-queue",
        "is_read": false
    }
},
{
    "model": "messaging.appnotification",
    "pk": 81,
    "fields": {
        "created_at": "2026-06-12T16:33:21.633Z",
        "updated_at": "2026-06-12T16:33:21.633Z",
        "is_active": true,
        "user": 6,
        "notification_type": "SYSTEM",
        "title": "[Info] SO-2026-004 — Dispatched",
        "body": "Sales order update: Dispatched. Stock released View delivery details in Logistics.",
        "icon": "info",
        "color": "gray",
        "reference_type": "sales_order",
        "reference_id": 4,
        "navigate_to": "/logistics/sales-queue",
        "is_read": false
    }
},
{
    "model": "messaging.appnotification",
    "pk": 82,
    "fields": {
        "created_at": "2026-06-12T16:33:21.633Z",
        "updated_at": "2026-06-12T16:33:21.633Z",
        "is_active": true,
        "user": 3,
        "notification_type": "SYSTEM",
        "title": "[Info] SO-2026-004 — Dispatched",
        "body": "Sales order update: Dispatched. Stock released View delivery details in Logistics.",
        "icon": "info",
        "color": "gray",
        "reference_type": "sales_order",
        "reference_id": 4,
        "navigate_to": "/logistics/sales-queue",
        "is_read": false
    }
},
{
    "model": "messaging.appnotification",
    "pk": 83,
    "fields": {
        "created_at": "2026-06-12T16:33:21.640Z",
        "updated_at": "2026-06-12T16:33:21.640Z",
        "is_active": true,
        "user": 1,
        "notification_type": "APPROVAL",
        "title": "[Logistics] SO-2026-004 — In Transit",
        "body": "In Transit. Customer: A-class Marble ltd. Destination: morogor, ulanga-mahenge.",
        "icon": "info",
        "color": "blue",
        "reference_type": "sales_order",
        "reference_id": 4,
        "navigate_to": "/logistics/sales-queue",
        "is_read": false
    }
},
{
    "model": "messaging.appnotification",
    "pk": 84,
    "fields": {
        "created_at": "2026-06-12T16:33:21.641Z",
        "updated_at": "2026-06-12T16:33:21.641Z",
        "is_active": true,
        "user": 6,
        "notification_type": "APPROVAL",
        "title": "[Logistics] SO-2026-004 — In Transit",
        "body": "In Transit. Customer: A-class Marble ltd. Destination: morogor, ulanga-mahenge.",
        "icon": "info",
        "color": "blue",
        "reference_type": "sales_order",
        "reference_id": 4,
        "navigate_to": "/logistics/sales-queue",
        "is_read": false
    }
},
{
    "model": "messaging.appnotification",
    "pk": 85,
    "fields": {
        "created_at": "2026-06-12T16:33:21.641Z",
        "updated_at": "2026-06-12T16:33:21.641Z",
        "is_active": true,
        "user": 3,
        "notification_type": "APPROVAL",
        "title": "[Logistics] SO-2026-004 — In Transit",
        "body": "In Transit. Customer: A-class Marble ltd. Destination: morogor, ulanga-mahenge.",
        "icon": "info",
        "color": "blue",
        "reference_type": "sales_order",
        "reference_id": 4,
        "navigate_to": "/logistics/sales-queue",
        "is_read": false
    }
},
{
    "model": "messaging.appnotification",
    "pk": 86,
    "fields": {
        "created_at": "2026-06-12T16:33:21.644Z",
        "updated_at": "2026-06-12T16:33:21.644Z",
        "is_active": true,
        "user": 1,
        "notification_type": "SYSTEM",
        "title": "[Info] SO-2026-004 — In Transit",
        "body": "Sales order update: In Transit.  View delivery details in Logistics.",
        "icon": "info",
        "color": "gray",
        "reference_type": "sales_order",
        "reference_id": 4,
        "navigate_to": "/logistics/sales-queue",
        "is_read": false
    }
},
{
    "model": "messaging.appnotification",
    "pk": 87,
    "fields": {
        "created_at": "2026-06-12T16:33:21.645Z",
        "updated_at": "2026-06-12T16:33:21.645Z",
        "is_active": true,
        "user": 6,
        "notification_type": "SYSTEM",
        "title": "[Info] SO-2026-004 — In Transit",
        "body": "Sales order update: In Transit.  View delivery details in Logistics.",
        "icon": "info",
        "color": "gray",
        "reference_type": "sales_order",
        "reference_id": 4,
        "navigate_to": "/logistics/sales-queue",
        "is_read": false
    }
},
{
    "model": "messaging.appnotification",
    "pk": 88,
    "fields": {
        "created_at": "2026-06-12T16:33:21.646Z",
        "updated_at": "2026-06-12T16:33:21.646Z",
        "is_active": true,
        "user": 3,
        "notification_type": "SYSTEM",
        "title": "[Info] SO-2026-004 — In Transit",
        "body": "Sales order update: In Transit.  View delivery details in Logistics.",
        "icon": "info",
        "color": "gray",
        "reference_type": "sales_order",
        "reference_id": 4,
        "navigate_to": "/logistics/sales-queue",
        "is_read": false
    }
},
{
    "model": "messaging.appnotification",
    "pk": 89,
    "fields": {
        "created_at": "2026-06-12T17:19:22.646Z",
        "updated_at": "2026-06-12T17:19:22.646Z",
        "is_active": true,
        "user": 1,
        "notification_type": "ALERT",
        "title": "[Logistics] SO-2026-004 — Delivered",
        "body": "Delivered. Customer: A-class Marble ltd. Destination: morogor, ulanga-mahenge.",
        "icon": "truck",
        "color": "orange",
        "reference_type": "sales_order",
        "reference_id": 4,
        "navigate_to": "/logistics/sales-queue",
        "is_read": false
    }
},
{
    "model": "messaging.appnotification",
    "pk": 90,
    "fields": {
        "created_at": "2026-06-12T17:19:22.654Z",
        "updated_at": "2026-06-12T17:19:22.654Z",
        "is_active": true,
        "user": 6,
        "notification_type": "ALERT",
        "title": "[Logistics] SO-2026-004 — Delivered",
        "body": "Delivered. Customer: A-class Marble ltd. Destination: morogor, ulanga-mahenge.",
        "icon": "truck",
        "color": "orange",
        "reference_type": "sales_order",
        "reference_id": 4,
        "navigate_to": "/logistics/sales-queue",
        "is_read": false
    }
},
{
    "model": "messaging.appnotification",
    "pk": 91,
    "fields": {
        "created_at": "2026-06-12T17:19:22.656Z",
        "updated_at": "2026-06-12T17:19:22.656Z",
        "is_active": true,
        "user": 3,
        "notification_type": "ALERT",
        "title": "[Logistics] SO-2026-004 — Delivered",
        "body": "Delivered. Customer: A-class Marble ltd. Destination: morogor, ulanga-mahenge.",
        "icon": "truck",
        "color": "orange",
        "reference_type": "sales_order",
        "reference_id": 4,
        "navigate_to": "/logistics/sales-queue",
        "is_read": false
    }
},
{
    "model": "messaging.appnotification",
    "pk": 92,
    "fields": {
        "created_at": "2026-06-12T17:19:22.667Z",
        "updated_at": "2026-06-12T17:19:22.667Z",
        "is_active": true,
        "user": 1,
        "notification_type": "SYSTEM",
        "title": "[Info] SO-2026-004 — Delivered",
        "body": "Sales order update: Delivered.  View delivery details in Logistics.",
        "icon": "info",
        "color": "gray",
        "reference_type": "sales_order",
        "reference_id": 4,
        "navigate_to": "/logistics/sales-queue",
        "is_read": false
    }
},
{
    "model": "messaging.appnotification",
    "pk": 93,
    "fields": {
        "created_at": "2026-06-12T17:19:22.670Z",
        "updated_at": "2026-06-12T17:19:22.670Z",
        "is_active": true,
        "user": 6,
        "notification_type": "SYSTEM",
        "title": "[Info] SO-2026-004 — Delivered",
        "body": "Sales order update: Delivered.  View delivery details in Logistics.",
        "icon": "info",
        "color": "gray",
        "reference_type": "sales_order",
        "reference_id": 4,
        "navigate_to": "/logistics/sales-queue",
        "is_read": false
    }
},
{
    "model": "messaging.appnotification",
    "pk": 94,
    "fields": {
        "created_at": "2026-06-12T17:19:22.672Z",
        "updated_at": "2026-06-12T17:19:22.672Z",
        "is_active": true,
        "user": 3,
        "notification_type": "SYSTEM",
        "title": "[Info] SO-2026-004 — Delivered",
        "body": "Sales order update: Delivered.  View delivery details in Logistics.",
        "icon": "info",
        "color": "gray",
        "reference_type": "sales_order",
        "reference_id": 4,
        "navigate_to": "/logistics/sales-queue",
        "is_read": false
    }
},
{
    "model": "messaging.appnotification",
    "pk": 95,
    "fields": {
        "created_at": "2026-06-12T17:19:35.228Z",
        "updated_at": "2026-06-12T17:19:35.228Z",
        "is_active": true,
        "user": 1,
        "notification_type": "ALERT",
        "title": "[Logistics] SO-2026-004 — Logistics Confirmed",
        "body": "Delivery Confirmed. Customer: A-class Marble ltd. Destination: morogor, ulanga-mahenge.",
        "icon": "truck",
        "color": "orange",
        "reference_type": "sales_order",
        "reference_id": 4,
        "navigate_to": "/sales/orders/4/view",
        "is_read": false
    }
},
{
    "model": "messaging.appnotification",
    "pk": 96,
    "fields": {
        "created_at": "2026-06-12T17:19:35.230Z",
        "updated_at": "2026-06-12T17:19:35.230Z",
        "is_active": true,
        "user": 6,
        "notification_type": "ALERT",
        "title": "[Logistics] SO-2026-004 — Logistics Confirmed",
        "body": "Delivery Confirmed. Customer: A-class Marble ltd. Destination: morogor, ulanga-mahenge.",
        "icon": "truck",
        "color": "orange",
        "reference_type": "sales_order",
        "reference_id": 4,
        "navigate_to": "/sales/orders/4/view",
        "is_read": false
    }
},
{
    "model": "messaging.appnotification",
    "pk": 97,
    "fields": {
        "created_at": "2026-06-12T17:19:35.240Z",
        "updated_at": "2026-06-12T17:19:35.240Z",
        "is_active": true,
        "user": 3,
        "notification_type": "ALERT",
        "title": "[Logistics] SO-2026-004 — Logistics Confirmed",
        "body": "Delivery Confirmed. Customer: A-class Marble ltd. Destination: morogor, ulanga-mahenge.",
        "icon": "truck",
        "color": "orange",
        "reference_type": "sales_order",
        "reference_id": 4,
        "navigate_to": "/sales/orders/4/view",
        "is_read": false
    }
},
{
    "model": "messaging.appnotification",
    "pk": 98,
    "fields": {
        "created_at": "2026-06-12T17:19:35.244Z",
        "updated_at": "2026-06-12T17:19:35.244Z",
        "is_active": true,
        "user": 1,
        "notification_type": "SYSTEM",
        "title": "[Info] SO-2026-004 — Delivery Confirmed",
        "body": "Sales order update: Logistics Confirmed.  View delivery details in Logistics.",
        "icon": "info",
        "color": "gray",
        "reference_type": "sales_order",
        "reference_id": 4,
        "navigate_to": "/sales/orders/4/view",
        "is_read": false
    }
},
{
    "model": "messaging.appnotification",
    "pk": 99,
    "fields": {
        "created_at": "2026-06-12T17:19:35.244Z",
        "updated_at": "2026-06-12T17:19:35.244Z",
        "is_active": true,
        "user": 6,
        "notification_type": "SYSTEM",
        "title": "[Info] SO-2026-004 — Delivery Confirmed",
        "body": "Sales order update: Logistics Confirmed.  View delivery details in Logistics.",
        "icon": "info",
        "color": "gray",
        "reference_type": "sales_order",
        "reference_id": 4,
        "navigate_to": "/sales/orders/4/view",
        "is_read": false
    }
},
{
    "model": "messaging.appnotification",
    "pk": 100,
    "fields": {
        "created_at": "2026-06-12T17:19:35.245Z",
        "updated_at": "2026-06-12T17:19:35.245Z",
        "is_active": true,
        "user": 3,
        "notification_type": "SYSTEM",
        "title": "[Info] SO-2026-004 — Delivery Confirmed",
        "body": "Sales order update: Logistics Confirmed.  View delivery details in Logistics.",
        "icon": "info",
        "color": "gray",
        "reference_type": "sales_order",
        "reference_id": 4,
        "navigate_to": "/sales/orders/4/view",
        "is_read": false
    }
},
{
    "model": "messaging.appnotification",
    "pk": 101,
    "fields": {
        "created_at": "2026-06-12T17:24:35.513Z",
        "updated_at": "2026-06-12T17:24:35.513Z",
        "is_active": true,
        "user": 1,
        "notification_type": "ALERT",
        "title": "[Logistics] SO-2026-003 — Delivery Method Set",
        "body": "Ready for Delivery. Customer: Geita Gold Mining Ltd. Destination: Geita Gold Mine, Geita Region. COMPANY",
        "icon": "truck",
        "color": "orange",
        "reference_type": "sales_order",
        "reference_id": 3,
        "navigate_to": "/logistics/sales-queue",
        "is_read": false
    }
},
{
    "model": "messaging.appnotification",
    "pk": 102,
    "fields": {
        "created_at": "2026-06-12T17:24:35.549Z",
        "updated_at": "2026-06-12T17:24:35.549Z",
        "is_active": true,
        "user": 6,
        "notification_type": "ALERT",
        "title": "[Logistics] SO-2026-003 — Delivery Method Set",
        "body": "Ready for Delivery. Customer: Geita Gold Mining Ltd. Destination: Geita Gold Mine, Geita Region. COMPANY",
        "icon": "truck",
        "color": "orange",
        "reference_type": "sales_order",
        "reference_id": 3,
        "navigate_to": "/logistics/sales-queue",
        "is_read": false
    }
},
{
    "model": "messaging.appnotification",
    "pk": 103,
    "fields": {
        "created_at": "2026-06-12T17:24:35.551Z",
        "updated_at": "2026-06-12T17:24:35.551Z",
        "is_active": true,
        "user": 3,
        "notification_type": "ALERT",
        "title": "[Logistics] SO-2026-003 — Delivery Method Set",
        "body": "Ready for Delivery. Customer: Geita Gold Mining Ltd. Destination: Geita Gold Mine, Geita Region. COMPANY",
        "icon": "truck",
        "color": "orange",
        "reference_type": "sales_order",
        "reference_id": 3,
        "navigate_to": "/logistics/sales-queue",
        "is_read": false
    }
},
{
    "model": "messaging.appnotification",
    "pk": 104,
    "fields": {
        "created_at": "2026-06-12T17:24:35.558Z",
        "updated_at": "2026-06-12T17:24:35.558Z",
        "is_active": true,
        "user": 1,
        "notification_type": "SYSTEM",
        "title": "[Info] SO-2026-003 — Ready for Delivery",
        "body": "Sales order update: Delivery Method Set. COMPANY View delivery details in Logistics.",
        "icon": "info",
        "color": "gray",
        "reference_type": "sales_order",
        "reference_id": 3,
        "navigate_to": "/logistics/sales-queue",
        "is_read": false
    }
},
{
    "model": "messaging.appnotification",
    "pk": 105,
    "fields": {
        "created_at": "2026-06-12T17:24:35.559Z",
        "updated_at": "2026-06-12T17:24:35.559Z",
        "is_active": true,
        "user": 6,
        "notification_type": "SYSTEM",
        "title": "[Info] SO-2026-003 — Ready for Delivery",
        "body": "Sales order update: Delivery Method Set. COMPANY View delivery details in Logistics.",
        "icon": "info",
        "color": "gray",
        "reference_type": "sales_order",
        "reference_id": 3,
        "navigate_to": "/logistics/sales-queue",
        "is_read": false
    }
},
{
    "model": "messaging.appnotification",
    "pk": 106,
    "fields": {
        "created_at": "2026-06-12T17:24:35.561Z",
        "updated_at": "2026-06-12T17:24:35.561Z",
        "is_active": true,
        "user": 3,
        "notification_type": "SYSTEM",
        "title": "[Info] SO-2026-003 — Ready for Delivery",
        "body": "Sales order update: Delivery Method Set. COMPANY View delivery details in Logistics.",
        "icon": "info",
        "color": "gray",
        "reference_type": "sales_order",
        "reference_id": 3,
        "navigate_to": "/logistics/sales-queue",
        "is_read": false
    }
},
{
    "model": "messaging.appnotification",
    "pk": 107,
    "fields": {
        "created_at": "2026-06-12T17:25:59.507Z",
        "updated_at": "2026-06-12T17:25:59.508Z",
        "is_active": true,
        "user": 1,
        "notification_type": "ALERT",
        "title": "[Logistics] SO-2026-003 — Vehicle Assigned",
        "body": "Company Vehicle Assigned. Customer: Geita Gold Mining Ltd. Destination: Geita Gold Mine, Geita Region. T 123 ABC / James Mollel",
        "icon": "truck",
        "color": "orange",
        "reference_type": "sales_order",
        "reference_id": 3,
        "navigate_to": "/logistics/sales-queue",
        "is_read": false
    }
},
{
    "model": "messaging.appnotification",
    "pk": 108,
    "fields": {
        "created_at": "2026-06-12T17:25:59.511Z",
        "updated_at": "2026-06-12T17:25:59.511Z",
        "is_active": true,
        "user": 6,
        "notification_type": "ALERT",
        "title": "[Logistics] SO-2026-003 — Vehicle Assigned",
        "body": "Company Vehicle Assigned. Customer: Geita Gold Mining Ltd. Destination: Geita Gold Mine, Geita Region. T 123 ABC / James Mollel",
        "icon": "truck",
        "color": "orange",
        "reference_type": "sales_order",
        "reference_id": 3,
        "navigate_to": "/logistics/sales-queue",
        "is_read": false
    }
},
{
    "model": "messaging.appnotification",
    "pk": 109,
    "fields": {
        "created_at": "2026-06-12T17:25:59.512Z",
        "updated_at": "2026-06-12T17:25:59.512Z",
        "is_active": true,
        "user": 3,
        "notification_type": "ALERT",
        "title": "[Logistics] SO-2026-003 — Vehicle Assigned",
        "body": "Company Vehicle Assigned. Customer: Geita Gold Mining Ltd. Destination: Geita Gold Mine, Geita Region. T 123 ABC / James Mollel",
        "icon": "truck",
        "color": "orange",
        "reference_type": "sales_order",
        "reference_id": 3,
        "navigate_to": "/logistics/sales-queue",
        "is_read": false
    }
},
{
    "model": "messaging.appnotification",
    "pk": 110,
    "fields": {
        "created_at": "2026-06-12T17:25:59.519Z",
        "updated_at": "2026-06-12T17:25:59.519Z",
        "is_active": true,
        "user": 1,
        "notification_type": "SYSTEM",
        "title": "[Info] SO-2026-003 — Company Vehicle Assigned",
        "body": "Sales order update: Vehicle Assigned. T 123 ABC / James Mollel View delivery details in Logistics.",
        "icon": "info",
        "color": "gray",
        "reference_type": "sales_order",
        "reference_id": 3,
        "navigate_to": "/logistics/sales-queue",
        "is_read": false
    }
},
{
    "model": "messaging.appnotification",
    "pk": 111,
    "fields": {
        "created_at": "2026-06-12T17:25:59.520Z",
        "updated_at": "2026-06-12T17:25:59.520Z",
        "is_active": true,
        "user": 6,
        "notification_type": "SYSTEM",
        "title": "[Info] SO-2026-003 — Company Vehicle Assigned",
        "body": "Sales order update: Vehicle Assigned. T 123 ABC / James Mollel View delivery details in Logistics.",
        "icon": "info",
        "color": "gray",
        "reference_type": "sales_order",
        "reference_id": 3,
        "navigate_to": "/logistics/sales-queue",
        "is_read": false
    }
},
{
    "model": "messaging.appnotification",
    "pk": 112,
    "fields": {
        "created_at": "2026-06-12T17:25:59.521Z",
        "updated_at": "2026-06-12T17:25:59.521Z",
        "is_active": true,
        "user": 3,
        "notification_type": "SYSTEM",
        "title": "[Info] SO-2026-003 — Company Vehicle Assigned",
        "body": "Sales order update: Vehicle Assigned. T 123 ABC / James Mollel View delivery details in Logistics.",
        "icon": "info",
        "color": "gray",
        "reference_type": "sales_order",
        "reference_id": 3,
        "navigate_to": "/logistics/sales-queue",
        "is_read": false
    }
},
{
    "model": "messaging.appnotification",
    "pk": 113,
    "fields": {
        "created_at": "2026-06-12T20:20:01.874Z",
        "updated_at": "2026-06-12T20:20:01.874Z",
        "is_active": true,
        "user": 1,
        "notification_type": "ALERT",
        "title": "New order SO-2026-007",
        "body": "Customer Kahama Mining Corporation submitted order for review.",
        "icon": "bell",
        "color": "blue",
        "reference_type": "sales_order",
        "reference_id": 7,
        "navigate_to": "/sales/orders/7/view",
        "is_read": false
    }
},
{
    "model": "messaging.appnotification",
    "pk": 114,
    "fields": {
        "created_at": "2026-06-12T20:20:01.877Z",
        "updated_at": "2026-06-12T20:20:01.877Z",
        "is_active": true,
        "user": 5,
        "notification_type": "ALERT",
        "title": "New order SO-2026-007",
        "body": "Customer Kahama Mining Corporation submitted order for review.",
        "icon": "bell",
        "color": "blue",
        "reference_type": "sales_order",
        "reference_id": 7,
        "navigate_to": "/sales/orders/7/view",
        "is_read": false
    }
},
{
    "model": "messaging.appnotification",
    "pk": 115,
    "fields": {
        "created_at": "2026-06-12T20:20:29.001Z",
        "updated_at": "2026-06-12T20:20:29.001Z",
        "is_active": true,
        "user": 1,
        "notification_type": "ALERT",
        "title": "[Logistics] SO-2026-007 — Sent to Logistics for Delivery Cost",
        "body": "Delivery Cost Calculation. Customer: Kahama Mining Corporation. Destination: kahama. Sales requested delivery cost calculation.",
        "icon": "truck",
        "color": "orange",
        "reference_type": "sales_order",
        "reference_id": 7,
        "navigate_to": "/logistics/sales-queue",
        "is_read": false
    }
},
{
    "model": "messaging.appnotification",
    "pk": 116,
    "fields": {
        "created_at": "2026-06-12T20:20:29.004Z",
        "updated_at": "2026-06-12T20:20:29.004Z",
        "is_active": true,
        "user": 6,
        "notification_type": "ALERT",
        "title": "[Logistics] SO-2026-007 — Sent to Logistics for Delivery Cost",
        "body": "Delivery Cost Calculation. Customer: Kahama Mining Corporation. Destination: kahama. Sales requested delivery cost calculation.",
        "icon": "truck",
        "color": "orange",
        "reference_type": "sales_order",
        "reference_id": 7,
        "navigate_to": "/logistics/sales-queue",
        "is_read": false
    }
},
{
    "model": "messaging.appnotification",
    "pk": 117,
    "fields": {
        "created_at": "2026-06-12T20:20:29.004Z",
        "updated_at": "2026-06-12T20:20:29.004Z",
        "is_active": true,
        "user": 3,
        "notification_type": "ALERT",
        "title": "[Logistics] SO-2026-007 — Sent to Logistics for Delivery Cost",
        "body": "Delivery Cost Calculation. Customer: Kahama Mining Corporation. Destination: kahama. Sales requested delivery cost calculation.",
        "icon": "truck",
        "color": "orange",
        "reference_type": "sales_order",
        "reference_id": 7,
        "navigate_to": "/logistics/sales-queue",
        "is_read": false
    }
},
{
    "model": "messaging.appnotification",
    "pk": 118,
    "fields": {
        "created_at": "2026-06-12T20:20:29.007Z",
        "updated_at": "2026-06-12T20:20:29.007Z",
        "is_active": true,
        "user": 1,
        "notification_type": "SYSTEM",
        "title": "[Info] SO-2026-007 — Delivery Cost Calculation",
        "body": "Sales order update: Sent to Logistics for Delivery Cost. Sales requested delivery cost calculation. View delivery details in Logistics.",
        "icon": "info",
        "color": "gray",
        "reference_type": "sales_order",
        "reference_id": 7,
        "navigate_to": "/logistics/sales-queue",
        "is_read": false
    }
},
{
    "model": "messaging.appnotification",
    "pk": 119,
    "fields": {
        "created_at": "2026-06-12T20:20:29.008Z",
        "updated_at": "2026-06-12T20:20:29.008Z",
        "is_active": true,
        "user": 6,
        "notification_type": "SYSTEM",
        "title": "[Info] SO-2026-007 — Delivery Cost Calculation",
        "body": "Sales order update: Sent to Logistics for Delivery Cost. Sales requested delivery cost calculation. View delivery details in Logistics.",
        "icon": "info",
        "color": "gray",
        "reference_type": "sales_order",
        "reference_id": 7,
        "navigate_to": "/logistics/sales-queue",
        "is_read": false
    }
},
{
    "model": "messaging.appnotification",
    "pk": 120,
    "fields": {
        "created_at": "2026-06-12T20:20:29.008Z",
        "updated_at": "2026-06-12T20:20:29.008Z",
        "is_active": true,
        "user": 3,
        "notification_type": "SYSTEM",
        "title": "[Info] SO-2026-007 — Delivery Cost Calculation",
        "body": "Sales order update: Sent to Logistics for Delivery Cost. Sales requested delivery cost calculation. View delivery details in Logistics.",
        "icon": "info",
        "color": "gray",
        "reference_type": "sales_order",
        "reference_id": 7,
        "navigate_to": "/logistics/sales-queue",
        "is_read": false
    }
},
{
    "model": "messaging.appnotification",
    "pk": 121,
    "fields": {
        "created_at": "2026-06-12T20:28:21.768Z",
        "updated_at": "2026-06-12T20:28:21.768Z",
        "is_active": true,
        "user": 1,
        "notification_type": "ALERT",
        "title": "SO-2026-007 — Delivery Cost Ready",
        "body": "Logistics calculated delivery cost: 800000.00 TZS. Distance: 250.00 km. You can now send the quotation to the customer.",
        "icon": "check-circle",
        "color": "green",
        "reference_type": "sales_order",
        "reference_id": 7,
        "navigate_to": "/sales/orders/7/view",
        "is_read": false
    }
},
{
    "model": "messaging.appnotification",
    "pk": 122,
    "fields": {
        "created_at": "2026-06-12T20:28:21.773Z",
        "updated_at": "2026-06-12T20:28:21.773Z",
        "is_active": true,
        "user": 5,
        "notification_type": "ALERT",
        "title": "SO-2026-007 — Delivery Cost Ready",
        "body": "Logistics calculated delivery cost: 800000.00 TZS. Distance: 250.00 km. You can now send the quotation to the customer.",
        "icon": "check-circle",
        "color": "green",
        "reference_type": "sales_order",
        "reference_id": 7,
        "navigate_to": "/sales/orders/7/view",
        "is_read": false
    }
},
{
    "model": "messaging.appnotification",
    "pk": 123,
    "fields": {
        "created_at": "2026-06-12T20:28:21.784Z",
        "updated_at": "2026-06-12T20:28:21.784Z",
        "is_active": true,
        "user": 1,
        "notification_type": "SYSTEM",
        "title": "[Info] SO-2026-007 — SO-2026-007 — Delivery Cost Ready",
        "body": "Logistics calculated delivery cost: 800000.00 TZS. Distance: 250.00 km. You can now send the quotation to the customer.",
        "icon": "info",
        "color": "gray",
        "reference_type": "sales_order",
        "reference_id": 7,
        "navigate_to": "/sales/orders/7/view",
        "is_read": false
    }
},
{
    "model": "messaging.appnotification",
    "pk": 124,
    "fields": {
        "created_at": "2026-06-12T20:28:21.786Z",
        "updated_at": "2026-06-12T20:28:21.786Z",
        "is_active": true,
        "user": 5,
        "notification_type": "SYSTEM",
        "title": "[Info] SO-2026-007 — SO-2026-007 — Delivery Cost Ready",
        "body": "Logistics calculated delivery cost: 800000.00 TZS. Distance: 250.00 km. You can now send the quotation to the customer.",
        "icon": "info",
        "color": "gray",
        "reference_type": "sales_order",
        "reference_id": 7,
        "navigate_to": "/sales/orders/7/view",
        "is_read": false
    }
},
{
    "model": "messaging.appnotification",
    "pk": 125,
    "fields": {
        "created_at": "2026-06-12T21:10:58.474Z",
        "updated_at": "2026-06-12T21:10:58.474Z",
        "is_active": true,
        "user": 1,
        "notification_type": "ALERT",
        "title": "Payment proof for SO-2026-007",
        "body": "Amount 11420000.00 — verify payment reference 434536.",
        "icon": "bell",
        "color": "blue",
        "reference_type": "sales_order",
        "reference_id": 7,
        "navigate_to": "/sales/orders/7/view",
        "is_read": false
    }
},
{
    "model": "messaging.appnotification",
    "pk": 126,
    "fields": {
        "created_at": "2026-06-12T21:11:11.316Z",
        "updated_at": "2026-06-12T21:11:11.316Z",
        "is_active": true,
        "user": 1,
        "notification_type": "ALERT",
        "title": "[Logistics] SO-2026-007 — Payment Confirmed — Plan Delivery",
        "body": "Payment Confirmed. Customer: Kahama Mining Corporation. Destination: kahama. Customer payment verified. Set delivery method and schedule dispatch.",
        "icon": "truck",
        "color": "orange",
        "reference_type": "sales_order",
        "reference_id": 7,
        "navigate_to": "/logistics/sales-queue",
        "is_read": false
    }
},
{
    "model": "messaging.appnotification",
    "pk": 127,
    "fields": {
        "created_at": "2026-06-12T21:11:11.318Z",
        "updated_at": "2026-06-12T21:11:11.318Z",
        "is_active": true,
        "user": 6,
        "notification_type": "ALERT",
        "title": "[Logistics] SO-2026-007 — Payment Confirmed — Plan Delivery",
        "body": "Payment Confirmed. Customer: Kahama Mining Corporation. Destination: kahama. Customer payment verified. Set delivery method and schedule dispatch.",
        "icon": "truck",
        "color": "orange",
        "reference_type": "sales_order",
        "reference_id": 7,
        "navigate_to": "/logistics/sales-queue",
        "is_read": false
    }
},
{
    "model": "messaging.appnotification",
    "pk": 128,
    "fields": {
        "created_at": "2026-06-12T21:11:11.319Z",
        "updated_at": "2026-06-12T21:11:11.319Z",
        "is_active": true,
        "user": 3,
        "notification_type": "ALERT",
        "title": "[Logistics] SO-2026-007 — Payment Confirmed — Plan Delivery",
        "body": "Payment Confirmed. Customer: Kahama Mining Corporation. Destination: kahama. Customer payment verified. Set delivery method and schedule dispatch.",
        "icon": "truck",
        "color": "orange",
        "reference_type": "sales_order",
        "reference_id": 7,
        "navigate_to": "/logistics/sales-queue",
        "is_read": false
    }
},
{
    "model": "messaging.appnotification",
    "pk": 129,
    "fields": {
        "created_at": "2026-06-12T21:11:11.321Z",
        "updated_at": "2026-06-12T21:11:11.321Z",
        "is_active": true,
        "user": 1,
        "notification_type": "SYSTEM",
        "title": "[Info] SO-2026-007 — Payment Confirmed",
        "body": "Sales order update: Payment Confirmed — Plan Delivery. Customer payment verified. Set delivery method and schedule dispatch. View delivery details in Logistics.",
        "icon": "info",
        "color": "gray",
        "reference_type": "sales_order",
        "reference_id": 7,
        "navigate_to": "/logistics/sales-queue",
        "is_read": false
    }
},
{
    "model": "messaging.appnotification",
    "pk": 130,
    "fields": {
        "created_at": "2026-06-12T21:11:11.322Z",
        "updated_at": "2026-06-12T21:11:11.322Z",
        "is_active": true,
        "user": 6,
        "notification_type": "SYSTEM",
        "title": "[Info] SO-2026-007 — Payment Confirmed",
        "body": "Sales order update: Payment Confirmed — Plan Delivery. Customer payment verified. Set delivery method and schedule dispatch. View delivery details in Logistics.",
        "icon": "info",
        "color": "gray",
        "reference_type": "sales_order",
        "reference_id": 7,
        "navigate_to": "/logistics/sales-queue",
        "is_read": false
    }
},
{
    "model": "messaging.appnotification",
    "pk": 131,
    "fields": {
        "created_at": "2026-06-12T21:11:11.323Z",
        "updated_at": "2026-06-12T21:11:11.323Z",
        "is_active": true,
        "user": 3,
        "notification_type": "SYSTEM",
        "title": "[Info] SO-2026-007 — Payment Confirmed",
        "body": "Sales order update: Payment Confirmed — Plan Delivery. Customer payment verified. Set delivery method and schedule dispatch. View delivery details in Logistics.",
        "icon": "info",
        "color": "gray",
        "reference_type": "sales_order",
        "reference_id": 7,
        "navigate_to": "/logistics/sales-queue",
        "is_read": false
    }
},
{
    "model": "messaging.appnotification",
    "pk": 132,
    "fields": {
        "created_at": "2026-06-12T21:11:58.248Z",
        "updated_at": "2026-06-12T21:11:58.248Z",
        "is_active": true,
        "user": 1,
        "notification_type": "ALERT",
        "title": "[Logistics] SO-2026-007 — Delivery Method Set",
        "body": "Ready for Delivery. Customer: Kahama Mining Corporation. Destination: kahama. COMPANY",
        "icon": "truck",
        "color": "orange",
        "reference_type": "sales_order",
        "reference_id": 7,
        "navigate_to": "/logistics/sales-queue",
        "is_read": false
    }
},
{
    "model": "messaging.appnotification",
    "pk": 133,
    "fields": {
        "created_at": "2026-06-12T21:11:58.250Z",
        "updated_at": "2026-06-12T21:11:58.250Z",
        "is_active": true,
        "user": 6,
        "notification_type": "ALERT",
        "title": "[Logistics] SO-2026-007 — Delivery Method Set",
        "body": "Ready for Delivery. Customer: Kahama Mining Corporation. Destination: kahama. COMPANY",
        "icon": "truck",
        "color": "orange",
        "reference_type": "sales_order",
        "reference_id": 7,
        "navigate_to": "/logistics/sales-queue",
        "is_read": false
    }
},
{
    "model": "messaging.appnotification",
    "pk": 134,
    "fields": {
        "created_at": "2026-06-12T21:11:58.252Z",
        "updated_at": "2026-06-12T21:11:58.252Z",
        "is_active": true,
        "user": 3,
        "notification_type": "ALERT",
        "title": "[Logistics] SO-2026-007 — Delivery Method Set",
        "body": "Ready for Delivery. Customer: Kahama Mining Corporation. Destination: kahama. COMPANY",
        "icon": "truck",
        "color": "orange",
        "reference_type": "sales_order",
        "reference_id": 7,
        "navigate_to": "/logistics/sales-queue",
        "is_read": false
    }
},
{
    "model": "messaging.appnotification",
    "pk": 135,
    "fields": {
        "created_at": "2026-06-12T21:11:58.257Z",
        "updated_at": "2026-06-12T21:11:58.257Z",
        "is_active": true,
        "user": 1,
        "notification_type": "SYSTEM",
        "title": "[Info] SO-2026-007 — Ready for Delivery",
        "body": "Sales order update: Delivery Method Set. COMPANY View delivery details in Logistics.",
        "icon": "info",
        "color": "gray",
        "reference_type": "sales_order",
        "reference_id": 7,
        "navigate_to": "/logistics/sales-queue",
        "is_read": false
    }
},
{
    "model": "messaging.appnotification",
    "pk": 136,
    "fields": {
        "created_at": "2026-06-12T21:11:58.258Z",
        "updated_at": "2026-06-12T21:11:58.258Z",
        "is_active": true,
        "user": 6,
        "notification_type": "SYSTEM",
        "title": "[Info] SO-2026-007 — Ready for Delivery",
        "body": "Sales order update: Delivery Method Set. COMPANY View delivery details in Logistics.",
        "icon": "info",
        "color": "gray",
        "reference_type": "sales_order",
        "reference_id": 7,
        "navigate_to": "/logistics/sales-queue",
        "is_read": false
    }
},
{
    "model": "messaging.appnotification",
    "pk": 137,
    "fields": {
        "created_at": "2026-06-12T21:11:58.259Z",
        "updated_at": "2026-06-12T21:11:58.259Z",
        "is_active": true,
        "user": 3,
        "notification_type": "SYSTEM",
        "title": "[Info] SO-2026-007 — Ready for Delivery",
        "body": "Sales order update: Delivery Method Set. COMPANY View delivery details in Logistics.",
        "icon": "info",
        "color": "gray",
        "reference_type": "sales_order",
        "reference_id": 7,
        "navigate_to": "/logistics/sales-queue",
        "is_read": false
    }
},
{
    "model": "messaging.appnotification",
    "pk": 138,
    "fields": {
        "created_at": "2026-06-12T21:12:11.401Z",
        "updated_at": "2026-06-12T21:12:11.401Z",
        "is_active": true,
        "user": 1,
        "notification_type": "ALERT",
        "title": "[Logistics] SO-2026-007 — Vehicle Assigned",
        "body": "Company Vehicle Assigned. Customer: Kahama Mining Corporation. Destination: kahama. T 123 ABC / James Mollel",
        "icon": "truck",
        "color": "orange",
        "reference_type": "sales_order",
        "reference_id": 7,
        "navigate_to": "/logistics/sales-queue",
        "is_read": false
    }
},
{
    "model": "messaging.appnotification",
    "pk": 139,
    "fields": {
        "created_at": "2026-06-12T21:12:11.403Z",
        "updated_at": "2026-06-12T21:12:11.403Z",
        "is_active": true,
        "user": 6,
        "notification_type": "ALERT",
        "title": "[Logistics] SO-2026-007 — Vehicle Assigned",
        "body": "Company Vehicle Assigned. Customer: Kahama Mining Corporation. Destination: kahama. T 123 ABC / James Mollel",
        "icon": "truck",
        "color": "orange",
        "reference_type": "sales_order",
        "reference_id": 7,
        "navigate_to": "/logistics/sales-queue",
        "is_read": false
    }
},
{
    "model": "messaging.appnotification",
    "pk": 140,
    "fields": {
        "created_at": "2026-06-12T21:12:11.403Z",
        "updated_at": "2026-06-12T21:12:11.403Z",
        "is_active": true,
        "user": 3,
        "notification_type": "ALERT",
        "title": "[Logistics] SO-2026-007 — Vehicle Assigned",
        "body": "Company Vehicle Assigned. Customer: Kahama Mining Corporation. Destination: kahama. T 123 ABC / James Mollel",
        "icon": "truck",
        "color": "orange",
        "reference_type": "sales_order",
        "reference_id": 7,
        "navigate_to": "/logistics/sales-queue",
        "is_read": false
    }
},
{
    "model": "messaging.appnotification",
    "pk": 141,
    "fields": {
        "created_at": "2026-06-12T21:12:11.408Z",
        "updated_at": "2026-06-12T21:12:11.408Z",
        "is_active": true,
        "user": 1,
        "notification_type": "SYSTEM",
        "title": "[Info] SO-2026-007 — Company Vehicle Assigned",
        "body": "Sales order update: Vehicle Assigned. T 123 ABC / James Mollel View delivery details in Logistics.",
        "icon": "info",
        "color": "gray",
        "reference_type": "sales_order",
        "reference_id": 7,
        "navigate_to": "/logistics/sales-queue",
        "is_read": false
    }
},
{
    "model": "messaging.appnotification",
    "pk": 142,
    "fields": {
        "created_at": "2026-06-12T21:12:11.409Z",
        "updated_at": "2026-06-12T21:12:11.409Z",
        "is_active": true,
        "user": 6,
        "notification_type": "SYSTEM",
        "title": "[Info] SO-2026-007 — Company Vehicle Assigned",
        "body": "Sales order update: Vehicle Assigned. T 123 ABC / James Mollel View delivery details in Logistics.",
        "icon": "info",
        "color": "gray",
        "reference_type": "sales_order",
        "reference_id": 7,
        "navigate_to": "/logistics/sales-queue",
        "is_read": false
    }
},
{
    "model": "messaging.appnotification",
    "pk": 143,
    "fields": {
        "created_at": "2026-06-12T21:12:11.410Z",
        "updated_at": "2026-06-12T21:12:11.410Z",
        "is_active": true,
        "user": 3,
        "notification_type": "SYSTEM",
        "title": "[Info] SO-2026-007 — Company Vehicle Assigned",
        "body": "Sales order update: Vehicle Assigned. T 123 ABC / James Mollel View delivery details in Logistics.",
        "icon": "info",
        "color": "gray",
        "reference_type": "sales_order",
        "reference_id": 7,
        "navigate_to": "/logistics/sales-queue",
        "is_read": false
    }
},
{
    "model": "messaging.appnotification",
    "pk": 144,
    "fields": {
        "created_at": "2026-06-12T21:12:46.649Z",
        "updated_at": "2026-06-12T21:12:46.649Z",
        "is_active": true,
        "user": 1,
        "notification_type": "ALERT",
        "title": "[Logistics] SO-2026-007 — Dispatched",
        "body": "Dispatched. Customer: Kahama Mining Corporation. Destination: kahama. Stock released",
        "icon": "truck",
        "color": "orange",
        "reference_type": "sales_order",
        "reference_id": 7,
        "navigate_to": "/logistics/sales-queue",
        "is_read": false
    }
},
{
    "model": "messaging.appnotification",
    "pk": 145,
    "fields": {
        "created_at": "2026-06-12T21:12:46.660Z",
        "updated_at": "2026-06-12T21:12:46.660Z",
        "is_active": true,
        "user": 6,
        "notification_type": "ALERT",
        "title": "[Logistics] SO-2026-007 — Dispatched",
        "body": "Dispatched. Customer: Kahama Mining Corporation. Destination: kahama. Stock released",
        "icon": "truck",
        "color": "orange",
        "reference_type": "sales_order",
        "reference_id": 7,
        "navigate_to": "/logistics/sales-queue",
        "is_read": false
    }
},
{
    "model": "messaging.appnotification",
    "pk": 146,
    "fields": {
        "created_at": "2026-06-12T21:12:46.661Z",
        "updated_at": "2026-06-12T21:12:46.661Z",
        "is_active": true,
        "user": 3,
        "notification_type": "ALERT",
        "title": "[Logistics] SO-2026-007 — Dispatched",
        "body": "Dispatched. Customer: Kahama Mining Corporation. Destination: kahama. Stock released",
        "icon": "truck",
        "color": "orange",
        "reference_type": "sales_order",
        "reference_id": 7,
        "navigate_to": "/logistics/sales-queue",
        "is_read": false
    }
},
{
    "model": "messaging.appnotification",
    "pk": 147,
    "fields": {
        "created_at": "2026-06-12T21:12:46.664Z",
        "updated_at": "2026-06-12T21:12:46.664Z",
        "is_active": true,
        "user": 1,
        "notification_type": "SYSTEM",
        "title": "[Info] SO-2026-007 — Dispatched",
        "body": "Sales order update: Dispatched. Stock released View delivery details in Logistics.",
        "icon": "info",
        "color": "gray",
        "reference_type": "sales_order",
        "reference_id": 7,
        "navigate_to": "/logistics/sales-queue",
        "is_read": false
    }
},
{
    "model": "messaging.appnotification",
    "pk": 148,
    "fields": {
        "created_at": "2026-06-12T21:12:46.664Z",
        "updated_at": "2026-06-12T21:12:46.664Z",
        "is_active": true,
        "user": 6,
        "notification_type": "SYSTEM",
        "title": "[Info] SO-2026-007 — Dispatched",
        "body": "Sales order update: Dispatched. Stock released View delivery details in Logistics.",
        "icon": "info",
        "color": "gray",
        "reference_type": "sales_order",
        "reference_id": 7,
        "navigate_to": "/logistics/sales-queue",
        "is_read": false
    }
},
{
    "model": "messaging.appnotification",
    "pk": 149,
    "fields": {
        "created_at": "2026-06-12T21:12:46.666Z",
        "updated_at": "2026-06-12T21:12:46.666Z",
        "is_active": true,
        "user": 3,
        "notification_type": "SYSTEM",
        "title": "[Info] SO-2026-007 — Dispatched",
        "body": "Sales order update: Dispatched. Stock released View delivery details in Logistics.",
        "icon": "info",
        "color": "gray",
        "reference_type": "sales_order",
        "reference_id": 7,
        "navigate_to": "/logistics/sales-queue",
        "is_read": false
    }
},
{
    "model": "messaging.appnotification",
    "pk": 150,
    "fields": {
        "created_at": "2026-06-12T21:12:46.689Z",
        "updated_at": "2026-06-12T21:12:46.689Z",
        "is_active": true,
        "user": 1,
        "notification_type": "APPROVAL",
        "title": "[Logistics] SO-2026-007 — In Transit",
        "body": "In Transit. Customer: Kahama Mining Corporation. Destination: kahama.",
        "icon": "info",
        "color": "blue",
        "reference_type": "sales_order",
        "reference_id": 7,
        "navigate_to": "/logistics/sales-queue",
        "is_read": false
    }
},
{
    "model": "messaging.appnotification",
    "pk": 151,
    "fields": {
        "created_at": "2026-06-12T21:12:46.690Z",
        "updated_at": "2026-06-12T21:12:46.690Z",
        "is_active": true,
        "user": 6,
        "notification_type": "APPROVAL",
        "title": "[Logistics] SO-2026-007 — In Transit",
        "body": "In Transit. Customer: Kahama Mining Corporation. Destination: kahama.",
        "icon": "info",
        "color": "blue",
        "reference_type": "sales_order",
        "reference_id": 7,
        "navigate_to": "/logistics/sales-queue",
        "is_read": false
    }
},
{
    "model": "messaging.appnotification",
    "pk": 152,
    "fields": {
        "created_at": "2026-06-12T21:12:46.691Z",
        "updated_at": "2026-06-12T21:12:46.691Z",
        "is_active": true,
        "user": 3,
        "notification_type": "APPROVAL",
        "title": "[Logistics] SO-2026-007 — In Transit",
        "body": "In Transit. Customer: Kahama Mining Corporation. Destination: kahama.",
        "icon": "info",
        "color": "blue",
        "reference_type": "sales_order",
        "reference_id": 7,
        "navigate_to": "/logistics/sales-queue",
        "is_read": false
    }
},
{
    "model": "messaging.appnotification",
    "pk": 153,
    "fields": {
        "created_at": "2026-06-12T21:12:46.694Z",
        "updated_at": "2026-06-12T21:12:46.694Z",
        "is_active": true,
        "user": 1,
        "notification_type": "SYSTEM",
        "title": "[Info] SO-2026-007 — In Transit",
        "body": "Sales order update: In Transit.  View delivery details in Logistics.",
        "icon": "info",
        "color": "gray",
        "reference_type": "sales_order",
        "reference_id": 7,
        "navigate_to": "/logistics/sales-queue",
        "is_read": false
    }
},
{
    "model": "messaging.appnotification",
    "pk": 154,
    "fields": {
        "created_at": "2026-06-12T21:12:46.695Z",
        "updated_at": "2026-06-12T21:12:46.695Z",
        "is_active": true,
        "user": 6,
        "notification_type": "SYSTEM",
        "title": "[Info] SO-2026-007 — In Transit",
        "body": "Sales order update: In Transit.  View delivery details in Logistics.",
        "icon": "info",
        "color": "gray",
        "reference_type": "sales_order",
        "reference_id": 7,
        "navigate_to": "/logistics/sales-queue",
        "is_read": false
    }
},
{
    "model": "messaging.appnotification",
    "pk": 155,
    "fields": {
        "created_at": "2026-06-12T21:12:46.695Z",
        "updated_at": "2026-06-12T21:12:46.695Z",
        "is_active": true,
        "user": 3,
        "notification_type": "SYSTEM",
        "title": "[Info] SO-2026-007 — In Transit",
        "body": "Sales order update: In Transit.  View delivery details in Logistics.",
        "icon": "info",
        "color": "gray",
        "reference_type": "sales_order",
        "reference_id": 7,
        "navigate_to": "/logistics/sales-queue",
        "is_read": false
    }
},
{
    "model": "messaging.appnotification",
    "pk": 156,
    "fields": {
        "created_at": "2026-06-13T08:15:46.655Z",
        "updated_at": "2026-06-13T08:15:46.655Z",
        "is_active": true,
        "user": 1,
        "notification_type": "ALERT",
        "title": "Delivery confirmed — DO-2026-004",
        "body": "Driver James Mollel confirmed delivery. Review and approve.",
        "icon": "truck",
        "color": "blue",
        "reference_type": null,
        "reference_id": null,
        "navigate_to": "/logistics/deliveries/4/view",
        "is_read": false
    }
},
{
    "model": "messaging.appnotification",
    "pk": 157,
    "fields": {
        "created_at": "2026-06-13T08:15:46.729Z",
        "updated_at": "2026-06-13T08:15:46.729Z",
        "is_active": true,
        "user": 6,
        "notification_type": "ALERT",
        "title": "Delivery confirmed — DO-2026-004",
        "body": "Driver James Mollel confirmed delivery. Review and approve.",
        "icon": "truck",
        "color": "blue",
        "reference_type": null,
        "reference_id": null,
        "navigate_to": "/logistics/deliveries/4/view",
        "is_read": false
    }
},
{
    "model": "messaging.appnotification",
    "pk": 158,
    "fields": {
        "created_at": "2026-06-13T08:16:31.748Z",
        "updated_at": "2026-06-13T08:16:31.748Z",
        "is_active": true,
        "user": 3,
        "notification_type": "ALERT",
        "title": "Delivery approved — DO-2026-004",
        "body": "Logistics confirmed your delivery submission.",
        "icon": "truck",
        "color": "blue",
        "reference_type": null,
        "reference_id": null,
        "navigate_to": null,
        "is_read": false
    }
},
{
    "model": "messaging.appnotification",
    "pk": 159,
    "fields": {
        "created_at": "2026-06-13T08:17:59.690Z",
        "updated_at": "2026-06-13T08:17:59.691Z",
        "is_active": true,
        "user": 1,
        "notification_type": "APPROVAL",
        "title": "[Logistics] SO-2026-007 — Order Closed",
        "body": "Completed — Company Delivery. Customer: Kahama Mining Corporation. Destination: kahama.",
        "icon": "info",
        "color": "blue",
        "reference_type": "sales_order",
        "reference_id": 7,
        "navigate_to": "/logistics/deliveries/4/view",
        "is_read": false
    }
},
{
    "model": "messaging.appnotification",
    "pk": 160,
    "fields": {
        "created_at": "2026-06-13T08:17:59.695Z",
        "updated_at": "2026-06-13T08:17:59.695Z",
        "is_active": true,
        "user": 6,
        "notification_type": "APPROVAL",
        "title": "[Logistics] SO-2026-007 — Order Closed",
        "body": "Completed — Company Delivery. Customer: Kahama Mining Corporation. Destination: kahama.",
        "icon": "info",
        "color": "blue",
        "reference_type": "sales_order",
        "reference_id": 7,
        "navigate_to": "/logistics/deliveries/4/view",
        "is_read": false
    }
},
{
    "model": "messaging.appnotification",
    "pk": 161,
    "fields": {
        "created_at": "2026-06-13T08:17:59.697Z",
        "updated_at": "2026-06-13T08:17:59.697Z",
        "is_active": true,
        "user": 3,
        "notification_type": "APPROVAL",
        "title": "[Logistics] SO-2026-007 — Order Closed",
        "body": "Completed — Company Delivery. Customer: Kahama Mining Corporation. Destination: kahama.",
        "icon": "info",
        "color": "blue",
        "reference_type": "sales_order",
        "reference_id": 7,
        "navigate_to": "/logistics/deliveries/4/view",
        "is_read": false
    }
},
{
    "model": "messaging.appnotification",
    "pk": 162,
    "fields": {
        "created_at": "2026-06-13T08:17:59.705Z",
        "updated_at": "2026-06-13T08:17:59.705Z",
        "is_active": true,
        "user": 1,
        "notification_type": "SYSTEM",
        "title": "[Info] SO-2026-007 — Completed — Company Delivery",
        "body": "Sales order update: Order Closed.  View delivery details in Logistics.",
        "icon": "info",
        "color": "gray",
        "reference_type": "sales_order",
        "reference_id": 7,
        "navigate_to": "/logistics/deliveries/4/view",
        "is_read": false
    }
},
{
    "model": "messaging.appnotification",
    "pk": 163,
    "fields": {
        "created_at": "2026-06-13T08:17:59.707Z",
        "updated_at": "2026-06-13T08:17:59.707Z",
        "is_active": true,
        "user": 6,
        "notification_type": "SYSTEM",
        "title": "[Info] SO-2026-007 — Completed — Company Delivery",
        "body": "Sales order update: Order Closed.  View delivery details in Logistics.",
        "icon": "info",
        "color": "gray",
        "reference_type": "sales_order",
        "reference_id": 7,
        "navigate_to": "/logistics/deliveries/4/view",
        "is_read": false
    }
},
{
    "model": "messaging.appnotification",
    "pk": 164,
    "fields": {
        "created_at": "2026-06-13T08:17:59.709Z",
        "updated_at": "2026-06-13T08:17:59.710Z",
        "is_active": true,
        "user": 3,
        "notification_type": "SYSTEM",
        "title": "[Info] SO-2026-007 — Completed — Company Delivery",
        "body": "Sales order update: Order Closed.  View delivery details in Logistics.",
        "icon": "info",
        "color": "gray",
        "reference_type": "sales_order",
        "reference_id": 7,
        "navigate_to": "/logistics/deliveries/4/view",
        "is_read": false
    }
},
{
    "model": "messaging.appnotification",
    "pk": 165,
    "fields": {
        "created_at": "2026-06-13T08:27:38.187Z",
        "updated_at": "2026-06-13T08:27:38.187Z",
        "is_active": true,
        "user": 1,
        "notification_type": "ALERT",
        "title": "Driver returned — DO-2026-004",
        "body": "James Mollel completed return trip.",
        "icon": "truck",
        "color": "blue",
        "reference_type": null,
        "reference_id": null,
        "navigate_to": "/logistics/deliveries/4/view",
        "is_read": false
    }
},
{
    "model": "messaging.appnotification",
    "pk": 166,
    "fields": {
        "created_at": "2026-06-13T08:27:38.204Z",
        "updated_at": "2026-06-13T08:27:38.204Z",
        "is_active": true,
        "user": 6,
        "notification_type": "ALERT",
        "title": "Driver returned — DO-2026-004",
        "body": "James Mollel completed return trip.",
        "icon": "truck",
        "color": "blue",
        "reference_type": null,
        "reference_id": null,
        "navigate_to": "/logistics/deliveries/4/view",
        "is_read": false
    }
},
{
    "model": "messaging.appnotification",
    "pk": 167,
    "fields": {
        "created_at": "2026-06-13T08:28:44.351Z",
        "updated_at": "2026-06-13T08:28:44.351Z",
        "is_active": true,
        "user": 1,
        "notification_type": "ALERT",
        "title": "Maintenance required — T 123 ABC",
        "body": "services",
        "icon": "truck",
        "color": "blue",
        "reference_type": null,
        "reference_id": null,
        "navigate_to": "/logistics/maintenance",
        "is_read": false
    }
},
{
    "model": "messaging.appnotification",
    "pk": 168,
    "fields": {
        "created_at": "2026-06-13T08:28:44.355Z",
        "updated_at": "2026-06-13T08:28:44.355Z",
        "is_active": true,
        "user": 6,
        "notification_type": "ALERT",
        "title": "Maintenance required — T 123 ABC",
        "body": "services",
        "icon": "truck",
        "color": "blue",
        "reference_type": null,
        "reference_id": null,
        "navigate_to": "/logistics/maintenance",
        "is_read": false
    }
},
{
    "model": "messaging.appnotification",
    "pk": 169,
    "fields": {
        "created_at": "2026-06-13T08:28:51.597Z",
        "updated_at": "2026-06-13T08:28:51.597Z",
        "is_active": true,
        "user": 1,
        "notification_type": "ALERT",
        "title": "Maintenance required — T 123 ABC",
        "body": "",
        "icon": "truck",
        "color": "blue",
        "reference_type": null,
        "reference_id": null,
        "navigate_to": "/logistics/maintenance",
        "is_read": false
    }
},
{
    "model": "messaging.appnotification",
    "pk": 170,
    "fields": {
        "created_at": "2026-06-13T08:28:51.599Z",
        "updated_at": "2026-06-13T08:28:51.599Z",
        "is_active": true,
        "user": 6,
        "notification_type": "ALERT",
        "title": "Maintenance required — T 123 ABC",
        "body": "",
        "icon": "truck",
        "color": "blue",
        "reference_type": null,
        "reference_id": null,
        "navigate_to": "/logistics/maintenance",
        "is_read": false
    }
},
{
    "model": "messaging.appnotification",
    "pk": 171,
    "fields": {
        "created_at": "2026-06-13T12:28:40.334Z",
        "updated_at": "2026-06-13T12:28:40.334Z",
        "is_active": true,
        "user": 1,
        "notification_type": "APPROVAL",
        "title": "Payroll approved by Finance",
        "body": "Finance approved payroll PAY-2026-001 for June 2026 (Joseph Joseph). You may mark it as paid when disbursement is complete.",
        "icon": "check",
        "color": "green",
        "reference_type": "payroll",
        "reference_id": 1,
        "navigate_to": "/hr/payroll/1",
        "is_read": false
    }
},
{
    "model": "messaging.appnotification",
    "pk": 172,
    "fields": {
        "created_at": "2026-06-13T12:28:40.372Z",
        "updated_at": "2026-06-13T12:28:40.372Z",
        "is_active": true,
        "user": 7,
        "notification_type": "APPROVAL",
        "title": "Payroll approved by Finance",
        "body": "Finance approved payroll PAY-2026-001 for June 2026 (Joseph Joseph). You may mark it as paid when disbursement is complete.",
        "icon": "check",
        "color": "green",
        "reference_type": "payroll",
        "reference_id": 1,
        "navigate_to": "/hr/payroll/1",
        "is_read": false
    }
},
{
    "model": "messaging.appnotification",
    "pk": 173,
    "fields": {
        "created_at": "2026-06-13T20:00:10.151Z",
        "updated_at": "2026-06-13T20:00:10.151Z",
        "is_active": true,
        "user": 1,
        "notification_type": "APPROVAL",
        "title": "New requisition DR-2026-001",
        "body": "Naomi Mollel submitted a High request for Logistics.",
        "icon": "bell",
        "color": "blue",
        "reference_type": null,
        "reference_id": null,
        "navigate_to": "/inventory/department-approvals",
        "is_read": false
    }
},
{
    "model": "messaging.appnotification",
    "pk": 174,
    "fields": {
        "created_at": "2026-06-13T20:00:10.219Z",
        "updated_at": "2026-06-13T20:00:10.219Z",
        "is_active": true,
        "user": 6,
        "notification_type": "APPROVAL",
        "title": "New requisition DR-2026-001",
        "body": "Naomi Mollel submitted a High request for Logistics.",
        "icon": "bell",
        "color": "blue",
        "reference_type": null,
        "reference_id": null,
        "navigate_to": "/inventory/department-approvals",
        "is_read": false
    }
},
{
    "model": "messaging.appnotification",
    "pk": 175,
    "fields": {
        "created_at": "2026-06-13T20:00:10.222Z",
        "updated_at": "2026-06-13T20:00:10.222Z",
        "is_active": true,
        "user": 2,
        "notification_type": "APPROVAL",
        "title": "New requisition DR-2026-001",
        "body": "Naomi Mollel submitted a High request for Logistics.",
        "icon": "bell",
        "color": "blue",
        "reference_type": null,
        "reference_id": null,
        "navigate_to": "/inventory/department-approvals",
        "is_read": false
    }
},
{
    "model": "messaging.appnotification",
    "pk": 176,
    "fields": {
        "created_at": "2026-06-13T20:00:47.867Z",
        "updated_at": "2026-06-13T20:00:47.867Z",
        "is_active": true,
        "user": 6,
        "notification_type": "APPROVAL",
        "title": "Request approved: DR-2026-001",
        "body": "Your department requisition was approved.",
        "icon": "bell",
        "color": "blue",
        "reference_type": null,
        "reference_id": null,
        "navigate_to": "/inventory/my-requests",
        "is_read": false
    }
},
{
    "model": "messaging.appnotification",
    "pk": 177,
    "fields": {
        "created_at": "2026-06-13T20:00:47.874Z",
        "updated_at": "2026-06-13T20:00:47.874Z",
        "is_active": true,
        "user": 1,
        "notification_type": "APPROVAL",
        "title": "Pending issue: DR-2026-001",
        "body": "Approved requisition awaiting store issue for Logistics.",
        "icon": "bell",
        "color": "blue",
        "reference_type": null,
        "reference_id": null,
        "navigate_to": "/inventory/internal-issue",
        "is_read": false
    }
},
{
    "model": "messaging.appnotification",
    "pk": 178,
    "fields": {
        "created_at": "2026-06-13T20:00:47.876Z",
        "updated_at": "2026-06-13T20:00:47.876Z",
        "is_active": true,
        "user": 10,
        "notification_type": "APPROVAL",
        "title": "Pending issue: DR-2026-001",
        "body": "Approved requisition awaiting store issue for Logistics.",
        "icon": "bell",
        "color": "blue",
        "reference_type": null,
        "reference_id": null,
        "navigate_to": "/inventory/internal-issue",
        "is_read": false
    }
},
{
    "model": "messaging.appnotification",
    "pk": 179,
    "fields": {
        "created_at": "2026-06-13T20:00:47.877Z",
        "updated_at": "2026-06-13T20:00:47.877Z",
        "is_active": true,
        "user": 4,
        "notification_type": "APPROVAL",
        "title": "Pending issue: DR-2026-001",
        "body": "Approved requisition awaiting store issue for Logistics.",
        "icon": "bell",
        "color": "blue",
        "reference_type": null,
        "reference_id": null,
        "navigate_to": "/inventory/internal-issue",
        "is_read": false
    }
},
{
    "model": "messaging.appnotification",
    "pk": 180,
    "fields": {
        "created_at": "2026-06-13T20:00:47.879Z",
        "updated_at": "2026-06-13T20:00:47.879Z",
        "is_active": true,
        "user": 3,
        "notification_type": "APPROVAL",
        "title": "Pending issue: DR-2026-001",
        "body": "Approved requisition awaiting store issue for Logistics.",
        "icon": "bell",
        "color": "blue",
        "reference_type": null,
        "reference_id": null,
        "navigate_to": "/inventory/internal-issue",
        "is_read": false
    }
},
{
    "model": "messaging.appnotification",
    "pk": 181,
    "fields": {
        "created_at": "2026-06-13T20:00:47.880Z",
        "updated_at": "2026-06-13T20:00:47.880Z",
        "is_active": true,
        "user": 6,
        "notification_type": "APPROVAL",
        "title": "Pending issue: DR-2026-001",
        "body": "Approved requisition awaiting store issue for Logistics.",
        "icon": "bell",
        "color": "blue",
        "reference_type": null,
        "reference_id": null,
        "navigate_to": "/inventory/internal-issue",
        "is_read": false
    }
},
{
    "model": "messaging.appnotification",
    "pk": 182,
    "fields": {
        "created_at": "2026-06-13T20:00:47.881Z",
        "updated_at": "2026-06-13T20:00:47.881Z",
        "is_active": true,
        "user": 11,
        "notification_type": "APPROVAL",
        "title": "Pending issue: DR-2026-001",
        "body": "Approved requisition awaiting store issue for Logistics.",
        "icon": "bell",
        "color": "blue",
        "reference_type": null,
        "reference_id": null,
        "navigate_to": "/inventory/internal-issue",
        "is_read": false
    }
},
{
    "model": "messaging.appnotification",
    "pk": 183,
    "fields": {
        "created_at": "2026-06-13T20:00:47.883Z",
        "updated_at": "2026-06-13T20:00:47.883Z",
        "is_active": true,
        "user": 5,
        "notification_type": "APPROVAL",
        "title": "Pending issue: DR-2026-001",
        "body": "Approved requisition awaiting store issue for Logistics.",
        "icon": "bell",
        "color": "blue",
        "reference_type": null,
        "reference_id": null,
        "navigate_to": "/inventory/internal-issue",
        "is_read": false
    }
},
{
    "model": "messaging.appnotification",
    "pk": 184,
    "fields": {
        "created_at": "2026-06-13T20:00:47.884Z",
        "updated_at": "2026-06-13T20:00:47.884Z",
        "is_active": true,
        "user": 9,
        "notification_type": "APPROVAL",
        "title": "Pending issue: DR-2026-001",
        "body": "Approved requisition awaiting store issue for Logistics.",
        "icon": "bell",
        "color": "blue",
        "reference_type": null,
        "reference_id": null,
        "navigate_to": "/inventory/internal-issue",
        "is_read": false
    }
},
{
    "model": "messaging.appnotification",
    "pk": 185,
    "fields": {
        "created_at": "2026-06-13T20:00:47.885Z",
        "updated_at": "2026-06-13T20:00:47.885Z",
        "is_active": true,
        "user": 12,
        "notification_type": "APPROVAL",
        "title": "Pending issue: DR-2026-001",
        "body": "Approved requisition awaiting store issue for Logistics.",
        "icon": "bell",
        "color": "blue",
        "reference_type": null,
        "reference_id": null,
        "navigate_to": "/inventory/internal-issue",
        "is_read": false
    }
},
{
    "model": "messaging.appnotification",
    "pk": 186,
    "fields": {
        "created_at": "2026-06-13T20:00:47.885Z",
        "updated_at": "2026-06-13T20:00:47.885Z",
        "is_active": true,
        "user": 2,
        "notification_type": "APPROVAL",
        "title": "Pending issue: DR-2026-001",
        "body": "Approved requisition awaiting store issue for Logistics.",
        "icon": "bell",
        "color": "blue",
        "reference_type": null,
        "reference_id": null,
        "navigate_to": "/inventory/internal-issue",
        "is_read": false
    }
},
{
    "model": "messaging.appnotification",
    "pk": 187,
    "fields": {
        "created_at": "2026-06-13T20:00:47.888Z",
        "updated_at": "2026-06-13T20:00:47.888Z",
        "is_active": true,
        "user": 7,
        "notification_type": "APPROVAL",
        "title": "Pending issue: DR-2026-001",
        "body": "Approved requisition awaiting store issue for Logistics.",
        "icon": "bell",
        "color": "blue",
        "reference_type": null,
        "reference_id": null,
        "navigate_to": "/inventory/internal-issue",
        "is_read": false
    }
},
{
    "model": "messaging.appnotification",
    "pk": 188,
    "fields": {
        "created_at": "2026-06-13T20:00:47.889Z",
        "updated_at": "2026-06-13T20:00:47.889Z",
        "is_active": true,
        "user": 8,
        "notification_type": "APPROVAL",
        "title": "Pending issue: DR-2026-001",
        "body": "Approved requisition awaiting store issue for Logistics.",
        "icon": "bell",
        "color": "blue",
        "reference_type": null,
        "reference_id": null,
        "navigate_to": "/inventory/internal-issue",
        "is_read": false
    }
},
{
    "model": "messaging.appnotification",
    "pk": 189,
    "fields": {
        "created_at": "2026-06-13T20:04:39.830Z",
        "updated_at": "2026-06-13T20:04:39.830Z",
        "is_active": true,
        "user": 6,
        "notification_type": "APPROVAL",
        "title": "Request issued: DR-2026-001",
        "body": "Stock has been issued for your requisition.",
        "icon": "bell",
        "color": "blue",
        "reference_type": null,
        "reference_id": null,
        "navigate_to": "/inventory/my-requests",
        "is_read": false
    }
},
{
    "model": "messaging.appnotification",
    "pk": 190,
    "fields": {
        "created_at": "2026-06-14T09:17:08.490Z",
        "updated_at": "2026-06-14T09:17:08.490Z",
        "is_active": true,
        "user": 4,
        "notification_type": "SYSTEM",
        "title": "New assignment: WO-2026-004",
        "body": "You have been assigned to produce Wire Mesh Safety Net — Underground.",
        "icon": "bell",
        "color": "blue",
        "reference_type": null,
        "reference_id": null,
        "navigate_to": "/production/work-orders/4/view",
        "is_read": false
    }
},
{
    "model": "messaging.appnotification",
    "pk": 191,
    "fields": {
        "created_at": "2026-06-14T09:27:15.408Z",
        "updated_at": "2026-06-14T09:27:15.408Z",
        "is_active": true,
        "user": 1,
        "notification_type": "APPROVAL",
        "title": "Completion submitted: WO-2026-004",
        "body": "Joseph Macha submitted production completion for Wire Mesh Safety Net — Underground.",
        "icon": "bell",
        "color": "blue",
        "reference_type": null,
        "reference_id": null,
        "navigate_to": "/production/work-orders/4/view",
        "is_read": false
    }
},
{
    "model": "messaging.appnotification",
    "pk": 192,
    "fields": {
        "created_at": "2026-06-14T09:27:15.414Z",
        "updated_at": "2026-06-14T09:27:15.415Z",
        "is_active": true,
        "user": 13,
        "notification_type": "APPROVAL",
        "title": "Completion submitted: WO-2026-004",
        "body": "Joseph Macha submitted production completion for Wire Mesh Safety Net — Underground.",
        "icon": "bell",
        "color": "blue",
        "reference_type": null,
        "reference_id": null,
        "navigate_to": "/production/work-orders/4/view",
        "is_read": false
    }
},
{
    "model": "messaging.appnotification",
    "pk": 193,
    "fields": {
        "created_at": "2026-06-14T09:28:12.330Z",
        "updated_at": "2026-06-14T09:28:12.330Z",
        "is_active": true,
        "user": 1,
        "notification_type": "SYSTEM",
        "title": "Ready for receipt: WO-2026-004",
        "body": "Finished goods from WO-2026-004 await storekeeper confirmation.",
        "icon": "bell",
        "color": "blue",
        "reference_type": null,
        "reference_id": null,
        "navigate_to": "/production/work-orders/4/view",
        "is_read": false
    }
},
{
    "model": "messaging.appnotification",
    "pk": 194,
    "fields": {
        "created_at": "2026-06-14T09:28:12.348Z",
        "updated_at": "2026-06-14T09:28:12.348Z",
        "is_active": true,
        "user": 10,
        "notification_type": "SYSTEM",
        "title": "Ready for receipt: WO-2026-004",
        "body": "Finished goods from WO-2026-004 await storekeeper confirmation.",
        "icon": "bell",
        "color": "blue",
        "reference_type": null,
        "reference_id": null,
        "navigate_to": "/production/work-orders/4/view",
        "is_read": false
    }
},
{
    "model": "messaging.appnotification",
    "pk": 195,
    "fields": {
        "created_at": "2026-06-14T09:28:12.351Z",
        "updated_at": "2026-06-14T09:28:12.351Z",
        "is_active": true,
        "user": 4,
        "notification_type": "SYSTEM",
        "title": "Ready for receipt: WO-2026-004",
        "body": "Finished goods from WO-2026-004 await storekeeper confirmation.",
        "icon": "bell",
        "color": "blue",
        "reference_type": null,
        "reference_id": null,
        "navigate_to": "/production/work-orders/4/view",
        "is_read": false
    }
},
{
    "model": "messaging.appnotification",
    "pk": 196,
    "fields": {
        "created_at": "2026-06-14T09:28:12.353Z",
        "updated_at": "2026-06-14T09:28:12.353Z",
        "is_active": true,
        "user": 13,
        "notification_type": "SYSTEM",
        "title": "Ready for receipt: WO-2026-004",
        "body": "Finished goods from WO-2026-004 await storekeeper confirmation.",
        "icon": "bell",
        "color": "blue",
        "reference_type": null,
        "reference_id": null,
        "navigate_to": "/production/work-orders/4/view",
        "is_read": false
    }
},
{
    "model": "messaging.appnotification",
    "pk": 197,
    "fields": {
        "created_at": "2026-06-14T09:28:12.355Z",
        "updated_at": "2026-06-14T09:28:12.355Z",
        "is_active": true,
        "user": 3,
        "notification_type": "SYSTEM",
        "title": "Ready for receipt: WO-2026-004",
        "body": "Finished goods from WO-2026-004 await storekeeper confirmation.",
        "icon": "bell",
        "color": "blue",
        "reference_type": null,
        "reference_id": null,
        "navigate_to": "/production/work-orders/4/view",
        "is_read": false
    }
},
{
    "model": "messaging.appnotification",
    "pk": 198,
    "fields": {
        "created_at": "2026-06-14T09:28:12.357Z",
        "updated_at": "2026-06-14T09:28:12.357Z",
        "is_active": true,
        "user": 6,
        "notification_type": "SYSTEM",
        "title": "Ready for receipt: WO-2026-004",
        "body": "Finished goods from WO-2026-004 await storekeeper confirmation.",
        "icon": "bell",
        "color": "blue",
        "reference_type": null,
        "reference_id": null,
        "navigate_to": "/production/work-orders/4/view",
        "is_read": false
    }
},
{
    "model": "messaging.appnotification",
    "pk": 199,
    "fields": {
        "created_at": "2026-06-14T09:28:12.359Z",
        "updated_at": "2026-06-14T09:28:12.359Z",
        "is_active": true,
        "user": 11,
        "notification_type": "SYSTEM",
        "title": "Ready for receipt: WO-2026-004",
        "body": "Finished goods from WO-2026-004 await storekeeper confirmation.",
        "icon": "bell",
        "color": "blue",
        "reference_type": null,
        "reference_id": null,
        "navigate_to": "/production/work-orders/4/view",
        "is_read": false
    }
},
{
    "model": "messaging.appnotification",
    "pk": 200,
    "fields": {
        "created_at": "2026-06-14T09:28:12.361Z",
        "updated_at": "2026-06-14T09:28:12.361Z",
        "is_active": true,
        "user": 5,
        "notification_type": "SYSTEM",
        "title": "Ready for receipt: WO-2026-004",
        "body": "Finished goods from WO-2026-004 await storekeeper confirmation.",
        "icon": "bell",
        "color": "blue",
        "reference_type": null,
        "reference_id": null,
        "navigate_to": "/production/work-orders/4/view",
        "is_read": false
    }
},
{
    "model": "messaging.appnotification",
    "pk": 201,
    "fields": {
        "created_at": "2026-06-14T09:28:12.363Z",
        "updated_at": "2026-06-14T09:28:12.363Z",
        "is_active": true,
        "user": 9,
        "notification_type": "SYSTEM",
        "title": "Ready for receipt: WO-2026-004",
        "body": "Finished goods from WO-2026-004 await storekeeper confirmation.",
        "icon": "bell",
        "color": "blue",
        "reference_type": null,
        "reference_id": null,
        "navigate_to": "/production/work-orders/4/view",
        "is_read": false
    }
},
{
    "model": "messaging.appnotification",
    "pk": 202,
    "fields": {
        "created_at": "2026-06-14T09:28:12.367Z",
        "updated_at": "2026-06-14T09:28:12.367Z",
        "is_active": true,
        "user": 12,
        "notification_type": "SYSTEM",
        "title": "Ready for receipt: WO-2026-004",
        "body": "Finished goods from WO-2026-004 await storekeeper confirmation.",
        "icon": "bell",
        "color": "blue",
        "reference_type": null,
        "reference_id": null,
        "navigate_to": "/production/work-orders/4/view",
        "is_read": false
    }
},
{
    "model": "messaging.appnotification",
    "pk": 203,
    "fields": {
        "created_at": "2026-06-14T09:28:12.369Z",
        "updated_at": "2026-06-14T09:28:12.369Z",
        "is_active": true,
        "user": 2,
        "notification_type": "SYSTEM",
        "title": "Ready for receipt: WO-2026-004",
        "body": "Finished goods from WO-2026-004 await storekeeper confirmation.",
        "icon": "bell",
        "color": "blue",
        "reference_type": null,
        "reference_id": null,
        "navigate_to": "/production/work-orders/4/view",
        "is_read": false
    }
},
{
    "model": "messaging.appnotification",
    "pk": 204,
    "fields": {
        "created_at": "2026-06-14T09:28:12.371Z",
        "updated_at": "2026-06-14T09:28:12.371Z",
        "is_active": true,
        "user": 7,
        "notification_type": "SYSTEM",
        "title": "Ready for receipt: WO-2026-004",
        "body": "Finished goods from WO-2026-004 await storekeeper confirmation.",
        "icon": "bell",
        "color": "blue",
        "reference_type": null,
        "reference_id": null,
        "navigate_to": "/production/work-orders/4/view",
        "is_read": false
    }
},
{
    "model": "messaging.appnotification",
    "pk": 205,
    "fields": {
        "created_at": "2026-06-14T09:28:12.373Z",
        "updated_at": "2026-06-14T09:28:12.373Z",
        "is_active": true,
        "user": 8,
        "notification_type": "SYSTEM",
        "title": "Ready for receipt: WO-2026-004",
        "body": "Finished goods from WO-2026-004 await storekeeper confirmation.",
        "icon": "bell",
        "color": "blue",
        "reference_type": null,
        "reference_id": null,
        "navigate_to": "/production/work-orders/4/view",
        "is_read": false
    }
},
{
    "model": "messaging.appnotification",
    "pk": 206,
    "fields": {
        "created_at": "2026-06-14T09:47:44.939Z",
        "updated_at": "2026-06-14T09:47:44.939Z",
        "is_active": true,
        "user": 1,
        "notification_type": "ALERT",
        "title": "Out of stock alert",
        "body": "Wire Mesh Safety Net — Underground (MF-WIRE-MESH-01) is out of stock at Main Warehouse.",
        "icon": "bell",
        "color": "blue",
        "reference_type": null,
        "reference_id": null,
        "navigate_to": "/inventory/alerts",
        "is_read": false
    }
},
{
    "model": "messaging.appnotification",
    "pk": 207,
    "fields": {
        "created_at": "2026-06-14T09:47:44.971Z",
        "updated_at": "2026-06-14T09:47:44.972Z",
        "is_active": true,
        "user": 10,
        "notification_type": "ALERT",
        "title": "Out of stock alert",
        "body": "Wire Mesh Safety Net — Underground (MF-WIRE-MESH-01) is out of stock at Main Warehouse.",
        "icon": "bell",
        "color": "blue",
        "reference_type": null,
        "reference_id": null,
        "navigate_to": "/inventory/alerts",
        "is_read": false
    }
},
{
    "model": "messaging.appnotification",
    "pk": 208,
    "fields": {
        "created_at": "2026-06-14T09:47:44.972Z",
        "updated_at": "2026-06-14T09:47:44.972Z",
        "is_active": true,
        "user": 4,
        "notification_type": "ALERT",
        "title": "Out of stock alert",
        "body": "Wire Mesh Safety Net — Underground (MF-WIRE-MESH-01) is out of stock at Main Warehouse.",
        "icon": "bell",
        "color": "blue",
        "reference_type": null,
        "reference_id": null,
        "navigate_to": "/inventory/alerts",
        "is_read": false
    }
},
{
    "model": "messaging.appnotification",
    "pk": 209,
    "fields": {
        "created_at": "2026-06-14T09:47:44.973Z",
        "updated_at": "2026-06-14T09:47:44.973Z",
        "is_active": true,
        "user": 13,
        "notification_type": "ALERT",
        "title": "Out of stock alert",
        "body": "Wire Mesh Safety Net — Underground (MF-WIRE-MESH-01) is out of stock at Main Warehouse.",
        "icon": "bell",
        "color": "blue",
        "reference_type": null,
        "reference_id": null,
        "navigate_to": "/inventory/alerts",
        "is_read": false
    }
},
{
    "model": "messaging.appnotification",
    "pk": 210,
    "fields": {
        "created_at": "2026-06-14T09:47:44.974Z",
        "updated_at": "2026-06-14T09:47:44.974Z",
        "is_active": true,
        "user": 3,
        "notification_type": "ALERT",
        "title": "Out of stock alert",
        "body": "Wire Mesh Safety Net — Underground (MF-WIRE-MESH-01) is out of stock at Main Warehouse.",
        "icon": "bell",
        "color": "blue",
        "reference_type": null,
        "reference_id": null,
        "navigate_to": "/inventory/alerts",
        "is_read": false
    }
},
{
    "model": "messaging.appnotification",
    "pk": 211,
    "fields": {
        "created_at": "2026-06-14T09:47:44.975Z",
        "updated_at": "2026-06-14T09:47:44.975Z",
        "is_active": true,
        "user": 6,
        "notification_type": "ALERT",
        "title": "Out of stock alert",
        "body": "Wire Mesh Safety Net — Underground (MF-WIRE-MESH-01) is out of stock at Main Warehouse.",
        "icon": "bell",
        "color": "blue",
        "reference_type": null,
        "reference_id": null,
        "navigate_to": "/inventory/alerts",
        "is_read": false
    }
},
{
    "model": "messaging.appnotification",
    "pk": 212,
    "fields": {
        "created_at": "2026-06-14T09:47:44.975Z",
        "updated_at": "2026-06-14T09:47:44.975Z",
        "is_active": true,
        "user": 11,
        "notification_type": "ALERT",
        "title": "Out of stock alert",
        "body": "Wire Mesh Safety Net — Underground (MF-WIRE-MESH-01) is out of stock at Main Warehouse.",
        "icon": "bell",
        "color": "blue",
        "reference_type": null,
        "reference_id": null,
        "navigate_to": "/inventory/alerts",
        "is_read": false
    }
},
{
    "model": "messaging.appnotification",
    "pk": 213,
    "fields": {
        "created_at": "2026-06-14T09:47:44.976Z",
        "updated_at": "2026-06-14T09:47:44.976Z",
        "is_active": true,
        "user": 5,
        "notification_type": "ALERT",
        "title": "Out of stock alert",
        "body": "Wire Mesh Safety Net — Underground (MF-WIRE-MESH-01) is out of stock at Main Warehouse.",
        "icon": "bell",
        "color": "blue",
        "reference_type": null,
        "reference_id": null,
        "navigate_to": "/inventory/alerts",
        "is_read": false
    }
},
{
    "model": "messaging.appnotification",
    "pk": 214,
    "fields": {
        "created_at": "2026-06-14T09:47:44.977Z",
        "updated_at": "2026-06-14T09:47:44.977Z",
        "is_active": true,
        "user": 9,
        "notification_type": "ALERT",
        "title": "Out of stock alert",
        "body": "Wire Mesh Safety Net — Underground (MF-WIRE-MESH-01) is out of stock at Main Warehouse.",
        "icon": "bell",
        "color": "blue",
        "reference_type": null,
        "reference_id": null,
        "navigate_to": "/inventory/alerts",
        "is_read": false
    }
},
{
    "model": "messaging.appnotification",
    "pk": 215,
    "fields": {
        "created_at": "2026-06-14T09:47:44.978Z",
        "updated_at": "2026-06-14T09:47:44.978Z",
        "is_active": true,
        "user": 12,
        "notification_type": "ALERT",
        "title": "Out of stock alert",
        "body": "Wire Mesh Safety Net — Underground (MF-WIRE-MESH-01) is out of stock at Main Warehouse.",
        "icon": "bell",
        "color": "blue",
        "reference_type": null,
        "reference_id": null,
        "navigate_to": "/inventory/alerts",
        "is_read": false
    }
},
{
    "model": "messaging.appnotification",
    "pk": 216,
    "fields": {
        "created_at": "2026-06-14T09:47:44.980Z",
        "updated_at": "2026-06-14T09:47:44.980Z",
        "is_active": true,
        "user": 2,
        "notification_type": "ALERT",
        "title": "Out of stock alert",
        "body": "Wire Mesh Safety Net — Underground (MF-WIRE-MESH-01) is out of stock at Main Warehouse.",
        "icon": "bell",
        "color": "blue",
        "reference_type": null,
        "reference_id": null,
        "navigate_to": "/inventory/alerts",
        "is_read": false
    }
},
{
    "model": "messaging.appnotification",
    "pk": 217,
    "fields": {
        "created_at": "2026-06-14T09:47:44.982Z",
        "updated_at": "2026-06-14T09:47:44.982Z",
        "is_active": true,
        "user": 7,
        "notification_type": "ALERT",
        "title": "Out of stock alert",
        "body": "Wire Mesh Safety Net — Underground (MF-WIRE-MESH-01) is out of stock at Main Warehouse.",
        "icon": "bell",
        "color": "blue",
        "reference_type": null,
        "reference_id": null,
        "navigate_to": "/inventory/alerts",
        "is_read": false
    }
},
{
    "model": "messaging.appnotification",
    "pk": 218,
    "fields": {
        "created_at": "2026-06-14T09:47:44.983Z",
        "updated_at": "2026-06-14T09:47:44.983Z",
        "is_active": true,
        "user": 8,
        "notification_type": "ALERT",
        "title": "Out of stock alert",
        "body": "Wire Mesh Safety Net — Underground (MF-WIRE-MESH-01) is out of stock at Main Warehouse.",
        "icon": "bell",
        "color": "blue",
        "reference_type": null,
        "reference_id": null,
        "navigate_to": "/inventory/alerts",
        "is_read": false
    }
},
{
    "model": "messaging.appnotification",
    "pk": 219,
    "fields": {
        "created_at": "2026-06-14T09:47:44.988Z",
        "updated_at": "2026-06-14T09:47:44.988Z",
        "is_active": true,
        "user": 1,
        "notification_type": "ALERT",
        "title": "Inventory stock-out",
        "body": "Wire Mesh Safety Net — Underground (MF-WIRE-MESH-01) is out of stock at Main Warehouse.",
        "icon": "bell",
        "color": "blue",
        "reference_type": null,
        "reference_id": null,
        "navigate_to": "/inventory/reports",
        "is_read": false
    }
},
{
    "model": "messaging.appnotification",
    "pk": 220,
    "fields": {
        "created_at": "2026-06-14T09:47:44.989Z",
        "updated_at": "2026-06-14T09:47:44.989Z",
        "is_active": true,
        "user": 10,
        "notification_type": "ALERT",
        "title": "Inventory stock-out",
        "body": "Wire Mesh Safety Net — Underground (MF-WIRE-MESH-01) is out of stock at Main Warehouse.",
        "icon": "bell",
        "color": "blue",
        "reference_type": null,
        "reference_id": null,
        "navigate_to": "/inventory/reports",
        "is_read": false
    }
},
{
    "model": "email_client.emailaccount",
    "pk": 1,
    "fields": {
        "created_at": "2026-06-11T12:25:31.091Z",
        "updated_at": "2026-06-11T12:25:31.091Z",
        "user": 1,
        "email_address": "system.administrator@rocksolutions.co.tz",
        "display_name": "System Administrator",
        "imap_host": "mail.rocksolutions.co.tz",
        "imap_port": 993,
        "imap_use_ssl": true,
        "smtp_host": "mail.rocksolutions.co.tz",
        "smtp_port": 587,
        "smtp_use_tls": true,
        "username": "system.administrator@rocksolutions.co.tz",
        "password_encrypted": "",
        "sync_frequency": 5,
        "sync_days": 30,
        "max_per_sync": 50,
        "last_synced": "2026-06-11T12:25:31.086Z",
        "is_active": true
    }
},
{
    "model": "email_client.emaillabel",
    "pk": 1,
    "fields": {
        "created_at": "2026-06-11T12:25:31.099Z",
        "updated_at": "2026-06-11T12:25:31.099Z",
        "is_active": true,
        "user": 1,
        "name": "Clients",
        "color": "blue"
    }
},
{
    "model": "email_client.emaillabel",
    "pk": 2,
    "fields": {
        "created_at": "2026-06-11T12:25:31.102Z",
        "updated_at": "2026-06-11T12:25:31.102Z",
        "is_active": true,
        "user": 1,
        "name": "Suppliers",
        "color": "green"
    }
},
{
    "model": "email_client.emaillabel",
    "pk": 3,
    "fields": {
        "created_at": "2026-06-11T12:25:31.105Z",
        "updated_at": "2026-06-11T12:25:31.105Z",
        "is_active": true,
        "user": 1,
        "name": "Invoices",
        "color": "yellow"
    }
},
{
    "model": "email_client.emaillabel",
    "pk": 4,
    "fields": {
        "created_at": "2026-06-11T12:25:31.106Z",
        "updated_at": "2026-06-11T12:25:31.106Z",
        "is_active": true,
        "user": 1,
        "name": "Urgent",
        "color": "red"
    }
},
{
    "model": "email_client.emailmessage",
    "pk": 1,
    "fields": {
        "created_at": "2026-06-11T12:25:31.117Z",
        "updated_at": "2026-06-11T14:00:20.909Z",
        "is_active": true,
        "email_account": 1,
        "message_id": "seed-0-1781180731.108984",
        "direction": "INBOUND",
        "from_address": "accounts@johnmining.co.tz",
        "from_name": "John Mining Co.",
        "to_addresses": [
            {
                "name": "System Administrator",
                "email": "system.administrator@rocksolutions.co.tz"
            }
        ],
        "cc_addresses": [],
        "bcc_addresses": [],
        "subject": "Invoice for Q3 2024",
        "body_html": "<p>Please find attached our invoice for Q3 2024 services.</p>",
        "body_text": "Please find attached our invoice for Q3 2024 services.",
        "is_read": true,
        "is_starred": true,
        "is_deleted": false,
        "folder": "INBOX",
        "thread_id": "thread-0",
        "has_attachments": true,
        "received_at": "2026-06-11T12:25:31.108Z",
        "linked_customer_id": null,
        "linked_supplier_id": null,
        "labels": [
            1
        ]
    }
},
{
    "model": "email_client.emailmessage",
    "pk": 2,
    "fields": {
        "created_at": "2026-06-11T12:25:31.143Z",
        "updated_at": "2026-06-11T12:25:31.143Z",
        "is_active": true,
        "email_account": 1,
        "message_id": "seed-1-1781180731.108984",
        "direction": "INBOUND",
        "from_address": "sales@supplierabc.co.tz",
        "from_name": "Supplier ABC Ltd",
        "to_addresses": [
            {
                "name": "System Administrator",
                "email": "system.administrator@rocksolutions.co.tz"
            }
        ],
        "cc_addresses": [],
        "bcc_addresses": [],
        "subject": "Quotation - Oct 2024",
        "body_html": "<p>Dear Sir/Madam, please find our quotation attached.</p>",
        "body_text": "Dear Sir/Madam, please find our quotation attached.",
        "is_read": true,
        "is_starred": false,
        "is_deleted": false,
        "folder": "INBOX",
        "thread_id": "thread-1",
        "has_attachments": true,
        "received_at": "2026-06-11T07:25:31.108Z",
        "linked_customer_id": null,
        "linked_supplier_id": null,
        "labels": [
            2
        ]
    }
},
{
    "model": "email_client.emailmessage",
    "pk": 3,
    "fields": {
        "created_at": "2026-06-11T12:25:31.151Z",
        "updated_at": "2026-06-11T12:25:31.151Z",
        "is_active": true,
        "email_account": 1,
        "message_id": "seed-2-1781180731.108984",
        "direction": "INBOUND",
        "from_address": "hr@rocksolutions.co.tz",
        "from_name": "HR Department",
        "to_addresses": [
            {
                "name": "System Administrator",
                "email": "system.administrator@rocksolutions.co.tz"
            }
        ],
        "cc_addresses": [],
        "bcc_addresses": [],
        "subject": "Leave policy update",
        "body_html": "<p>Please review the updated leave policy document.</p>",
        "body_text": "Please review the updated leave policy document.",
        "is_read": true,
        "is_starred": false,
        "is_deleted": false,
        "folder": "INBOX",
        "thread_id": null,
        "has_attachments": false,
        "received_at": "2026-06-11T02:25:31.108Z",
        "linked_customer_id": null,
        "linked_supplier_id": null,
        "labels": []
    }
},
{
    "model": "email_client.emailmessage",
    "pk": 4,
    "fields": {
        "created_at": "2026-06-11T12:25:31.153Z",
        "updated_at": "2026-06-11T12:25:31.153Z",
        "is_active": true,
        "email_account": 1,
        "message_id": "draft-1781180731.108984",
        "direction": "OUTBOUND",
        "from_address": "system.administrator@rocksolutions.co.tz",
        "from_name": "System Administrator",
        "to_addresses": [
            {
                "name": "Client",
                "email": "client@example.co.tz"
            }
        ],
        "cc_addresses": [],
        "bcc_addresses": [],
        "subject": "Draft: Follow up with client",
        "body_html": "<p>Dear client,</p>",
        "body_text": "Dear client,",
        "is_read": false,
        "is_starred": false,
        "is_deleted": false,
        "folder": "DRAFT",
        "thread_id": null,
        "has_attachments": false,
        "received_at": "2026-06-11T12:25:31.108Z",
        "linked_customer_id": null,
        "linked_supplier_id": null,
        "labels": []
    }
},
{
    "model": "email_client.emailattachment",
    "pk": 1,
    "fields": {
        "created_at": "2026-06-11T12:25:31.120Z",
        "updated_at": "2026-06-11T12:25:31.120Z",
        "is_active": true,
        "email": 1,
        "file_name": "document.pdf",
        "file_path": "/media/email/document.pdf",
        "file_size": 245000,
        "file_type": "pdf",
        "content_type": "application/pdf"
    }
},
{
    "model": "email_client.emailattachment",
    "pk": 2,
    "fields": {
        "created_at": "2026-06-11T12:25:31.146Z",
        "updated_at": "2026-06-11T12:25:31.146Z",
        "is_active": true,
        "email": 2,
        "file_name": "document.pdf",
        "file_path": "/media/email/document.pdf",
        "file_size": 245000,
        "file_type": "pdf",
        "content_type": "application/pdf"
    }
}
]
